ID,avg_heart_rate,avg_speed,max_heart_rate,max_speed,nec_lat,nec_long,num_laps,sport,start_position_lat,start_position_long,start_time,sub_sport,swc_lat,swc_long,TimeMinutes,total_descent,total_distance,total_elapsed_time,total_timer_time,date,time
2020-07-02T11:55:48Z,148,2.988,199,3.574,44.985886635258794,-93.20108067244291,2,running,44.98473269864917,-93.20112006738782,2020-07-02T11:44:29Z,generic,44.98348974622786,-93.2023243792355,10.9783833333333,66,1968.18,658.703,658.703,2020-07-02,11:55:48
2020-07-02T12:30:15Z,164,3.504,199,6.018,44.98595042154193,-93.2011247612536,25,running,44.98465759679675,-93.20214383304119,2020-07-02T12:02:07Z,generic,44.98430069535971,-93.20237576030195,28.00525,120,5888.57,1680.315,1680.315,2020-07-02,12:30:15
2020-07-02T12:51:42Z,154,2.095,199,7.465,44.986465740948915,-93.19239735603333,7,running,44.98552931472659,-93.20124244317412,2020-07-02T12:37:12Z,generic,44.98417865484953,-93.20134763605893,14.3231833333333,64,1800.74,863.221,859.391,2020-07-02,12:51:42
2020-07-04T11:53:22Z,158,3.284,199,3.994,45.18911107443273,-93.05605304427445,17,running,45.185548262670636,-93.13743218779564,2020-07-04T09:31:33Z,generic,45.14207677915692,-93.1636068597436,136.919683333333,527,26977.1,8501.946,8215.181,2020-07-04,11:53:22
2020-07-05T21:46:23Z,134,3.124,199,5.272,44.98641259968281,-93.18758295848966,7,running,44.98641259968281,-93.18762084469199,2020-07-05T21:16:20Z,generic,44.97550807893276,-93.20239461958408,29.8274,214,5590.58,1789.644,1789.644,2020-07-05,21:46:23
2020-07-06T18:39:15Z,134,3.287,199,3.984,45.169113697484136,-93.12795233912766,2,running,45.16911185346544,-93.12968336977065,2020-07-06T18:07:35Z,generic,45.168454963713884,-93.13034838996828,12.615,46,2487.71,1896.859,756.9,2020-07-06,18:39:15
2020-07-06T18:52:42Z,167,4.616,199,6.084,45.16916281543672,-93.12814244069159,7,running,45.16908712685108,-93.12991010025144,2020-07-06T18:40:25Z,generic,45.16843602061272,-93.1304509844631,11.2837833333333,21,3124.82,677.027,677.027,2020-07-06,18:52:42
2020-07-06T19:16:23Z,140,2.406,199,7.912,45.16916717402637,-93.12814160250127,4,running,45.16852671280503,-93.12990389764309,2020-07-06T19:00:35Z,generic,45.16850198619068,-93.13036473467946,9.19806666666667,17,1327.68,803.183,551.884,2020-07-06,19:16:23
2020-07-07T18:14:44Z,133,3.247,199,4.74,44.99159747734666,-93.18700393661857,2,running,44.98697645030916,-93.18757466040552,2020-07-07T18:03:05Z,generic,44.98697645030916,-93.19394314661622,8.43355,79,1643.07,506.013,506.013,2020-07-07,18:14:44
2020-07-07T18:36:26Z,128,2.614,199,8.818,44.99049274250865,-93.18738472647965,16,running,44.98928063549101,-93.18763626739383,2020-07-07T18:15:20Z,generic,44.98919832520187,-93.18938540294766,20.2601,61,3177.64,1215.606,1215.606,2020-07-07,18:36:26
2020-07-08T05:49:51Z,137,3.108,199,4.106,44.987299824133515,-93.18457687273622,3,running,44.98640111647546,-93.18735346198082,2020-07-08T05:28:01Z,generic,44.9753715377301,-93.19436341524124,21.5977833333333,106,4027.41,1295.867,1295.867,2020-07-08,05:49:51
2020-07-08T17:57:14Z,147,3.278,199,4.787,44.986534556373954,-93.17702016793191,6,running,44.986534556373954,-93.18711466155946,2020-07-08T17:14:49Z,generic,44.96572086587548,-93.20111596025527,41.9350666666667,276,8247.45,2528.766,2516.104,2020-07-08,17:57:14
2020-07-09T05:02:45Z,132,3.062,199,3.518,44.989315420389175,-93.1874480098486,2,running,44.98644185252488,-93.1874480098486,2020-07-09T04:47:31Z,generic,44.98247712850571,-93.20119357667863,14.5825166666667,155,2679.05,874.951,874.951,2020-07-09,05:02:45
2020-07-09T05:38:43Z,152,3.308,199,6.942,44.98594799079001,-93.20118251256645,13,running,44.98433933593333,-93.20128326304257,2020-07-09T05:07:34Z,generic,44.984330451115966,-93.20226159878075,30.9380666666667,179,6140.63,1856.284,1856.284,2020-07-09,05:38:43
2020-07-09T05:59:27Z,150,2.589,199,3.144,44.98640916310251,-93.18779619410634,1,running,44.9853596650064,-93.20103029720485,2020-07-09T05:42:09Z,generic,44.9853596650064,-93.20104437880218,7.59078333333333,25,1179.19,455.447,455.447,2020-07-09,05:59:27
2020-07-10T10:50:32Z,147,3.342,199,3.984,44.99160342849791,-93.18697501905262,8,running,44.98642542399466,-93.1873338483274,2020-07-10T09:52:28Z,generic,44.96410869061947,-93.2334949169308,57.4110333333333,365,11511.32,3474.427,3444.662,2020-07-10,10:50:32
2020-07-11T12:31:49Z,153,3.462,199,4.479,45.00655112788081,-93.1059882324189,16,running,44.9864112585783,-93.18727006204426,2020-07-11T10:41:04Z,generic,44.97570329345763,-93.18894250318408,101.46765,410,21078.92,6618.094,6088.059,2020-07-11,12:31:49
2020-07-12T20:24:22Z,138,3.445,199,6.709,44.98637999407947,-93.18761774338782,7,running,44.98633272014558,-93.18768915720284,2020-07-12T19:50:35Z,generic,44.97557245194912,-93.20256946608424,28.7432666666667,196,5940.8,1810.156,1724.596,2020-07-12,20:24:22
2020-07-13T07:36:38Z,101,1.173,199,6.83,44.988693818449974,-93.18546761758626,4,running,44.98859533108771,-93.18558228202164,2020-07-13T07:31:50Z,generic,44.98848611488938,-93.18652264773846,4.64235,16,326.79,278.541,278.541,2020-07-13,07:36:38
2020-07-13T07:58:34Z,146,3.297,199,4.479,44.990579914301634,-93.18726394325495,3,running,44.989193798974156,-93.18745379336178,2020-07-13T07:38:06Z,generic,44.986483845859766,-93.18953258916736,20.35045,84,4026.26,1221.027,1221.027,2020-07-13,07:58:34
2020-07-13T19:30:17Z,132,3.423,199,4.189,45.16922861337662,-93.1281887087971,3,running,45.16911688260734,-93.12865658663213,2020-07-13T19:12:10Z,generic,45.16846317797899,-93.13039692118764,16.7896166666667,46,3447.97,1007.377,1007.377,2020-07-13,19:30:17
2020-07-13T20:30:54Z,146,3.065,199,8.696,45.16919936053455,-93.12818359583616,18,running,45.16919936053455,-93.1299567874521,2020-07-13T19:39:21Z,generic,45.16847759485245,-93.1304073985666,41.8750166666667,118,7699.72,2512.501,2512.501,2020-07-13,20:30:54
2020-07-13T20:46:27Z,143,2.833,199,3.014,45.169149320572615,-93.12819491140544,2,running,45.16910414211452,-93.12860294245183,2020-07-13T20:31:02Z,generic,45.16850709915161,-93.13035107217729,14.2896166666667,19,2429.08,857.377,857.377,2020-07-13,20:46:27
2020-07-14T11:35:04Z,139,3.381,199,8.342,44.98719546943903,-93.18078137934208,6,running,44.9864337220788,-93.1875941902399,2020-07-14T10:57:14Z,generic,44.975357204675674,-93.20250576362014,30.9806,161,6285.41,2260.498,1858.836,2020-07-14,11:35:04
2020-07-15T12:30:06Z,143,3.612,199,4.04,44.986389549449086,-93.18792334757745,5,running,44.986389549449086,-93.18792334757745,2020-07-15T11:55:56Z,generic,44.96429359540343,-93.20130187086761,33.73735,210,7311.44,2040.265,2024.241,2020-07-15,12:30:06
2020-07-15T12:45:01Z,139,2.525,199,9.321,44.98643514700234,-93.18785520270467,6,running,44.98466304503381,-93.20131880231202,2020-07-15T12:33:18Z,generic,44.98462105169892,-93.20134369656444,11.4385666666667,66,1733.21,696.629,686.314,2020-07-15,12:45:01
2020-07-16T12:18:35Z,115,1.066,199,7.782,44.985727882012725,-93.20112325251102,6,running,44.9846637994051,-93.20120707154274,2020-07-16T12:05:32Z,generic,44.98430513776839,-93.20133430883288,11.1239,16,711.63,667.434,667.434,2020-07-16,12:18:35
2020-07-16T19:38:56Z,138,3.276,199,3.527,44.98642978258431,-93.18775922991335,3,running,44.98641964048147,-93.18775922991335,2020-07-16T19:17:34Z,generic,44.98344657942653,-93.20237542502582,20.4824833333333,125,4026.19,1228.949,1228.949,2020-07-16,19:38:56
2020-07-16T20:25:38Z,162,3.697,199,6.849,44.98594866134226,-93.20123003795743,56,running,44.98559511266649,-93.20215095765889,2020-07-16T19:47:54Z,generic,44.98433564789593,-93.20223058573902,34.8472,174,7729.29,2255.148,2090.832,2020-07-16,20:25:38
2020-07-16T22:49:30Z,150,2.646,199,2.967,44.9863457120955,-93.18781664595008,1,running,44.986266838386655,-93.20042403414845,2020-07-16T20:31:39Z,generic,44.98297878541052,-93.20042403414845,9.54865,35,1515.72,572.919,572.919,2020-07-16,22:49:30
2020-07-17T10:03:38Z,143,3.189,199,4.292,45.10436458513141,-93.03769919089973,4,running,45.101906256750226,-93.03769919089973,2020-07-17T08:09:50Z,generic,45.094119887799025,-93.04989544674754,26.3082,126,5034.08,1584.442,1578.492,2020-07-17,10:03:38
2020-07-18T09:13:58Z,136,3.452,199,4.376,44.99160200357437,-93.18720853887498,4,running,44.9863766413182,-93.18728959187865,2020-07-17T20:53:37Z,generic,44.9863766413182,-93.19234488531947,25.2223166666667,113,5224.33,1547.529,1513.339,2020-07-18,09:13:58
2020-07-18T11:40:59Z,128,3.301,199,6.709,44.988087974488735,-93.18821855820715,7,running,44.986014207825065,-93.18821855820715,2020-07-18T11:15:25Z,generic,44.98532596975565,-93.2012437004596,8.54618333333333,71,1692.79,1246.239,512.771,2020-07-18,11:40:59
2020-07-18T12:09:08Z,160,3.868,199,6.121,44.985916558653116,-93.20094211958349,21,running,44.9847155995667,-93.20128695107996,2020-07-18T11:41:19Z,generic,44.98241996392608,-93.20245832204819,27.5141166666667,110,6386.1,1663.458,1650.847,2020-07-18,12:09:08
2020-07-18T12:32:16Z,148,2.397,199,9.34,44.98625284060836,-93.20087363943458,5,running,44.98322621919215,-93.20100255310535,2020-07-18T12:09:34Z,generic,44.98238828033209,-93.20243015885353,9.70618333333333,45,1395.8,1322.914,582.371,2020-07-18,12:32:16
2020-07-19T09:53:06Z,148,3.55,199,4.18,45.19308552145958,-93.13755724579096,10,running,45.18552043475211,-93.13755976036191,2020-07-19T08:42:51Z,generic,45.182855911552906,-93.18987138569355,69.7729833333333,216,14862.65,4206.773,4186.379,2020-07-19,09:53:06
2020-07-20T19:15:52Z,140,3.268,199,3.48,45.16916231252253,-93.12818259000778,3,running,45.16916231252253,-93.12847612425685,2020-07-20T18:51:28Z,generic,45.168459825217724,-93.1303867790848,20.0165833333333,52,3925.08,1200.995,1200.995,2020-07-20,19:15:52
2020-07-20T20:04:17Z,159,4.286,199,7.25,45.169169856235385,-93.12815350480378,16,running,45.16909425146878,-93.129938011989,2020-07-20T19:20:10Z,generic,45.16844691708684,-93.13040303997695,25.0416333333333,100,6439.22,2622.333,1502.498,2020-07-20,20:04:17
2020-07-20T20:17:34Z,133,2.895,199,3.154,45.169186955317855,-93.12819298356771,1,running,45.169186955317855,-93.12838316895068,2020-07-20T20:10:03Z,generic,45.168474493548274,-93.1303640641272,4.46436666666667,17,775.41,364.347,267.862,2020-07-20,20:17:34
2020-07-21T09:17:47Z,141,3.337,199,4.245,44.98647881671786,-93.18075941875577,4,running,44.98636054806411,-93.18775646388531,2020-07-21T08:36:46Z,generic,44.975584940984845,-93.20260299369693,30.6297666666667,180,6132.48,1840.987,1837.786,2020-07-21,09:17:47
2020-07-21T18:40:20Z,135,3.431,199,3.928,45.00607310794294,-93.16688971593976,5,running,44.98654813505709,-93.18715590052307,2020-07-21T18:03:13Z,generic,44.98654813505709,-93.18729830905795,36.34805,104,7482.55,2209.507,2180.883,2020-07-21,18:40:20
2020-07-22T21:09:08Z,150,3.933,199,4.675,45.195742500945926,-93.13750611618161,12,running,45.18554013222456,-93.13750611618161,2020-07-22T19:50:26Z,generic,45.16749858856201,-93.20101981982589,78.4329,324,18510.51,4710.594,4705.974,2020-07-22,21:09:08
2020-07-22T21:24:45Z,143,3.456,199,3.751,45.1855690497905,-93.1328269187361,2,running,45.1775012165308,-93.14046015031636,2020-07-22T21:10:40Z,generic,45.17290332354605,-93.14046015031636,13.8047833333333,40,2862.97,828.287,828.287,2020-07-22,21:24:45
2020-07-23T16:51:59Z,144,3.586,199,4.208,45.18622677773237,-93.12827965244651,4,running,45.18550886772573,-93.13756177201867,2020-07-23T16:23:00Z,generic,45.17280701547861,-93.14041027799249,28.7873333333333,173,6194.2,1727.24,1727.24,2020-07-23,16:51:59
2020-07-24T16:20:23Z,100,0,195,65.535,179.99999991618097,179.99999991618097,5,generic,179.99999991618097,179.99999991618097,2020-07-24T15:38:59Z,generic,179.99999991618097,179.99999991618097,37.5801166666667,65535,0,2254.807,2254.807,2020-07-24,16:20:23
2020-07-24T17:18:21Z,142,3.194,199,3.574,44.98709815554321,-93.17915436811745,3,running,44.98637471348047,-93.18763945251703,2020-07-24T16:56:36Z,generic,44.97629170306027,-93.18900134414434,20.55205,116,3939.11,1233.123,1233.123,2020-07-24,17:18:21
2020-07-25T20:02:17Z,142,3.435,199,4.227,44.98649884946644,-93.18795243278146,3,running,44.98649884946644,-93.18818025290966,2020-07-25T19:42:35Z,generic,44.98431360349059,-93.20223310030997,19.5926333333333,154,4038.48,1175.558,1175.558,2020-07-25,20:02:17
2020-07-25T20:45:50Z,153,3.498,199,6.951,44.98590222559869,-93.20122081786394,17,running,44.98464468866587,-93.20215623825788,2020-07-25T20:11:30Z,generic,44.98432961292565,-93.20224726572633,34.1497166666667,164,7166.73,2048.983,2048.983,2020-07-25,20:45:50
2020-07-25T21:01:33Z,153,2.639,199,3.107,44.986394327133894,-93.18798973225057,1,running,44.98466581106186,-93.20097388699651,2020-07-25T20:51:19Z,generic,44.98466581106186,-93.2010637409985,7.76685,13,1229.83,466.011,466.011,2020-07-25,21:01:33
2020-07-26T12:04:37Z,138,3.318,199,5.412,44.989276360720396,-93.1807460077107,5,running,44.986388040706515,-93.18791152909398,2020-07-26T08:35:08Z,generic,44.975516041740775,-93.20243795402348,32.6613833333333,190,6502.37,1959.683,1959.683,2020-07-26,12:04:37
2020-07-27T09:42:27Z,139,3.383,199,3.863,179.99999991618097,179.99999991618097,4,running,179.99999991618097,179.99999991618097,2020-07-26T09:13:39Z,generic,179.99999991618097,179.99999991618097,23.85675,65535,4842.51,1455.986,1431.405,2020-07-27,09:42:27
2020-07-27T10:31:20Z,161,4.169,199,7.371,44.98598520644009,-93.2011157926172,18,running,44.984670002013445,-93.20212564431131,2020-07-27T09:48:22Z,generic,44.984332881867886,-93.20223938673735,38.0868666666667,144,9528.01,2572.2,2285.212,2020-07-27,10:31:20
2020-07-27T11:00:50Z,150,2.919,199,3.023,44.98645911924541,-93.18770181387663,1,running,44.984536562114954,-93.19806226529181,2020-07-27T10:36:02Z,generic,44.98294986784458,-93.19806226529181,6.82411666666667,41,1195.14,409.447,409.447,2020-07-27,11:00:50
2020-07-28T09:33:42Z,143,3.35,199,4.236,44.991819681599736,-93.16175060346723,5,running,44.986476972699165,-93.18775730207562,2020-07-28T08:50:42Z,generic,44.97621266171336,-93.18881249986589,37.3852166666667,146,7514.79,2251.953,2243.113,2020-07-28,09:33:42
2020-07-28T21:33:29Z,134,3.253,199,4.488,44.99073280021548,-93.1870042718947,2,running,44.98638862743974,-93.18755831569433,2020-07-28T21:17:29Z,generic,44.98638862743974,-93.18950459361076,13.5977166666667,55,2653.74,815.863,815.863,2020-07-28,21:33:29
2020-07-29T11:42:47Z,148,3.526,199,5.776,45.00656328164041,-93.10595436953008,15,running,44.98641176149249,-93.1876496784389,2020-07-29T09:52:17Z,generic,44.975198451429605,-93.20243728347123,106.498366666667,424,22533.09,6601.505,6389.902,2020-07-29,11:42:47
2020-07-30T08:42:48Z,136,3.267,199,3.732,44.98931366018951,-93.18779736757278,4,running,44.986415868625045,-93.18779736757278,2020-07-30T08:10:58Z,generic,44.97555635869503,-93.20243451744318,31.53905,229,6183.03,1900.69,1892.343,2020-07-30,08:42:48
2020-07-31T19:30:19Z,149,3.532,199,6.392,45.172808691859245,-93.12211459502578,12,running,45.168984197080135,-93.13058836385608,2020-07-31T18:19:09Z,generic,45.167520213872194,-93.13142177648842,37.4427833333333,121,7934.1,2981.681,2246.567,2020-07-31,19:30:19
2020-07-31T20:26:46Z,150,3.348,199,3.611,45.172747084870934,-93.12216270714998,4,running,45.16977452673018,-93.12654593959451,2020-07-31T19:33:12Z,generic,45.16300018876791,-93.13811740837991,27.8724666666667,79,5598.5,1678.488,1672.348,2020-07-31,20:26:46
2020-08-01T11:26:26Z,141,3.364,199,6.634,44.98624722473323,-93.18788529373705,11,running,44.986011274158955,-93.18855752237141,2020-08-01T11:11:53Z,generic,44.982611909508705,-93.19433709606528,11.9647333333333,79,2415.14,788.513,717.884,2020-08-01,11:26:26
2020-08-03T17:23:48Z,130,3.339,199,3.826,45.16935777850449,-93.12638659961522,2,running,45.169181590899825,-93.1298949290067,2020-08-03T17:09:20Z,generic,45.16850165091455,-93.13035023398697,13.2036666666667,48,2645.02,860.718,792.22,2020-08-03,17:23:48
2020-08-03T18:10:16Z,134,2.238,199,9.172,45.16922584734857,-93.12819281592965,11,running,45.16910397447646,-93.13002526760101,2020-08-03T17:51:57Z,generic,45.16848907805979,-93.13040697947145,17.4386333333333,36,2341.34,1086.222,1046.318,2020-08-03,18:10:16
2020-08-03T18:32:53Z,148,3.06,199,3.48,45.16916331835091,-93.12820304185152,2,running,45.169094838202,-93.1299676001072,2020-08-03T18:18:24Z,generic,45.168461333960295,-93.13039516098797,12.5489666666667,46,2304.03,761.555,752.938,2020-08-03,18:32:53
2020-08-04T20:14:07Z,139,3.062,199,3.658,44.989377027377486,-93.18791940808296,3,running,44.986490132287145,-93.18792510777712,2020-08-04T19:48:19Z,generic,44.97880904003978,-93.20255555212498,23.1171166666667,163,4247.01,1408.934,1387.027,2020-08-04,20:14:07
2020-08-05T21:43:08Z,140,3.294,199,6.466,44.98643581755459,-93.18733510561287,9,running,44.98643581755459,-93.1874128896743,2020-08-05T20:35:12Z,generic,44.96432184241712,-93.2334925699979,62.8399,265,12418.91,4068.266,3770.394,2020-08-05,21:43:08
2020-08-07T20:49:00Z,142,3.23,199,6.802,45.19267036579549,-93.12253402546048,5,running,45.18480537459254,-93.13881419599056,2020-08-07T20:11:19Z,generic,45.18225031904876,-93.14017441123724,27.1856666666667,92,5268.22,2155.454,1631.14,2020-08-07,20:49:00
2020-08-08T11:14:25Z,147,3.391,199,8.118,45.19298351369798,-93.10366686433554,7,running,45.18549579195678,-93.13762069679797,2020-08-08T10:18:15Z,generic,45.182015877217054,-93.14023266546428,41.0969666666667,145,8361.78,2971.957,2465.818,2020-08-08,11:14:25
2020-08-09T10:37:10Z,148,3.533,199,6.615,45.186200542375445,-93.11190627515316,12,running,45.18556645140052,-93.13756420277059,2020-08-09T09:07:30Z,generic,45.152860349044204,-93.15768747590482,84.71175,290,17958,5292.348,5082.705,2020-08-09,10:37:10
2020-08-09T21:09:03Z,132,3.132,199,8.78,45.18542479723692,-93.13752992078662,3,running,45.18541951663792,-93.13752992078662,2020-08-09T20:49:38Z,generic,45.18369988538325,-93.14021581783891,10.79525,34,2028.33,1148.4,647.715,2020-08-09,21:09:03
2020-08-10T12:36:41Z,141,3.487,199,9.172,45.189222637563944,-93.13288366422057,8,running,45.185455810278654,-93.13754777424037,2020-08-10T11:42:23Z,generic,45.16756690107286,-93.15792770124972,48.4251666666667,174,10131.31,3241.415,2905.51,2020-08-10,12:36:41
2020-08-11T10:13:01Z,148,3.273,199,3.564,45.16915979795158,-93.12814177013934,3,running,45.16913867555559,-93.1300188973546,2020-08-11T09:40:02Z,generic,45.16843568533659,-93.1304578576237,20.1162666666667,69,3950.86,1206.976,1206.976,2020-08-11,10:13:01
2020-08-11T11:01:48Z,91,3.517,199,7.194,45.16919458284974,-93.12815325334668,22,running,45.16909190453589,-93.1299105193466,2020-08-11T10:14:37Z,generic,45.168338706716895,-93.130411086604,37.8978833333333,145,7997.01,2686.742,2273.873,2020-08-11,11:01:48
2020-08-11T11:17:28Z,166,2.977,199,3.182,45.169226014986634,-93.12814059667289,2,running,45.16916558146477,-93.12994069419801,2020-08-11T11:05:15Z,generic,45.16843484714627,-93.13045995309949,9.04446666666667,17,1615.7,542.668,542.668,2020-08-11,11:17:28
2020-08-12T17:19:23Z,146,3.62,199,6.578,45.19269660115242,-93.1283322069794,16,running,45.18550098873675,-93.13757367432117,2020-08-12T16:16:15Z,generic,45.18203775398433,-93.14177258871496,53.359,171,11588.93,3759.104,3201.54,2020-08-12,17:19:23
2020-08-13T16:14:32Z,48,0,185,65.535,179.99999991618097,179.99999991618097,1,cycling,179.99999991618097,179.99999991618097,2020-08-13T16:13:48Z,indoor_cycling,179.99999991618097,179.99999991618097,0.376616666666667,0,0,22.597,22.597,2020-08-13,16:14:32
2020-08-13T21:23:47Z,140,2.903,199,7.334,179.99999991618097,179.99999991618097,9,running,179.99999991618097,179.99999991618097,2020-08-13T20:37:10Z,treadmill,179.99999991618097,179.99999991618097,41.4257,65535,7216.21,2780.631,2485.542,2020-08-13,21:23:47
2020-08-14T11:41:57Z,155,4.283,199,5.412,45.19158750772476,-93.13141104765236,9,running,45.18920696340501,-93.1516326405108,2020-08-14T10:18:30Z,generic,45.18371514044702,-93.2098057307303,30.03855,111,7719.25,4998.574,1802.313,2020-08-14,11:41:57
2020-08-15T18:22:41Z,134,3.321,199,8.174,38.91324355266988,-92.30392249301076,4,running,38.90821977518499,-92.30398125015199,2020-08-15T18:00:23Z,generic,38.90762608498335,-92.31350661255419,20.3753666666667,52,4059.48,1326.33,1222.522,2020-08-15,18:22:41
2020-08-16T21:20:21Z,116,5,185,7.418,45.19278653897345,-93.12825844623148,1,cycling,45.18669021315873,-93.13998623751104,2020-08-16T20:53:31Z,generic,45.18193272873759,-93.14259292557836,24.7562833333333,81,7427.36,1529.998,1485.377,2020-08-16,21:20:21
2020-08-17T09:21:40Z,96,0,195,65.535,179.99999991618097,179.99999991618097,4,generic,179.99999991618097,179.99999991618097,2020-08-17T08:57:01Z,generic,179.99999991618097,179.99999991618097,22.0304333333333,65535,0,1321.826,1321.826,2020-08-17,09:21:40
2020-08-17T19:49:38Z,131,3.302,199,3.751,45.16916482709348,-93.12823388725519,3,running,45.16910028643906,-93.13000104390085,2020-08-17T19:29:43Z,generic,45.16846150159836,-93.13043715432286,17.0115,44,3370.26,1020.69,1020.69,2020-08-17,19:49:38
2020-08-17T20:22:26Z,159,4.342,199,6.112,45.169188464060426,-93.12817881815135,12,running,45.16908201389015,-93.12994823791087,2020-08-17T19:59:03Z,generic,45.168460831046104,-93.13045039772987,22.5937333333333,99,5886.07,1355.624,1355.624,2020-08-17,20:22:26
2020-08-17T21:41:16Z,143,2.979,199,3.331,45.1689772401005,-93.1248507834971,4,running,45.1689584646374,-93.1259330548346,2020-08-17T20:59:10Z,generic,45.1566113345325,-93.14283298328519,31.0995,85,5558.15,1865.97,1865.97,2020-08-17,21:41:16
2020-08-18T13:47:00Z,-1,-1,-1,-1,-8.381903171539307e-8,-8.381903171539307e-8,-1,-1,-8.381903171539307e-8,-8.381903171539307e-8,NA,-1,-8.381903171539307e-8,-8.381903171539307e-8,-1,-1,-1,-1,3120,2020-08-18,13:47:00
2020-08-19T09:28:00Z,-1,-1,-1,-1,-8.381903171539307e-8,-8.381903171539307e-8,-1,-1,-8.381903171539307e-8,-8.381903171539307e-8,NA,-1,-8.381903171539307e-8,-8.381903171539307e-8,-1,-1,-1,-1,3480,2020-08-19,09:28:00
2020-08-20T10:48:51Z,156,3.422,199,5.701,45.01357608474791,-93.11610711738467,23,running,45.01348338089883,-93.1527518760413,2020-08-20T08:25:00Z,generic,45.00183144584298,-93.153015403077,63.9621666666667,323,13132.42,4126.948,3837.73,2020-08-20,10:48:51
2020-08-21T08:47:16Z,139,3.055,199,4.768,45.10439157485962,-93.03835331462324,3,running,45.10189133696258,-93.03835331462324,2020-08-21T08:15:06Z,generic,45.0942091550678,-93.04988119751215,20.49545,93,3757.4,1243.485,1229.727,2020-08-21,08:47:16
2020-08-21T19:14:48Z,117,3.153,199,4.199,45.16916658729315,-93.12820304185152,1,running,45.169150745496154,-93.13001470640302,2020-08-21T18:17:11Z,generic,45.16847424209118,-93.13040153123438,6.74265,14,1275.4,2384.158,404.559,2020-08-21,19:14:48
2020-08-21T19:58:51Z,130,2.972,199,3.2,45.16902090981603,-93.12451349571347,2,running,45.16825773753226,-93.12451349571347,2020-08-21T19:41:04Z,generic,45.167374117299914,-93.13810877501965,13.3899166666667,18,2387.66,803.395,803.395,2020-08-21,19:58:51
2020-08-22T09:25:03Z,152,3.579,199,4.022,45.023922538384795,-93.07622719556093,10,running,45.01348262652755,-93.15267199650407,2020-08-22T08:11:16Z,generic,45.00601879321039,-93.1531692110002,71.4568833333333,265,15346.04,4414.913,4287.413,2020-08-22,09:25:03
2020-08-25T08:27:21Z,147,3.262,199,3.882,45.18614698201418,-93.12819734215736,3,running,45.18608596175909,-93.12941540032625,2020-08-24T20:34:23Z,generic,45.17653017304838,-93.13802411779761,16.4923166666667,49,3227.93,989.539,989.539,2020-08-25,08:27:21
2020-08-25T09:12:09Z,148,2.938,199,3.994,45.01632107421756,-93.14937145449221,5,running,45.013626124709845,-93.15439011901617,2020-08-25T08:29:14Z,generic,45.01358128152788,-93.15533643588424,42.5527166666667,178,7501.01,2556.102,2553.163,2020-08-25,09:12:09
2020-08-26T10:40:19Z,143,3.095,199,3.714,45.02830778248608,-93.13700144179165,4,running,45.013497630134225,-93.15272974781692,2020-08-26T08:22:35Z,generic,45.01319403760135,-93.15316384658217,31.44715,114,5840.54,2466.157,1886.829,2020-08-26,10:40:19
2020-08-27T09:39:14Z,157,4.044,199,5.402,45.0135091971606,-93.15079445019364,8,running,45.01347625628114,-93.15436396747828,2020-08-27T08:26:47Z,generic,44.99175421893597,-93.19741400890052,49.24515,170,11947.37,3120.796,2954.709,2020-08-27,09:39:14
2020-08-28T10:29:01Z,142,3.438,199,4.133,45.15194219537079,-93.37445723824203,2,running,45.150625398382545,-93.37582977488637,2020-08-28T10:10:14Z,generic,45.148429004475474,-93.38110936805606,15.05,56,3104.5,903,903,2020-08-28,10:29:01
2020-08-30T20:32:46Z,140,3.318,199,3.676,45.18613231368363,-93.12831577844918,4,running,45.18558941781521,-93.137546768412,2020-08-30T19:49:26Z,generic,45.17281615175307,-93.14037297852337,32.3091666666667,114,6431.5,1938.55,1938.55,2020-08-30,20:32:46
2020-09-01T15:36:53Z,120,2.862,199,3.564,45.030321115627885,-93.1568179372698,1,running,45.01391923986375,-93.15683755092323,2020-09-01T15:23:24Z,generic,45.01391923986375,-93.1571271456778,8.643,20,1484.03,675.877,518.58,2020-09-01,15:36:53
2020-09-01T16:21:33Z,113,2.189,185,3.648,45.02948435023427,-93.1532868091017,1,cycling,45.02948435023427,-93.15691709518433,2020-09-01T16:05:00Z,generic,45.01306495629251,-93.15691868774593,15.7014833333333,40,2061.82,942.089,942.089,2020-09-01,16:21:33
2020-09-01T18:56:53Z,138,3.528,199,4.544,45.16928351484239,-93.128177896142,1,running,45.16902384348214,-93.12837252393365,2020-09-01T18:45:48Z,generic,45.168486228212714,-93.13043053261936,8.30291666666667,20,1757.37,560.763,498.175,2020-09-01,18:56:53
2020-09-01T20:13:50Z,167,4.472,199,5.738,45.16917119733989,-93.12820572406054,15,running,45.16912174411118,-93.12874057330191,2020-09-01T19:09:25Z,generic,45.1684695482254,-93.13043639995158,63.16715,215,16949.36,3790.029,3790.029,2020-09-01,20:13:50
2020-09-02T15:57:11Z,144,3.388,199,4.451,45.014534974470735,-93.1239474657923,1,running,45.01347332261503,-93.15264995209873,2020-09-02T15:28:08Z,generic,45.01301298849285,-93.15303342416883,23.3499833333333,79,4746.88,1482.725,1400.999,2020-09-02,15:57:11
2020-09-06T08:37:42Z,145,3.076,199,6.774,38.91326836310327,-92.29956918396056,4,running,38.90823628753424,-92.30382266454399,2020-09-06T08:06:59Z,generic,38.90811659395695,-92.31169042177498,27.3948666666667,108,5056.4,1799.39,1643.692,2020-09-06,08:37:42
2020-09-08T07:12:48Z,140,3.468,199,7.521,44.98698240146041,-93.23040350340307,2,running,44.98522957786918,-93.23364889249206,2020-09-08T06:39:36Z,generic,44.97786615975201,-93.24189090169966,26.4013,183,5494.15,1792.37,1584.078,2020-09-08,07:12:48
2020-09-08T16:18:40Z,95,4.047,185,8.118,45.03469889983535,-93.11473776586354,6,cycling,45.01353409141302,-93.15270368009806,2020-09-08T15:30:18Z,generic,45.0134193431586,-93.15270368009806,41.65615,161,10114.69,2632.022,2499.369,2020-09-08,16:18:40
2020-09-09T16:44:40Z,152,3.651,199,4.152,45.023891273885965,-93.09020024724305,5,running,45.01313427463174,-93.1529416423291,2020-09-09T15:18:26Z,generic,45.01258752308786,-93.15519620664418,58.6709666666667,220,12850.94,3766.617,3520.258,2020-09-09,16:44:40
2020-09-10T16:18:00Z,146,3.636,199,7.39,45.03376456908882,-93.1332376319915,8,running,45.01346753910184,-93.15277140587568,2020-09-10T15:30:13Z,generic,45.0132916867733,-93.1569046061486,45.4205666666667,203,9909.67,2859.943,2725.234,2020-09-10,16:18:00
2020-09-11T19:17:38Z,138,3.308,199,3.947,44.969208324328065,-93.28877591527998,11,running,44.96276691555977,-93.3038573898375,2020-09-11T17:47:42Z,generic,44.9367447104305,-93.31209931522608,89.1962166666667,316,17704.27,5378.26,5351.773,2020-09-11,19:17:38
2020-09-12T10:13:43Z,158,3.786,199,4.684,45.0568310637027,-93.12764950096607,12,running,45.01349846832454,-93.15279764123261,2020-09-12T08:21:22Z,generic,45.01304450444877,-93.17756566219032,72.381,295,16440.31,4470.583,4342.86,2020-09-12,10:13:43
2020-09-14T15:58:02Z,157,3.941,199,5.318,45.01350433565676,-93.15440587699413,6,running,45.01350433565676,-93.15440587699413,2020-09-14T15:32:08Z,generic,44.991810377687216,-93.18705364130437,23.9753666666667,54,5669.1,1526.151,1438.522,2020-09-14,15:58:02
2020-09-14T17:00:05Z,141,2.673,199,11.113,45.013456139713526,-93.15400530584157,17,running,44.99819319695234,-93.18544046021998,2020-09-14T16:02:16Z,generic,44.996346328407526,-93.19734158925712,42.5311666666667,100,6821.04,3356.05,2551.87,2020-09-14,17:00:05
2020-09-15T10:34:19Z,145,3.385,199,3.667,44.985360419377685,-93.22680347599089,2,running,44.98535723425448,-93.23375131934881,2020-09-15T08:56:45Z,generic,44.97854090295732,-93.23387905955315,15.0062,100,3047.5,900.372,900.372,2020-09-15,10:34:19
2020-09-15T16:16:36Z,140,3.368,199,4.684,45.013602152466774,-93.13083319924772,4,running,45.013573905453086,-93.15269077196717,2020-09-15T15:40:41Z,generic,44.99912861734629,-93.15299863927066,31.7646833333333,150,6418.87,2105.112,1905.881,2020-09-15,16:16:36
2020-09-16T16:25:30Z,155,3.67,199,6.205,44.988023517653346,-93.19793569855392,14,running,44.98522982932627,-93.23382088914514,2020-09-16T15:44:40Z,generic,44.9834219366312,-93.23393940925598,40.1949833333333,157,8850.3,2430.014,2411.699,2020-09-16,16:25:30
2020-09-17T16:21:11Z,148,3.704,199,6.252,45.03186598420143,-93.14670315943658,6,running,45.01347726210952,-93.1527149118483,2020-09-17T15:42:59Z,generic,45.013472232967615,-93.15711172297597,29.7376166666667,211,6608.51,1915.408,1784.257,2020-09-17,16:21:11
2020-09-18T08:14:17Z,154,3.54,199,7.185,44.9881225079298,-93.20105561055243,3,running,44.98534885235131,-93.23367613367736,2020-09-18T07:58:20Z,generic,44.98403733596206,-93.23398064821959,15.6047333333333,99,3314.18,936.284,936.284,2020-09-18,08:14:17
2020-09-18T09:19:00Z,144,3.201,199,8.211,44.98804774135351,-93.19316916167736,15,running,44.98613717034459,-93.20031029172242,2020-09-18T08:25:39Z,generic,44.976907102391124,-93.23380446061492,31.7397166666667,150,6096.52,3195.106,1904.383,2020-09-18,09:19:00
2020-09-19T09:43:52Z,149,3.678,199,4.133,45.061065685003996,-93.10854085721076,12,running,45.01345111057162,-93.15255884081125,2020-09-19T08:18:25Z,generic,45.013267463073134,-93.15255884081125,81.6510666666667,366,18020.28,4916.175,4899.064,2020-09-19,09:43:52
2020-09-21T16:56:51Z,151,3.71,199,6.345,45.01988044939935,-93.13853742554784,32,running,45.01345840282738,-93.15436145290732,2020-09-21T15:41:20Z,generic,45.006377790123224,-93.15666446462274,52.9362333333333,187,11782.2,4477.002,3176.174,2020-09-21,16:56:51
2020-09-22T16:25:19Z,141,3.502,199,4.059,44.985408363863826,-93.2303256355226,5,running,44.985408363863826,-93.23374209925532,2020-09-22T15:49:28Z,generic,44.97625423595309,-93.25875780545175,32.5685333333333,214,6843.7,1973.019,1954.112,2020-09-22,16:25:19
2020-09-23T19:30:42Z,143,3.381,199,6.102,44.988242369145155,-93.18729646503925,11,running,44.985302332788706,-93.2338414248079,2020-09-23T18:36:55Z,generic,44.97696250677109,-93.23402532376349,53.2378166666667,217,10799.13,3194.269,3194.269,2020-09-23,19:30:42
2020-09-24T16:41:35Z,146,3.578,199,7.315,45.01942288130522,-93.12633723020554,20,running,45.01348908059299,-93.15440487116575,2020-09-24T15:28:44Z,generic,45.01324617303908,-93.15529016777873,60.9052166666667,341,13075.58,4313.162,3654.313,2020-09-24,16:41:35
2020-09-25T07:02:31Z,132,3.079,199,3.844,44.991336297243834,-93.22703054174781,2,running,44.98523594811559,-93.23364076204598,2020-09-25T06:45:12Z,generic,44.983926359564066,-93.23390420526266,16.3421166666667,80,3019.25,980.527,980.527,2020-09-25,07:02:31
2020-09-25T18:13:53Z,139,3.378,199,9.219,44.988657692447305,-93.19417658261955,8,running,44.98778614215553,-93.19417658261955,2020-09-25T17:09:37Z,generic,44.98550416901708,-93.21901903487742,39.7219833333333,136,8050.16,3849.895,2383.319,2020-09-25,18:13:53
2020-09-26T08:46:13Z,145,3.613,199,4.031,44.9989484064281,-93.18553199060261,3,running,44.99872813001275,-93.18606206215918,2020-09-26T08:18:50Z,generic,44.991752626374364,-93.1974290125072,15.64505,51,3391.55,944.7,938.703,2020-09-26,08:46:13
2020-09-26T09:22:36Z,146,3.744,199,6.009,44.99868513084948,-93.18444645032287,13,running,44.99737931415439,-93.18654033355415,2020-09-26T08:47:34Z,generic,44.99634766951203,-93.18700075149536,25.88795,67,5814.8,1976.875,1553.277,2020-09-26,09:22:36
2020-09-26T09:39:03Z,96,3.603,199,4.255,45.00611032359302,-93.1770055834204,2,running,44.998766519129276,-93.18513066507876,2020-09-26T09:23:42Z,generic,44.998766519129276,-93.18707878701389,14.1693833333333,80,3063.54,850.163,850.163,2020-09-26,09:39:03
2020-09-29T15:56:53Z,151,3.609,199,7.455,45.01992663368583,-93.13855209387839,39,running,45.01347156241536,-93.1542675755918,2020-09-29T14:43:22Z,generic,45.00636010430753,-93.15667401999235,55.9921666666667,167,12123.96,4353.952,3359.53,2020-09-29,15:56:53
2020-09-30T21:36:42Z,140,3.487,199,4.133,44.99143243767321,-93.22707706131041,3,running,44.98542512767017,-93.23376389220357,2020-09-30T16:12:58Z,generic,44.983957624062896,-93.23394083417952,16.3721333333333,113,3424.9,984.547,982.328,2020-09-30,21:36:42
2020-10-01T16:07:32Z,156,3.742,199,6.494,45.019359262660146,-93.12629607506096,14,running,45.013454211875796,-93.15439539961517,2020-10-01T15:02:02Z,generic,45.013324124738574,-93.1553368549794,44.7618,154,10049.76,3800.896,2685.708,2020-10-01,16:07:32
2020-10-02T17:49:22Z,140,3.262,199,4.133,44.98776962980628,-93.2270429469645,2,running,44.98521558009088,-93.23375375010073,2020-10-02T17:35:48Z,generic,44.98395485803485,-93.23444810695946,12.6369666666667,88,2473.15,761.572,758.218,2020-10-02,17:49:22
2020-10-03T08:10:41Z,155,3.633,199,4.171,45.019887406378984,-93.12642389908433,9,running,45.01307803206146,-93.1534115318209,2020-10-03T07:02:54Z,generic,45.01286085695028,-93.15607404336333,55.3572333333333,227,12067.17,4052.454,3321.434,2020-10-03,08:10:41
2020-10-04T18:08:40Z,140,3.288,199,6.83,44.98961574397981,-93.19819629192352,8,running,44.985239300876856,-93.23381326161325,2020-10-04T17:06:39Z,generic,44.97878967784345,-93.23402121663094,44.9004666666667,168,8858.27,3702.67,2694.028,2020-10-04,18:08:40
2020-10-05T18:31:34Z,143,3.502,199,3.994,44.985265703871846,-93.19949959404767,8,running,44.985265703871846,-93.23369826190174,2020-10-05T17:33:04Z,generic,44.948460599407554,-93.23447006754577,56.0422833333333,247,11774.94,3382.597,3362.537,2020-10-05,18:31:34
2020-10-06T16:08:56Z,147,3.713,199,14.173,45.03183765336871,-93.14668740145862,7,running,45.01344817690551,-93.15266386605799,2020-10-06T15:38:09Z,generic,45.01333954744041,-93.15694509074092,27.0182166666667,113,6018.98,1825.573,1621.093,2020-10-06,16:08:56
2020-10-07T20:02:16Z,149,3.572,199,4.572,44.80553439818323,-92.7883425168693,6,running,44.80112258344889,-92.79395277611911,2020-10-07T17:15:43Z,generic,44.799406472593546,-92.80585315078497,38.16515,107,8180.01,5298.143,2289.909,2020-10-07,20:02:16
2020-10-08T17:28:54Z,148,3.584,199,4.385,45.16747226938605,-93.1330103147775,8,running,45.15588370151818,-93.15211166627705,2020-10-08T16:10:06Z,generic,45.15317911282182,-93.1606310326606,56.3344,181,12115.53,3437.277,3380.064,2020-10-08,17:28:54
2020-10-09T19:15:34Z,146,3.609,199,9.909,45.18450337462127,-93.15290568396449,13,running,45.17227543517947,-93.15677032805979,2020-10-09T17:34:16Z,generic,45.17024030908942,-93.16132639534771,52.0035333333333,164,11260.59,5246.612,3120.212,2020-10-09,19:15:34
2020-10-10T18:51:20Z,138,3.426,199,3.9,44.991520531475544,-93.21274585090578,5,running,44.98527945019305,-93.2337930612266,2020-10-10T18:19:42Z,generic,44.98398771509528,-93.23806464672089,31.3546833333333,124,6445.22,1883.054,1881.281,2020-10-10,18:51:20
2020-10-11T16:54:58Z,145,3.683,199,4.749,44.98824689537287,-93.14306843094528,12,running,44.985373578965664,-93.23382331989706,2020-10-11T15:31:06Z,generic,44.975251257419586,-93.23399841785431,83.7494,334,18509.3,5024.964,5024.964,2020-10-11,16:54:58
2020-10-12T15:36:03Z,132,3.413,199,3.91,45.01990123651922,-93.13216717913747,2,running,45.013501988723874,-93.15263737924397,2020-10-12T15:21:57Z,generic,45.01340995542705,-93.15263737924397,12.4995666666667,68,2559.39,757.886,749.974,2020-10-12,15:36:03
2020-10-12T16:17:37Z,148,3.525,199,6.699,45.01812318339944,-93.13217178918421,22,running,45.01529001630843,-93.13217539340258,2020-10-12T15:42:48Z,generic,45.01304358243942,-93.1531488429755,26.5356833333333,126,5612.77,1826.466,1592.141,2020-10-12,16:17:37
2020-10-13T08:10:20Z,146,3.589,199,7.325,45.01792034134269,-93.1263249926269,8,running,45.01306168735027,-93.15313702449203,2020-10-13T07:26:47Z,generic,45.01258509233594,-93.15532394684851,32.9043833333333,123,7086.61,2582.129,1974.263,2020-10-13,08:10:20
2020-10-14T10:46:49Z,124,5.608,185,9.667,44.98534508049488,-93.15988831222057,2,cycling,44.98534508049488,-93.23384100571275,2020-10-14T10:01:35Z,generic,44.911073707044125,-93.23687659576535,39.3431666666667,234,13238.17,2496.667,2360.59,2020-10-14,10:46:49
2020-10-14T12:32:47Z,159,3.184,185,5.309,44.91158852353692,-93.15860303118825,1,cycling,44.909887835383415,-93.16094309091568,2020-10-14T11:31:38Z,generic,44.909030701965094,-93.16339295357466,7.43946666666667,26,1421.13,723.6,446.368,2020-10-14,12:32:47
2020-10-14T13:16:19Z,123,5.464,185,9.144,44.98526645824313,-93.15986559726298,2,cycling,44.91246493533254,-93.15987314097583,2020-10-14T12:33:17Z,generic,44.91246493533254,-93.23421919718385,38.564,173,12641.95,2390.21,2313.84,2020-10-14,13:16:19
2020-10-15T08:14:03Z,153,3.478,199,3.966,45.01796300522983,-93.14674138091505,3,running,45.012935288250446,-93.1531277205795,2020-10-15T07:47:51Z,generic,45.012935288250446,-93.15666798502207,15.699,92,3276.37,941.94,941.94,2020-10-15,08:14:03
2020-10-15T09:20:07Z,155,3.647,199,3.984,45.0135007314384,-93.1527894269675,5,running,45.013455552980304,-93.15425424836576,2020-10-15T08:22:08Z,generic,44.99885528348386,-93.17692939192057,31.3958,106,6869.24,2129.173,1883.748,2020-10-15,09:20:07
2020-10-15T17:29:38Z,140,3.482,199,4.404,44.9886959977448,-93.20110221393406,3,running,44.98525816015899,-93.23383069597185,2020-10-15T17:06:00Z,generic,44.98394035734236,-93.2339093182236,15.78605,67,3298.39,954.815,947.163,2020-10-15,17:29:38
2020-10-15T18:07:14Z,152,3.974,199,6.084,44.98594019562006,-93.20122140459716,19,running,44.98468894511461,-93.20219001732767,2020-10-15T17:34:20Z,generic,44.98432642780244,-93.20225522853434,30.828,77,7350.21,1849.68,1849.68,2020-10-15,18:07:14
2020-10-15T18:26:32Z,139,3.26,199,3.807,44.98801253736019,-93.20099509321153,2,running,44.986297180876136,-93.20100607350469,2020-10-15T18:09:31Z,generic,44.984006490558386,-93.23328260332346,15.1536833333333,74,2964.24,935.574,909.221,2020-10-15,18:26:32
2020-10-17T09:55:11Z,152,3.58,199,4.497,44.985076608136296,-93.19955340586603,8,running,44.98472683131695,-93.23317749425769,2020-10-17T09:00:12Z,generic,44.94708303362131,-93.2338900398463,52.8795666666667,256,11359.42,3278.037,3172.774,2020-10-17,09:55:11
2020-10-18T11:19:08Z,157,3.839,199,4.413,45.19222553819418,-93.1006348785013,14,running,45.18790508620441,-93.15930426120758,2020-10-18T09:47:24Z,generic,45.14232287183404,-93.16362806595862,90.1931333333333,368,20772.98,5488.026,5411.588,2020-10-18,11:19:08
2020-10-19T15:00:57Z,154,3.681,199,4.46,45.022741444408894,-93.14292593859136,3,running,45.01352881081402,-93.15281289629638,2020-10-19T14:44:29Z,generic,45.01346401870251,-93.1569376308471,14.6782833333333,59,3242.21,950.017,880.697,2020-10-19,15:00:57
2020-10-19T15:49:34Z,140,3.563,199,5.832,45.01995714381337,-93.14119029790163,7,running,45.01823072321713,-93.14295125193894,2020-10-19T15:03:13Z,generic,45.01323544420302,-93.15527223050594,38.1113333333333,111,8146.84,2572.154,2286.68,2020-10-19,15:49:34
2020-10-20T10:19:37Z,143,3.369,199,4.096,44.988160310313106,-93.20097003132105,3,running,44.98502698726952,-93.23390504345298,2020-10-20T09:59:11Z,generic,44.98398042283952,-93.23390504345298,15.9689833333333,62,3228.03,958.139,958.139,2020-10-20,10:19:37
2020-10-20T10:51:27Z,149,4.156,199,6.121,44.9859450571239,-93.20112786255777,38,running,44.9856117926538,-93.2021224591881,2020-10-20T10:21:08Z,generic,44.984339755028486,-93.20219948887825,26.7444833333333,165,6669.51,1613.107,1604.669,2020-10-20,10:51:27
2020-10-20T11:10:27Z,144,3.406,199,4.283,44.98808864504099,-93.20105728693306,2,running,44.98625535517931,-93.20105728693306,2020-10-20T10:53:27Z,generic,44.983981680125,-93.23389573954046,15.7353666666667,55,3216.01,944.122,944.122,2020-10-20,11:10:27
2020-10-20T15:49:33Z,147,3.265,199,3.891,45.03232279792428,-93.1467164028436,4,running,45.0134817045182,-93.15276520326734,2020-10-20T15:16:00Z,generic,45.01310259103775,-93.15705908462405,29.4185333333333,68,5763.83,1939.644,1765.112,2020-10-20,15:49:33
2020-10-21T19:56:13Z,121,0,185,65.535,179.99999991618097,179.99999991618097,5,cycling,179.99999991618097,179.99999991618097,2020-10-21T18:42:44Z,indoor_cycling,179.99999991618097,179.99999991618097,47.5776833333333,65535,0,2961.641,2854.661,2020-10-21,19:56:13
2020-10-22T16:04:25Z,132,3.72,199,5.272,45.01357424072921,-93.13570065423846,12,running,45.01299940980971,-93.15363273024559,2020-10-22T14:48:18Z,generic,44.97567798011005,-93.15674199722707,64.2108,185,14333.77,4096.654,3852.648,2020-10-22,16:04:25
2020-10-23T17:48:31Z,139,3.567,199,4.255,44.988162238150835,-93.20101152174175,4,running,44.98521608300507,-93.23390210978687,2020-10-23T17:16:43Z,generic,44.98398084193468,-93.23393287137151,28.85835,116,6176.67,1731.501,1731.501,2020-10-23,17:48:31
2020-10-24T07:56:49Z,147,3.549,199,4.647,45.013590417802334,-93.14649763517082,2,running,45.01342269591987,-93.15436857752502,2020-10-24T07:41:05Z,generic,45.0063565839082,-93.15665365196764,14.5143666666667,48,3090.7,870.862,870.862,2020-10-24,07:56:49
2020-10-24T09:04:11Z,147,3.964,199,7.558,45.01355303451419,-93.14652688801289,29,running,45.01262968406081,-93.14974210225046,2020-10-24T08:05:20Z,generic,45.00642120838165,-93.15658911131322,38.1945666666667,116,9084.21,3283.58,2291.674,2020-10-24,09:04:11
2020-10-24T09:17:17Z,146,3.51,199,4.133,45.01798781566322,-93.14667566679418,2,running,45.01290259882808,-93.15340910106897,2020-10-24T09:04:33Z,generic,45.01290259882808,-93.15671978518367,12.0342166666667,40,2534.51,722.053,722.053,2020-10-24,09:17:17
2020-10-25T17:41:03Z,143,3.686,199,4.376,45.09460528381169,-92.99722859635949,8,running,45.069327810779214,-93.04402459412813,2020-10-25T16:38:12Z,generic,45.066065741702914,-93.04402912035584,58.1503833333333,170,12861.54,3541.653,3489.023,2020-10-25,17:41:03
2020-10-27T15:00:56Z,159,3.987,199,5.113,45.017396472394466,-93.1205228716135,5,running,45.017326064407825,-93.16179603338242,2020-10-27T14:26:01Z,generic,45.01344499178231,-93.16182645969093,31.1620166666667,122,7454.2,1965.634,1869.721,2020-10-27,15:00:56
2020-10-27T16:07:26Z,156,3.609,199,3.76,45.01991163007915,-93.13855075277388,3,running,45.01787013374269,-93.16184733062983,2020-10-27T15:18:39Z,generic,45.01617422327399,-93.16188404336572,22.2984,57,4829.05,1337.904,1337.904,2020-10-27,16:07:26
2020-10-29T15:24:41Z,147,2.927,199,7.259,38.883893648162484,-92.3259705863893,14,running,38.88373598456383,-92.33191318809986,2020-10-29T14:23:50Z,generic,38.86868979781866,-92.33883018605411,60.0186666666667,416,10541.29,3638.386,3601.12,2020-10-29,15:24:41
2020-10-30T17:03:22Z,134,3.328,199,4.078,38.90821298584342,-92.30393297038972,2,running,38.90820653177798,-92.30402952991426,2020-10-30T16:52:54Z,generic,38.899968126788735,-92.30446027591825,9.34818333333333,36,1866.75,560.891,560.891,2020-10-30,17:03:22
2020-10-30T17:28:32Z,161,4.002,199,5.589,38.913262160494924,-92.30389667674899,38,running,38.90869712457061,-92.30401159264147,2020-10-30T17:04:10Z,generic,38.90869712457061,-92.31176342815161,23.4763166666667,75,5637.82,1408.579,1408.579,2020-10-30,17:28:32
2020-10-31T16:49:06Z,138,3.229,199,3.928,38.91329342499375,-92.30353030376136,4,running,38.90823410823941,-92.30403179302812,2020-10-31T16:12:11Z,generic,38.90746590681374,-92.31337652541697,30.4246666666667,103,5894.46,2196.556,1825.48,2020-10-31,16:49:06
2020-11-01T17:31:09Z,136,3.478,199,4.087,45.07919012568891,-93.0435546208173,3,running,45.06984706968069,-93.04418787360191,2020-11-01T17:10:06Z,generic,45.06807052530348,-93.05409042164683,20.1779,84,4210.89,1210.674,1210.674,2020-11-01,17:31:09
2020-11-01T18:34:29Z,143,3.509,199,4.208,45.09019849821925,-93.02047555334866,8,running,45.069233011454344,-93.04398268461227,2020-11-01T17:39:23Z,generic,45.0638388376683,-93.05106086656451,53.55965,214,11275.4,3288.882,3213.579,2020-11-01,18:34:29
2020-11-02T15:35:56Z,141,3.308,199,3.966,45.1892508007586,-93.13753318972886,3,running,45.18550920300186,-93.13753318972886,2020-11-02T15:13:31Z,generic,45.17381996847689,-93.16128171980381,20.3490333333333,75,4038.84,1220.942,1220.942,2020-11-02,15:35:56
2020-11-02T16:26:53Z,162,4.173,199,5.309,45.17799214459956,-93.1529331766069,12,running,45.17140371724963,-93.15681927837431,2020-11-02T15:38:39Z,generic,45.17020368017256,-93.15798469819129,30.0307833333333,136,7518.73,2888.05,1801.847,2020-11-02,16:26:53
2020-11-02T16:48:58Z,143,2.979,199,3.331,45.189245101064444,-93.13606149517,3,running,45.17801628448069,-93.1577632483095,2020-11-02T16:29:37Z,generic,45.17801628448069,-93.15797564573586,18.7017833333333,61,3342.93,1129.357,1122.107,2020-11-02,16:48:58
2020-11-03T16:05:30Z,143,3.453,199,4.245,44.99161507934332,-93.20765912532806,4,running,44.98533175326884,-93.23374059051275,2020-11-03T15:36:11Z,generic,44.983964413404465,-93.23392499238253,29.0804833333333,92,6025.22,1744.829,1744.829,2020-11-03,16:05:30
2020-11-04T16:47:54Z,144,3.308,199,4.404,44.98719597235322,-93.23038338683546,7,running,44.98507350683212,-93.2339143473655,2020-11-04T15:52:34Z,generic,44.97627753764391,-93.27504878863692,54.7383166666667,439,10863.58,3289.568,3284.299,2020-11-04,16:47:54
2020-11-05T16:20:09Z,139,3.464,199,4.74,44.98810641467571,-93.2010172214359,3,running,44.985399981960654,-93.23376380838454,2020-11-05T15:59:16Z,generic,44.985172329470515,-93.23795383796096,17.1619833333333,57,3566.77,1029.719,1029.719,2020-11-05,16:20:09
2020-11-05T16:58:06Z,162,4.312,199,6.252,44.98595930635929,-93.20121344178915,56,running,44.984553661197424,-93.20133162662387,2020-11-05T16:22:16Z,generic,44.98432835564017,-93.20226880721748,35.6885666666667,201,9232.33,2141.314,2141.314,2020-11-05,16:58:06
2020-11-05T17:18:21Z,140,3.35,199,3.611,44.98801697976887,-93.20098595693707,2,running,44.986357279121876,-93.20098595693707,2020-11-05T17:02:37Z,generic,44.983992325142026,-93.23388014920056,15.3364833333333,91,3082.64,922.795,920.189,2020-11-05,17:18:21
2020-11-06T17:49:00Z,145,3.403,199,4.423,44.985328232869506,-93.2002716511488,9,running,44.985328232869506,-93.2338223978877,2020-11-06T16:26:25Z,generic,44.950693706050515,-93.23636890389025,63.4494666666667,463,12953.7,4779.843,3806.968,2020-11-06,17:49:00
2020-11-07T12:25:00Z,152,3.548,199,4.385,44.98609224334359,-93.19355305284262,11,running,44.98529671691358,-93.23375802487135,2020-11-07T11:07:43Z,generic,44.94039117358625,-93.23660678230226,75.61695,422,16098.49,4626.476,4537.017,2020-11-07,12:25:00
2020-11-08T17:05:18Z,148,3.339,199,6.979,44.98823625035584,-93.1970352306962,21,running,44.98530501499772,-93.23377545922995,2020-11-08T16:07:47Z,generic,44.98296478763223,-93.23800069279969,57.1770333333333,356,11455.69,3430.622,3430.622,2020-11-08,17:05:18
2020-11-09T16:51:22Z,138,3.444,199,4.078,44.988089483231306,-93.18732219748199,6,running,44.98532219789922,-93.23381284251809,2020-11-09T16:06:13Z,generic,44.98245868831873,-93.23394301347435,44.3637,278,9166.46,2667.606,2661.822,2020-11-09,16:51:22
2020-11-10T08:04:35Z,130,3.273,199,3.658,44.98804899863899,-93.20234851911664,2,running,44.985304679721594,-93.23368904180825,2020-11-10T07:47:50Z,generic,44.983986960723996,-93.23385517112911,16.26725,79,3194.86,976.035,976.035,2020-11-10,08:04:35
2020-11-10T08:28:44Z,147,4.173,199,5.263,44.98594514094293,-93.20122643373907,33,running,44.984566485509276,-93.20131846703589,2020-11-10T08:09:33Z,generic,44.984327517449856,-93.20221357047558,18.8063166666667,83,4708.31,1128.379,1128.379,2020-11-10,08:28:44
2020-11-10T08:50:10Z,148,3.399,199,3.648,44.988037180155516,-93.20160931907594,2,running,44.986731531098485,-93.20160931907594,2020-11-10T08:35:25Z,generic,44.98398235067725,-93.23384955525398,14.5793166666667,48,2973.48,874.759,874.759,2020-11-10,08:50:10
2020-11-10T09:10:21Z,143,3.436,199,6.009,44.9853097088635,-93.23224349878728,2,running,44.9853097088635,-93.23360111564398,2020-11-10T08:55:38Z,generic,44.97730524279177,-93.23643025942147,11.0653833333333,60,2281.03,858.781,663.923,2020-11-10,09:10:21
2020-11-11T13:49:26Z,140,3.41,199,4.656,44.98821470886469,-93.19452501833439,5,running,44.98522094450891,-93.23388241231441,2020-11-11T13:09:26Z,generic,44.98129368759692,-93.237996250391,39.3288166666667,216,8046.43,2363.031,2359.729,2020-11-11,13:49:26
2020-11-12T16:58:02Z,119,0,185,65.535,179.99999991618097,179.99999991618097,1,cycling,179.99999991618097,179.99999991618097,2020-11-12T16:22:02Z,indoor_cycling,179.99999991618097,179.99999991618097,35.0151833333333,65535,0,2143.966,2100.911,2020-11-12,16:58:02
2020-11-13T09:45:53Z,145,3.214,199,3.648,44.98790533281863,-93.23178987018764,2,running,44.98538179323077,-93.2336622197181,2020-11-13T09:36:52Z,generic,44.985153805464506,-93.23800940997899,8.492,70,1637.46,509.52,509.52,2020-11-13,09:45:53
2020-11-13T09:58:05Z,108,1.516,199,8.267,44.987716656178236,-93.23644123971462,10,running,44.98757064342499,-93.23664517141879,2020-11-13T09:46:55Z,generic,44.98666053637862,-93.23803002946079,11.0535666666667,49,1005.13,663.214,663.214,2020-11-13,09:58:05
2020-11-13T10:11:50Z,137,3.138,199,3.424,44.991440484300256,-93.22702174074948,2,running,44.98818746767938,-93.2359747029841,2020-11-13T09:58:44Z,generic,44.984011352062225,-93.2359747029841,12.6732833333333,45,2386.17,760.397,760.397,2020-11-13,10:11:50
2020-11-13T17:40:53Z,140,3.225,199,3.63,44.988089483231306,-93.20263937115669,4,running,44.98526335693896,-93.23376799933612,2020-11-13T17:06:37Z,generic,44.98390104621649,-93.23804905638099,31.8985166666667,98,6172.43,1932.512,1913.911,2020-11-13,17:40:53
2020-11-14T14:12:59Z,134,3.307,199,4.003,44.98791924677789,-93.2186331320554,2,running,44.985290598124266,-93.23371955193579,2020-11-14T14:02:58Z,generic,44.98397581279278,-93.23389205150306,8.15073333333333,55,1617.08,498.311,489.044,2020-11-14,14:12:59
2020-11-14T14:53:17Z,150,4.067,199,5.402,44.98926823027432,-93.20252881385386,12,running,44.98790449462831,-93.21655668318272,2020-11-14T14:13:16Z,generic,44.984684670343995,-93.23965217918158,38.1069,147,9299.64,2297.38,2286.414,2020-11-14,14:53:17
2020-11-14T15:49:11Z,143,3.399,199,3.938,44.985256316140294,-93.21798210963607,9,running,44.98438526876271,-93.23582835495472,2020-11-14T14:55:52Z,generic,44.96267178095877,-93.24825217947364,48.7958,303,9951.61,3139.725,2927.748,2020-11-14,15:49:11
2020-11-15T19:49:27Z,114,0,185,65.535,179.99999991618097,179.99999991618097,7,cycling,179.99999991618097,179.99999991618097,2020-11-15T18:48:36Z,indoor_cycling,179.99999991618097,179.99999991618097,60.0198166666667,65535,0,3625.847,3601.189,2020-11-15,19:49:27
2020-11-16T12:30:13Z,98,3.339,199,4.05,44.98503956012428,-93.23282117955387,1,running,44.98503956012428,-93.23374302126467,2020-11-16T12:19:45Z,generic,44.977260399609804,-93.23616187088192,5.4809,12,1098.11,340.715,328.854,2020-11-16,12:30:13
2020-11-16T14:02:01Z,138,3.378,199,4.031,44.98589417897165,-93.19897094741464,8,running,44.97454055584967,-93.22864950634539,2020-11-16T13:04:14Z,generic,44.94633964262903,-93.24270964600146,55.5982,290,11268.46,3457.566,3335.892,2020-11-16,14:02:01
2020-11-17T16:04:52Z,120,3.712,199,4.479,44.98533384874463,-93.21184488013387,9,running,44.98533384874463,-93.23383002541959,2020-11-17T15:06:29Z,generic,44.95327876880765,-93.25477019883692,57.8576,424,12886.03,3471.456,3471.456,2020-11-17,16:04:52
2020-11-18T09:34:32Z,148,3.363,199,4.264,44.98523804359138,-93.23005188256502,3,running,44.98523804359138,-93.23365568183362,2020-11-18T09:11:54Z,generic,44.97044348157942,-93.2393105328083,22.5279666666667,146,4545.49,1351.678,1351.678,2020-11-18,09:34:32
2020-11-19T17:55:38Z,140,3.294,199,5.692,44.99162538908422,-93.20238221436739,9,running,44.98508943244815,-93.23410763405263,2020-11-19T17:06:06Z,generic,44.98393197543919,-93.23787622153759,35.3087833333333,156,6978.2,2927.791,2118.527,2020-11-19,17:55:38
2020-11-20T12:24:23Z,131,3.445,199,4.012,44.99131886288524,-93.23395332321525,1,running,44.98493805527687,-93.23395332321525,2020-11-20T12:19:29Z,generic,44.98493763618171,-93.23789742775261,4.78243333333333,55,988.49,286.946,286.946,2020-11-20,12:24:23
2020-11-20T12:51:18Z,149,3.67,199,4.124,44.9987153057009,-93.21257955394685,4,running,44.991373931989074,-93.23458121158183,2020-11-20T12:24:42Z,generic,44.983969274908304,-93.23458121158183,26.1344666666667,115,5755.03,1568.068,1568.068,2020-11-20,12:51:18
2020-11-21T14:46:56Z,147,3.4,199,4.423,44.998668283224106,-93.185527715832,8,running,44.9850538931787,-93.2339674886316,2020-11-21T14:02:11Z,generic,44.964143224060535,-93.2339674886316,42.3863833333333,163,8647.03,2626.348,2543.183,2020-11-21,14:46:56
2020-11-21T15:20:03Z,160,3.967,199,5.645,44.99880348332226,-93.18448450416327,10,running,44.998213313519955,-93.18545429036021,2020-11-21T14:47:45Z,generic,44.99635345302522,-93.18706445395947,32.0578833333333,98,7629.94,1923.473,1923.473,2020-11-21,15:20:03
2020-11-21T16:00:09Z,143,3.482,199,3.788,44.99879443086684,-93.18699404597282,6,running,44.99879443086684,-93.18700603209436,2020-11-21T15:21:29Z,generic,44.97534932568669,-93.23525578714907,38.5372666666667,276,8050.57,2312.236,2312.236,2020-11-21,16:00:09
2020-11-22T14:16:50Z,140,3.317,199,3.844,44.985398054122925,-93.21882147341967,6,running,44.985398054122925,-93.23369859717786,2020-11-22T13:31:03Z,generic,44.962690556421876,-93.24803777039051,45.6093,253,9077.86,2736.558,2736.558,2020-11-22,14:16:50
2020-11-23T13:34:41Z,151,4.101,199,5.804,44.9881034810096,-93.19352681748569,11,running,44.98527576215565,-93.23375534266233,2020-11-23T12:46:32Z,generic,44.964098213240504,-93.23807805776596,45.93085,270,11300.95,2762.666,2755.851,2020-11-23,13:34:41
2020-11-24T10:24:45Z,144,3.436,199,4.283,44.98527517542243,-93.2302637770772,3,running,44.98527517542243,-93.2337586954236,2020-11-24T09:43:25Z,generic,44.972770381718874,-93.23678917251527,19.0035,203,3917.78,2215.576,1140.21,2020-11-24,10:24:45
2020-11-24T16:14:44Z,144,3.622,199,6.541,44.991627568379045,-93.20233753882349,12,running,44.98532856814563,-93.23374352417886,2020-11-24T15:41:18Z,generic,44.983987882733345,-93.23804402723908,32.2107833333333,191,7000.6,1939.014,1932.647,2020-11-24,16:14:44
2020-11-25T13:38:57Z,143,3.57,199,4.124,45.18921626731753,-93.13284326344728,7,running,45.18561188131571,-93.13771574757993,2020-11-25T12:53:38Z,generic,45.16754284501076,-93.15790020860732,45.1362833333333,170,9667.29,2708.177,2708.177,2020-11-25,13:38:57
2020-11-26T11:00:32Z,150,3.662,199,6.42,45.18617573194206,-93.13022710382938,4,running,45.18546695820987,-93.13748977147043,2020-11-26T10:47:18Z,generic,45.18205753527582,-93.13840976916254,11.1895,37,2458.35,786.197,671.37,2020-11-26,11:00:32
2020-11-26T11:25:38Z,130,5.325,199,6.205,45.18616575747728,-93.13010430894792,3,running,45.185494031757116,-93.13779629766941,2020-11-26T11:15:53Z,generic,45.181967597454786,-93.13798002898693,5.08501666666667,29,1624.73,305.101,305.101,2020-11-26,11:25:38
2020-11-26T19:59:17Z,69,0,195,65.535,179.99999991618097,179.99999991618097,1,generic,179.99999991618097,179.99999991618097,2020-11-26T19:58:59Z,generic,179.99999991618097,179.99999991618097,0.19595,65535,0,11.757,11.757,2020-11-26,19:59:17
2020-11-27T16:10:29Z,104,3.675,199,4.227,45.18922775052488,-93.1424008961767,5,running,45.187260350212455,-93.1424008961767,2020-11-27T15:55:29Z,generic,45.175261152908206,-93.15803130157292,14.6307,43,3226.18,877.842,877.842,2020-11-27,16:10:29
2020-11-27T16:43:01Z,109,4.057,199,5.524,45.17799574881792,-93.15290819853544,13,running,45.17578518949449,-93.15764481201768,2020-11-27T16:12:23Z,generic,45.168844386935234,-93.15780038014054,30.30955,126,7377.52,1829.435,1818.573,2020-11-27,16:43:01
2020-11-27T17:00:28Z,75,3.497,199,5.664,45.18522220663726,-93.13776788301766,8,running,45.1677704975009,-93.1562153622508,2020-11-27T16:44:53Z,generic,45.16752482391894,-93.1562153622508,15.3968166666667,52,3230.77,923.809,923.809,2020-11-27,17:00:28
2020-11-28T15:59:05Z,144,3.532,199,5.496,45.189252058044076,-93.12642063014209,29,running,45.18543183803558,-93.13913103193045,2020-11-28T14:24:22Z,generic,45.12408477254212,-93.16505349241197,81.6605166666667,437,17305.59,5135.077,4899.631,2020-11-28,15:59:05
2020-11-29T07:20:29Z,139,3.375,199,3.826,44.991463869810104,-93.23042144067585,4,running,44.98529244214296,-93.23372106067836,2020-11-29T07:08:22Z,generic,44.984015207737684,-93.23804318904877,11.9819666666667,47,2426.07,718.918,718.918,2020-11-29,07:20:29
2020-12-01T15:22:08Z,109,1.795,199,9.079,38.90945350751281,-92.3038308788091,10,running,38.908238634467125,-92.30403933674097,2020-12-01T15:12:11Z,generic,38.90817685984075,-92.30405232869089,9.81155,37,1056.63,588.693,588.693,2020-12-01,15:22:08
2020-12-01T15:37:42Z,135,3.363,199,6.578,38.90823947265744,-92.3039413522929,4,running,38.90823947265744,-92.30399415828288,2020-12-01T15:23:22Z,generic,38.90424138866365,-92.3134183511138,12.4786166666667,58,2517.63,798.251,748.717,2020-12-01,15:37:42
2020-12-02T15:50:33Z,145,3.47,199,3.938,38.913220250979066,-92.30402609333396,11,running,38.905373448506,-92.3043224774301,2020-12-02T15:09:29Z,generic,38.90007105655968,-92.31353234499693,40.8961666666667,165,8514.02,2453.77,2453.77,2020-12-02,15:50:33
2020-12-03T16:46:13Z,151,3.438,199,6.037,38.90826201997697,-92.30375946499407,22,running,38.90826201997697,-92.30375946499407,2020-12-03T15:52:04Z,generic,38.875203458592296,-92.32517656870186,53.9373666666667,222,11125.63,3239.563,3236.242,2020-12-03,16:46:13
2020-12-04T12:09:31Z,168,3.614,199,4.665,38.90819848515093,-92.30373037979007,3,running,38.90819848515093,-92.30373037979007,2020-12-04T12:00:55Z,generic,38.900393173098564,-92.31248846277595,8.52031666666667,78,1847.56,511.219,511.219,2020-12-04,12:09:31
2020-12-04T12:27:40Z,155,3.832,199,5.962,38.90166940167546,-92.31078282929957,15,running,38.90160762704909,-92.31251654215157,2020-12-04T12:11:06Z,generic,38.90028119087219,-92.3126672487706,16.3682166666667,105,3763.73,982.093,982.093,2020-12-04,12:27:40
2020-12-04T12:37:47Z,152,3.265,199,3.499,38.90819555148482,-92.3038134444505,2,running,38.90176830813289,-92.30959955602884,2020-12-04T12:30:32Z,generic,38.9007072430104,-92.30959955602884,7.14378333333333,39,1399.52,428.627,428.627,2020-12-04,12:37:47
2020-12-05T16:12:19Z,147,3.557,199,4.861,38.91327129676938,-92.30204712599516,6,running,38.90826671384275,-92.303780419752,2020-12-05T15:53:17Z,generic,38.90743849799037,-92.31331181712449,18.9364833333333,76,4040.87,1136.189,1136.189,2020-12-05,16:12:19
2020-12-06T16:45:28Z,147,3.248,199,4.581,38.908188762143254,-92.29587544687092,27,running,38.908188762143254,-92.30381168425083,2020-12-06T14:56:29Z,generic,38.86818344704807,-92.32419974170625,107.40255,664,20930.42,6523.954,6444.153,2020-12-06,16:45:28
2020-12-07T16:54:32Z,137,3.643,199,5.029,38.91328160651028,-92.30117306113243,9,running,38.9082538895309,-92.30393028818071,2020-12-07T16:24:19Z,generic,38.90741762705147,-92.31334148906171,30.0549333333333,109,6569.66,1803.296,1803.296,2020-12-07,16:54:32
2020-12-08T16:00:18Z,151,3.99,199,6.392,38.91329267062247,-92.30383506976068,24,running,38.90819882042706,-92.30383506976068,2020-12-08T15:05:53Z,generic,38.90804233029485,-92.31164038181305,54.0086,220,12928.56,3240.516,3240.516,2020-12-08,16:00:18
2020-12-09T20:00:46Z,137,3.529,199,4.078,38.91325478442013,-92.30371076613665,6,running,38.9081413205713,-92.3038615565747,2020-12-09T19:40:34Z,generic,38.907473953440785,-92.31337568722665,20.0253333333333,69,4239.73,1201.52,1201.52,2020-12-09,20:00:46
2020-12-10T13:56:35Z,146,3.62,199,6.298,38.913208432495594,-92.30390849523246,6,running,38.90824710018933,-92.30390849523246,2020-12-10T13:43:29Z,generic,38.90747873112559,-92.31337702833116,12.9643833333333,45,2816.1,777.863,777.863,2020-12-10,13:56:35
2020-12-10T14:20:01Z,166,4.037,199,6.121,38.91287793405354,-92.30871551670134,34,running,38.91274876892567,-92.31009081937373,2020-12-10T13:59:33Z,generic,38.91050803475082,-92.31165035627782,20.2107833333333,76,4895.56,1212.647,1212.647,2020-12-10,14:20:01
2020-12-10T14:29:42Z,154,3.268,199,3.891,38.913246653974056,-92.30356148444116,2,running,38.910547429695725,-92.31089849956334,2020-12-10T14:21:15Z,generic,38.908145846799016,-92.31160450726748,8.22288333333333,29,1612.53,493.373,493.373,2020-12-10,14:29:42
2020-12-11T07:22:06Z,144,3.281,199,5.981,38.913253946229815,-92.30207797139883,17,running,38.90823796391487,-92.30376114137471,2020-12-11T06:37:52Z,generic,38.891247091814876,-92.31359001249075,44.111,182,8684.33,2646.66,2646.66,2020-12-11,07:22:06
2020-12-12T12:50:17Z,148,3.069,199,3.798,38.913274481892586,-92.29590981267393,27,running,38.908226480707526,-92.30374865233898,2020-12-12T10:49:04Z,generic,38.86820222251117,-92.32422790490091,117.49905,720,21636.22,7066.659,7049.943,2020-12-12,12:50:17
2020-12-14T17:24:04Z,145,3.363,199,3.919,44.98810465447605,-93.19342229515314,11,running,44.985055569559336,-93.23391200043261,2020-12-14T16:40:32Z,generic,44.97695772908628,-93.23391200043261,43.3718166666667,282,8751.31,2602.309,2602.309,2020-12-14,17:24:04
2020-12-15T15:07:39Z,153,3.57,199,6.065,44.988205740228295,-93.19858890026808,29,running,44.98532211408019,-93.23371569626033,2020-12-15T14:09:26Z,generic,44.983393270522356,-93.23806984350085,56.8663,282,12180.25,3411.978,3411.978,2020-12-15,15:07:39
2020-12-16T09:29:24Z,147,3.377,199,3.686,44.9916004948318,-93.20779482834041,9,running,44.98537642881274,-93.23373254388571,2020-12-16T08:57:27Z,generic,44.98390113003552,-93.23802256956697,31.7959833333333,94,6442.01,1907.759,1907.759,2020-12-16,09:29:24
2020-12-16T16:36:53Z,112,0,185,65.535,179.99999991618097,179.99999991618097,1,cycling,179.99999991618097,179.99999991618097,2020-12-16T16:11:07Z,indoor_cycling,179.99999991618097,179.99999991618097,20.3259333333333,65535,0,1219.556,1219.556,2020-12-16,16:36:53
2020-12-17T12:35:32Z,142,3.606,199,4.18,44.98802846297622,-93.18947810679674,13,running,44.98535237275064,-93.23379079811275,2020-12-17T11:50:42Z,generic,44.97432438656688,-93.23388786055148,44.6792333333333,170,9666.46,2680.754,2680.754,2020-12-17,12:35:32
2020-12-18T17:16:07Z,152,3.768,199,5.253,45.00421970151365,-93.22632478550076,27,running,44.98540065251291,-93.23363020084798,2020-12-18T16:05:28Z,generic,44.9767064396292,-93.2767478004098,69.4063666666667,405,15691.66,4217.067,4164.382,2020-12-18,17:16:07
2020-12-19T11:25:50Z,146,3.42,199,4.283,44.98804371803999,-93.11965936794877,29,running,44.98550970107317,-93.2338829152286,2020-12-19T09:34:49Z,generic,44.975688960403204,-93.23394510895014,109.868016666667,467,22542.38,6623.75,6592.081,2020-12-19,11:25:50
2020-12-20T15:48:26Z,134,3.456,199,5.02,44.988022008910775,-93.20103608071804,5,running,44.98504584655166,-93.23406497016549,2020-12-20T15:30:39Z,generic,44.983964497223496,-93.23406497016549,17.0472,78,3535.3,1022.832,1022.832,2020-12-20,15:48:26
2020-12-20T16:05:37Z,107,1.934,199,8.771,44.985932651907206,-93.20118770934641,9,running,44.98435123823583,-93.2013348955661,2020-12-20T15:52:37Z,generic,44.98432634398341,-93.20223703980446,12.59705,33,1461.45,755.823,755.823,2020-12-20,16:05:37
2020-12-20T16:26:17Z,135,3.512,199,3.854,44.988058637827635,-93.201096765697,4,running,44.98638787306845,-93.201096765697,2020-12-20T16:06:53Z,generic,44.98397380113602,-93.23386690579355,14.4301333333333,55,3040.93,865.808,865.808,2020-12-20,16:26:17
2020-12-21T16:46:06Z,148,3.424,199,3.938,44.987913463264704,-93.23046293109655,5,running,44.98543594032526,-93.23374955914915,2020-12-21T16:28:14Z,generic,44.980161879211664,-93.2411584071815,15.7366,133,3232.96,944.196,944.196,2020-12-21,16:46:06
2020-12-22T18:12:24Z,146,3.373,199,4.124,44.988042544573545,-93.18946008570492,14,running,44.98533435165882,-93.23376322165132,2020-12-22T17:17:30Z,generic,44.96410542167723,-93.23392893187702,52.1281166666667,234,10549.56,3167.967,3127.687,2020-12-22,18:12:24
2020-12-23T10:27:30Z,126,3.825,199,6.662,44.98806492425501,-93.20108754560351,32,running,44.985351199284196,-93.23378082364798,2020-12-23T09:42:10Z,generic,44.98393683694303,-93.23453100398183,45.1928666666667,202,10371.47,2711.572,2711.572,2020-12-23,10:27:30
2020-12-24T08:25:59Z,147,3.461,199,4.432,179.99999991618097,179.99999991618097,2,running,179.99999991618097,179.99999991618097,2020-12-24T08:15:42Z,treadmill,179.99999991618097,179.99999991618097,9.8115,65535,2037.72,588.69,588.69,2020-12-24,08:25:59
2020-12-24T16:35:16Z,144,3.438,199,3.714,45.18923613242805,-93.13705642707646,13,running,45.18545446917415,-93.13753813505173,2020-12-24T15:44:23Z,generic,45.173855340108275,-93.15837504342198,46.8597833333333,150,9665.03,2811.587,2811.587,2020-12-24,16:35:16
2020-12-25T08:14:05Z,149,2.788,199,3.686,45.18637161701918,-93.12824729830027,4,running,45.185481207445264,-93.13759395852685,2020-12-25T07:58:51Z,generic,45.18195712007582,-93.13784524798393,15.0491166666667,32,2517.44,903.118,902.947,2020-12-25,08:14:05
2020-12-25T15:20:48Z,147,3.534,199,5.001,179.99999991618097,179.99999991618097,6,running,179.99999991618097,179.99999991618097,2020-12-25T14:36:09Z,treadmill,179.99999991618097,179.99999991618097,40.0248166666667,0,8486.05,2401.489,2401.489,2020-12-25,15:20:48
2020-12-26T14:06:31Z,149,3.367,199,3.574,45.18914854153991,-93.13024437054992,14,running,45.186752742156386,-93.14007827080786,2020-12-26T13:09:30Z,generic,45.1675078086555,-93.16126814112067,52.2021666666667,170,10547.43,3132.13,3132.13,2020-12-26,14:06:31
2020-12-27T09:19:21Z,155,3.435,199,3.76,45.14574084430933,-93.10699665918946,27,running,45.13304192572832,-93.15096200443804,2020-12-27T07:35:59Z,generic,45.12401897460222,-93.16513437777758,102.49145,294,21123,6156.185,6149.487,2020-12-27,09:19:21
2020-12-28T08:52:49Z,142,2.969,199,3.49,45.14218557626009,-93.10705105774105,9,running,45.130022931843996,-93.1352361291647,2020-12-28T08:10:07Z,generic,45.130022931843996,-93.1352361291647,40.26725,75,7174.14,2433.081,2416.035,2020-12-28,08:52:49
2020-12-29T08:32:49Z,152,3.008,199,6.317,179.99999991618097,179.99999991618097,14,running,179.99999991618097,179.99999991618097,2020-12-29T07:52:18Z,treadmill,179.99999991618097,179.99999991618097,36.0207333333333,0,6500.1,2182.288,2161.244,2020-12-29,08:32:49
2020-12-31T11:16:16Z,154,3.238,199,6.765,179.99999991618097,179.99999991618097,36,running,179.99999991618097,179.99999991618097,2020-12-31T10:09:16Z,treadmill,179.99999991618097,179.99999991618097,65.0188666666667,65535,12630.2,3958.595,3901.132,2020-12-31,11:16:16
2021-01-01T20:09:18Z,135,3.281,199,3.63,44.98795025981963,-93.23042554780841,3,running,44.985287580639124,-93.2339283451438,2021-01-01T19:58:04Z,generic,44.98393985442817,-93.238086104393,9.02673333333333,72,1776.89,541.604,541.604,2021-01-01,20:09:18
2021-01-02T10:47:25Z,152,3.398,199,4.423,44.99194113537669,-93.10596778057516,30,running,44.985292525961995,-93.23397880420089,2021-01-02T08:50:39Z,generic,44.974360428750515,-93.23411392048001,114.510366666667,385,23344.1,6937.426,6870.622,2021-01-02,10:47:25
2021-01-02T17:32:48Z,134,3.103,199,3.396,44.9914279114455,-93.2270551007241,5,running,44.98529663309455,-93.23385274037719,2021-01-02T17:11:32Z,generic,44.983947817236185,-93.23883972130716,17.52915,76,3263.45,1051.749,1051.749,2021-01-02,17:32:48
2021-01-02T18:07:11Z,124,0,185,65.535,179.99999991618097,179.99999991618097,13,cycling,179.99999991618097,179.99999991618097,2021-01-02T17:37:47Z,indoor_cycling,179.99999991618097,179.99999991618097,29.32155,0,0,1759.293,1759.293,2021-01-02,18:07:11
2021-01-04T07:53:56Z,147,3.021,199,3.368,44.98813943937421,-93.20034096948802,4,running,44.98526243492961,-93.2335792388767,2021-01-04T07:36:20Z,generic,44.98396717943251,-93.23386120609939,17.3853833333333,38,3151.03,1043.123,1043.123,2021-01-04,07:53:56
2021-01-04T08:21:48Z,164,3.474,199,6.587,44.98811261728406,-93.19819159805775,29,running,44.98613373376429,-93.20032831281424,2021-01-04T07:56:53Z,generic,44.98484241776168,-93.21688097901642,24.25955,177,5056.04,1458.005,1455.573,2021-01-04,08:21:48
2021-01-04T08:34:20Z,150,3.02,199,3.359,44.98795822262764,-93.21903454139829,2,running,44.98794212937355,-93.21903454139829,2021-01-04T08:24:02Z,generic,44.98402610421181,-93.23388417251408,8.66296666666667,55,1569.76,519.778,519.778,2021-01-04,08:34:20
2021-01-04T18:00:08Z,106,0,170,65.535,179.99999991618097,179.99999991618097,1,cycling,179.99999991618097,179.99999991618097,2021-01-04T17:19:57Z,indoor_cycling,179.99999991618097,179.99999991618097,35.014,65535,0,2100.84,2100.84,2021-01-04,18:00:08
2021-01-05T17:04:38Z,138,3.449,199,3.788,44.988028295338154,-93.18944265134633,11,running,44.98505640774965,-93.23396606370807,2021-01-05T15:57:41Z,generic,44.97439940460026,-93.23414174839854,41.6018333333333,211,8610.22,2681.654,2496.11,2021-01-05,17:04:38
2021-01-05T17:21:43Z,110,0,170,65.535,179.99999991618097,179.99999991618097,1,cycling,179.99999991618097,179.99999991618097,2021-01-05T17:05:15Z,indoor_cycling,179.99999991618097,179.99999991618097,15.01475,65535,0,900.885,900.885,2021-01-05,17:21:43
2021-01-06T17:20:36Z,139,3.566,199,4.115,44.988146061077714,-93.1894748378545,14,running,44.98531859368086,-93.23373002931476,2021-01-06T16:30:48Z,generic,44.96426912024617,-93.23391661047935,49.2619833333333,277,10541.28,2967.532,2955.719,2021-01-06,17:20:36
2021-01-07T15:40:27Z,150,3.926,199,5.263,44.98549696058035,-93.19497596472502,26,running,44.98520250432193,-93.23383036069572,2021-01-07T14:30:09Z,generic,44.948456324636936,-93.25903315097094,67.1912166666667,498,15828.29,4182.93,4031.473,2021-01-07,15:40:27
2021-01-08T11:58:04Z,145,3.529,199,3.854,44.99156545847654,-93.21269379928708,8,running,44.985282216221094,-93.23378224857152,2021-01-08T11:28:20Z,generic,44.98399090021849,-93.23793103918433,29.1077333333333,120,6162.82,1749.325,1746.464,2021-01-08,11:58:04
2021-01-09T10:37:24Z,149,3.317,199,3.742,44.99152212403715,-93.19952339865267,23,running,44.98527383431792,-93.23377227410674,2021-01-09T09:02:51Z,generic,44.94847074151039,-93.23697282001376,92.92475,515,18495.45,5650.749,5575.485,2021-01-09,10:37:24
2021-01-09T21:20:43Z,103,0,170,65.535,179.99999991618097,179.99999991618097,1,cycling,179.99999991618097,179.99999991618097,2021-01-09T20:13:43Z,indoor_cycling,179.99999991618097,179.99999991618097,20.0175166666667,65535,0,1201.051,1201.051,2021-01-09,21:20:43
2021-01-10T12:37:18Z,142,3.426,199,3.844,44.988126028329134,-93.1896508578211,14,running,44.98531322926283,-93.23373598046601,2021-01-10T11:42:06Z,generic,44.96426912024617,-93.23802986182272,54.7915,313,11263.06,3301.606,3287.49,2021-01-10,12:37:18
2021-01-11T12:54:21Z,149,3.697,199,5.776,44.991436963900924,-93.22678729891777,30,running,44.98534742742777,-93.23374721221626,2021-01-11T12:03:18Z,generic,44.97398693114519,-93.23865498416126,46.9031666666667,523,10402.67,2814.19,2814.19,2021-01-11,12:54:21
2021-01-11T17:15:17Z,142,3.42,199,3.863,44.98536787927151,-93.22130855172873,10,running,44.985322784632444,-93.2338208053261,2021-01-11T16:34:27Z,generic,44.96269214898348,-93.24263068847358,36.7325,260,7538.42,2205.634,2203.95,2021-01-11,17:15:17
2021-01-12T17:50:18Z,141,3.386,199,3.984,44.99153058975935,-93.21229339577258,8,running,44.98530015349388,-93.23381912894547,2021-01-12T17:20:48Z,generic,44.983974723145366,-93.23802944272757,28.6927833333333,149,5828.76,1721.567,1721.567,2021-01-12,17:50:18
2021-01-13T15:45:59Z,146,3.543,199,6.998,44.98565286397934,-93.21492028422654,21,running,44.98537374660373,-93.23372240178287,2021-01-13T14:44:18Z,generic,44.96194750070572,-93.25895494781435,60.5819833333333,405,12878.92,3690.392,3634.919,2021-01-13,15:45:59
2021-01-14T17:06:55Z,126,3.058,199,3.331,44.987916480749846,-93.23044650256634,3,running,44.985418589785695,-93.23381284251809,2021-01-14T16:55:11Z,generic,44.98401696793735,-93.23804134503007,9.67095,56,1774.58,580.257,580.257,2021-01-14,17:06:55
2021-01-15T12:11:27Z,159,3.755,199,5.729,44.98522287234664,-93.19326899014413,28,running,44.98522287234664,-93.23384938761592,2021-01-15T11:15:34Z,generic,44.920747596770525,-93.2368225324899,55.6550333333333,339,12540.67,3339.302,3339.302,2021-01-15,12:11:27
2021-01-15T13:12:46Z,147,3.111,199,4.096,44.98522865585983,-93.1932533159852,9,running,44.94276635348797,-93.19402621127665,2021-01-15T12:12:33Z,generic,44.94276635348797,-93.23510315269232,36.03935,218,6727.74,2238.103,2162.361,2021-01-15,13:12:46
2021-01-16T09:03:05Z,139,3.329,199,4.507,179.99999991618097,179.99999991618097,2,running,179.99999991618097,179.99999991618097,2021-01-16T08:50:29Z,treadmill,179.99999991618097,179.99999991618097,12.1379,65535,2424.25,728.274,728.274,2021-01-16,09:03:05
2021-01-17T11:24:52Z,148,3.357,199,3.975,44.98814237304032,-93.13573258928955,28,running,44.98532169498503,-93.23375224135816,2021-01-17T09:31:11Z,generic,44.96423274278641,-93.23804209940135,111.848283333333,496,22529.83,6717.797,6710.897,2021-01-17,11:24:52
2021-01-18T16:10:49Z,139,3.368,199,3.975,44.99162865802646,-93.20762450806797,9,running,44.98535237275064,-93.23373891413212,2021-01-18T15:38:38Z,generic,44.98399341478944,-93.23801108635962,32.0141166666667,135,6470.19,1924.826,1920.847,2021-01-18,16:10:49
2021-01-19T08:15:02Z,149,3.292,199,5.692,44.98812971636653,-93.19307285360992,53,running,44.98529135249555,-93.23374880477786,2021-01-19T06:54:21Z,generic,44.976239735260606,-93.23409648612142,78.5799333333333,349,15521.27,4828.695,4714.796,2021-01-19,08:15:02
2021-01-19T15:37:34Z,120,0,170,65.535,179.99999991618097,179.99999991618097,51,cycling,179.99999991618097,179.99999991618097,2021-01-19T15:05:57Z,indoor_cycling,179.99999991618097,179.99999991618097,30.20875,0,0,1857.448,1812.525,2021-01-19,15:37:34
2021-01-20T17:06:13Z,137,3.338,199,3.994,44.98539210297167,-93.22135766968131,10,running,44.98539210297167,-93.23381694965065,2021-01-20T16:26:46Z,generic,44.9618052598089,-93.24259456247091,39.2509333333333,257,7861.07,2359.781,2355.056,2021-01-20,17:06:13
2021-01-21T12:41:28Z,153,3.726,199,5.067,44.98813156038523,-93.13566385768354,26,running,44.9852801207453,-93.23376070708036,2021-01-21T11:11:23Z,generic,44.97434844262898,-93.23390370234847,87.09065,348,19470.95,5334.421,5225.439,2021-01-21,12:41:28
2021-01-22T16:50:45Z,138,3.399,199,4.208,44.98929413035512,-93.18726226687431,17,running,44.985269559547305,-93.2338120881468,2021-01-22T15:46:14Z,generic,44.964163172990084,-93.24114072136581,63.1680333333333,326,12880.78,3846.058,3790.082,2021-01-22,16:50:45
2021-01-23T11:01:51Z,140,3.466,199,3.947,44.98670185916126,-93.22106706909835,5,running,44.98514232225716,-93.23380538262427,2021-01-23T10:41:37Z,generic,44.964533066377044,-93.24119914323092,18.63245,120,3874.99,1127.602,1117.947,2021-01-23,11:01:51
2021-01-23T11:43:44Z,160,4.019,199,4.581,44.97863503172994,-93.14410828985274,12,running,44.964501801878214,-93.22095701470971,2021-01-23T11:02:40Z,generic,44.95062304660678,-93.22095701470971,40.0062666666667,124,9647.26,2423.706,2400.376,2021-01-23,11:43:44
2021-01-23T12:24:58Z,146,3.175,199,3.62,44.98444989323616,-93.13569311052561,9,running,44.977340027689934,-93.14235236495733,2021-01-23T11:45:34Z,generic,44.975730702281,-93.19435863755643,37.05775,107,7058.76,2223.465,2223.465,2021-01-23,12:24:58
2021-01-23T12:44:35Z,144,3.426,199,3.648,44.988215463235974,-93.19768021814525,5,running,44.98458618298173,-93.19768021814525,2021-01-23T12:28:47Z,generic,44.98401562683284,-93.23210150934756,15.6887,67,3225.22,941.322,941.322,2021-01-23,12:44:35
2021-01-24T13:03:23Z,132,3.231,199,4.283,44.99145716428757,-93.22019652463496,6,running,44.985323287546635,-93.23377277702093,2021-01-24T12:39:18Z,generic,44.983910182490945,-93.23805919848382,22.7938,77,4418.37,1375.234,1367.628,2021-01-24,13:03:23
2021-01-26T16:27:07Z,134,3.457,199,5.57,44.9881933350116,-93.19808062165976,11,running,44.98532068915665,-93.23396380059421,2021-01-26T15:43:26Z,generic,44.983873553574085,-93.23402515612543,34.0267666666667,141,7057.28,2389.878,2041.606,2021-01-26,16:27:07
2021-01-27T13:59:06Z,137,3.554,199,4.087,44.98543501831591,-93.22892719879746,5,running,44.98543501831591,-93.23375701904297,2021-01-27T13:40:55Z,generic,44.97270047664642,-93.23498848825693,17.0988,135,3646.02,1067.426,1025.928,2021-01-27,13:59:06
2021-01-27T14:28:02Z,142,3.477,199,3.854,44.988137762993574,-93.20042286068201,4,running,44.985365783795714,-93.23375349864364,2021-01-27T14:10:36Z,generic,44.98398922383785,-93.23389884084463,15.09555,73,3149.16,918.097,905.733,2021-01-27,14:28:02
2021-01-27T15:10:22Z,156,3.682,199,6.42,44.98808579519391,-93.19736262783408,36,running,44.986171117052436,-93.20035086013377,2021-01-27T14:30:10Z,generic,44.98340307734907,-93.23254130780697,38.5247833333333,179,8512.01,2390.021,2311.487,2021-01-27,15:10:22
2021-01-28T17:27:23Z,138,3.42,199,4.096,44.991427240893245,-93.22161038406193,5,running,44.98532412573695,-93.2338160276413,2021-01-28T17:05:12Z,generic,44.98398679308593,-93.23805316351354,19.2093666666667,99,3941.61,1162.805,1152.562,2021-01-28,17:27:23
NA,139,3.505,167,5.542,3.7708341418113445e-6,-7.814076713030107e-6,5,running,3.770628712387869e-6,-7.814763138165589e-6,2021-01-29T16:10:54Z,generic,3.7705123117487386e-6,-7.815126468625063e-6,NA,56,2889.38,828.907,824.406,2021-01-29,16:26:10
NA,146,3.475,180,6.709,3.7708543404978116e-6,-7.812356459403064e-6,10,running,3.7708346898104847e-6,-7.814165228943458e-6,2021-01-29T16:44:36Z,generic,3.7705097825219115e-6,-7.814776163683753e-6,NA,93,4426.37,1332.572,1273.773,2021-01-29,17:08:54
NA,150,3.518,170,6.317,3.7708615136661218e-6,-7.811493669875744e-6,21,running,3.770625796751384e-6,-7.81476127637362e-6,2021-01-29T17:25:20Z,generic,3.770078064579265e-6,-7.814775903735447e-6,NA,168,8704.36,2676.284,2474.322,2021-01-29,18:14:33
NA,151,3.591,177,6.979,3.7708657993004742e-6,-7.811154142250972e-6,38,running,3.7706230286531323e-6,-7.814761564424453e-6,2021-01-31T13:04:37Z,generic,3.769805399875956e-6,-7.814780695215158e-6,NA,445,17031.27,4945.979,4742.466,2021-01-31,14:27:14
NA,135,3.467,146,4.488,3.7711464029657766e-6,-7.813002936805929e-6,8,running,3.7706258740333185e-6,-7.81476018740096e-6,2021-02-01T16:18:45Z,generic,3.7704423716013167e-6,-7.815253239094187e-6,NA,121,5802.32,1676.874,1673.426,2021-02-01,16:48:23
NA,139,3.428,146,3.844,3.770861548794276e-6,-7.812821893344453e-6,6,running,3.770625136342163e-6,-7.814769376925103e-6,2021-02-02T14:55:59Z,generic,3.770514784770529e-6,-7.814783371980218e-6,NA,101,4558.65,1329.942,1329.942,2021-02-02,15:18:17
NA,102,0,113,65.535,1.5087425701745124e-5,1.5087425701745124e-5,1,cycling,1.5087425701745124e-5,1.5087425701745124e-5,2021-02-02T15:35:04Z,indoor_cycling,1.5087425701745124e-5,1.5087425701745124e-5,NA,65535,0,1210.107,1210.107,2021-02-02,16:00:22
NA,154,3.735,176,5.776,3.7706878962956457e-6,-7.8141817532254e-6,38,running,3.7706176259436106e-6,-7.814765878161323e-6,2021-02-03T16:51:02Z,generic,3.770004878590752e-6,-7.815367426659833e-6,NA,251,8909.36,2427.523,2385.422,2021-02-03,17:32:47
NA,144,3.125,155,4.124,3.7733747431344073e-6,-7.809970274403473e-6,22,running,3.7706223752695393e-6,-7.814758943864438e-6,2021-02-04T10:59:29Z,generic,3.7699875533869818e-6,-7.81477406302036e-6,NA,304,17396.55,5667.94,5566.62,2021-02-04,12:34:57
NA,137,3.375,153,10.254,3.7706208015284024e-6,-7.814064593818223e-6,6,running,3.7706208015284024e-6,-7.814771006871276e-6,2021-02-05T17:22:21Z,generic,3.769634901885227e-6,-7.814963677750529e-6,NA,130,4357.06,1677.094,1290.858,2021-02-05,17:52:53
NA,144,3.681,165,5.449,3.7708638321240504e-6,-7.811676420565319e-6,14,running,3.7706307357693284e-6,-7.814774856916559e-6,2021-02-07T14:49:39Z,generic,3.7704583338328567e-6,-7.814780301779872e-6,NA,254,9105.16,3092.128,2473.686,2021-02-07,15:41:52
NA,107,0,137,65.535,1.5087425701745124e-5,1.5087425701745124e-5,7,cycling,1.5087425701745124e-5,1.5087425701745124e-5,2021-02-08T19:30:55Z,indoor_cycling,1.5087425701745124e-5,1.5087425701745124e-5,NA,65535,0,2733.974,2721.531,2021-02-08,20:16:47
NA,149,3.409,174,6.839,3.770619677427588e-6,-7.813537502947275e-6,42,running,3.7706129117458264e-6,-7.814773767943898e-6,2021-02-09T15:42:42Z,generic,3.769813914939606e-6,-7.81541498314983e-6,NA,247,10271.07,3218.049,3013.221,2021-02-09,16:39:25
NA,139,3.701,152,4.479,3.7706242159846193e-6,-7.814542744150053e-6,3,running,3.7706242159846193e-6,-7.814766932005838e-6,2021-02-10T09:31:46Z,generic,3.7699843918534443e-6,-7.8149271374485e-6,NA,69,2098.29,767.806,567.023,2021-02-10,09:46:11
NA,157,3.827,172,4.609,3.7708710755486605e-6,-7.811548511944124e-6,5,running,3.770624693727468e-6,-7.814761248271102e-6,2021-02-10T09:56:09Z,generic,3.770343282114702e-6,-7.814775650812759e-6,NA,61,3778.89,998.392,987.325,2021-02-10,10:13:03
NA,141,3.455,151,4.05,3.7708518393735026e-6,-7.81161437722611e-6,5,running,3.7703991850532337e-6,-7.81161437722611e-6,2021-02-10T11:07:26Z,generic,3.7703991850532337e-6,-7.814766650980633e-6,NA,65,3649.12,1067.334,1056.148,2021-02-10,11:25:48
NA,137,3.37,146,4.572,1.5087425701745124e-5,1.5087425701745124e-5,3,running,1.5087425701745124e-5,1.5087425701745124e-5,2021-02-10T17:42:18Z,treadmill,1.5087425701745124e-5,1.5087425701745124e-5,NA,0,3226.13,957.316,957.316,2021-02-10,18:00:21
NA,146,3.278,167,4.647,3.770854874445696e-6,-7.811606880878811e-6,13,running,3.770626471211876e-6,-7.814761227194211e-6,2021-02-11T06:04:20Z,generic,3.770328373727677e-6,-7.814780610907596e-6,NA,158,7652.35,2334.453,2334.453,2021-02-11,06:47:47
NA,159,3.622,177,5.309,3.4256423908467205e-6,-7.78898728874197e-6,24,running,3.4256208010854972e-6,-7.791115633117714e-6,2021-02-13T14:08:55Z,generic,3.4247965401135134e-6,-7.791132445450492e-6,NA,109,6680.97,1910.385,1844.431,2021-02-13,14:44:30
NA,108,0,125,65.535,1.5087425701745124e-5,1.5087425701745124e-5,1,cycling,1.5087425701745124e-5,1.5087425701745124e-5,2021-02-15T19:15:53Z,indoor_cycling,1.5087425701745124e-5,1.5087425701745124e-5,NA,0,0,1800.577,1800.577,2021-02-15,19:50:21
NA,155,3.534,181,6.354,3.7707404339573617e-6,-7.814180537791395e-6,41,running,3.77060077848268e-6,-7.814776936503063e-6,2021-02-16T15:49:18Z,generic,3.77003463213413e-6,-7.815380030640192e-6,NA,311,11799.2,3579.991,3338.431,2021-02-16,16:52:39
NA,150,3.44,162,4.339,3.7708505115294264e-6,-7.811383971687713e-6,15,running,3.770624370548481e-6,-7.81476270960216e-6,2021-02-17T11:00:21Z,generic,3.7688456144997803e-6,-7.815120763813435e-6,NA,279,11456.55,3500.34,3330.289,2021-02-17,12:08:49
NA,140,3.278,153,4.171,3.7711555292592475e-6,-7.81214328070962e-6,9,running,3.7706017199171062e-6,-7.814778432962273e-6,2021-02-18T15:51:25Z,generic,3.770514791796156e-6,-7.814778432962273e-6,NA,118,6661.8,2062.153,2032.428,2021-02-18,16:29:43
NA,154,3.992,173,5.309,3.7706157290234863e-6,-7.813195129942333e-6,21,running,3.7705972867445285e-6,-7.814777913065642e-6,2021-02-19T13:48:36Z,generic,3.769433547327197e-6,-7.815307350497038e-6,NA,328,12479.89,3149.157,3126.252,2021-02-19,14:49:53
NA,147,3.247,157,3.732,3.770864323918154e-6,-7.810874971814208e-6,15,running,3.7706312205378046e-6,-7.814775334659409e-6,2021-02-20T05:43:19Z,generic,3.7688644853421702e-6,-7.81479174653127e-6,NA,411,11283.98,3521.476,3475.074,2021-02-20,06:42:26
NA,139,3.519,150,4.292,3.7711367075962664e-6,-7.813640323043465e-6,6,running,3.770627454800083e-6,-7.814763299755088e-6,2021-02-20T16:54:24Z,generic,3.7705159158969706e-6,-7.81512443119234e-6,NA,70,4040.18,1151.14,1148.112,2021-02-20,17:15:43
NA,147,3.494,173,6.317,3.770865117814354e-6,-7.811681689787877e-6,45,running,3.7706283330038457e-6,-7.814762491807625e-6,2021-02-21T13:08:49Z,generic,3.770463652234825e-6,-7.814777786604308e-6,NA,425,15288.4,4538.862,4375.003,2021-02-21,14:24:35
NA,134,3.574,147,4.581,3.7711416887679927e-6,-7.81448663746825e-6,7,running,3.77062796064545e-6,-7.814783758389869e-6,2021-02-22T18:03:41Z,generic,3.7699394418722084e-6,-7.815448495405303e-6,NA,228,4964.08,1392.197,1388.759,2021-02-22,18:28:34
NA,140,3.554,148,4.283,3.770630700641183e-6,-7.812900285324862e-6,9,running,3.7706171622520246e-6,-7.814763974215572e-6,2021-02-23T09:47:34Z,generic,3.7693413991631042e-6,-7.814811832807658e-6,NA,204,6445.68,1822.606,1813.528,2021-02-23,10:18:15
NA,133,3.46,142,4.236,3.77074072903383e-6,-7.814180727483412e-6,6,running,3.7706150686142573e-6,-7.814783407108363e-6,2021-02-23T16:58:25Z,generic,3.770004351668494e-6,-7.815381794073347e-6,NA,141,4549.87,1518.731,1314.837,2021-02-23,17:24:41
NA,133,3.018,165,8.855,3.77065555029477e-6,-7.814216691683775e-6,40,running,3.7706354007877034e-6,-7.814754370179252e-6,2021-02-23T17:26:50Z,generic,3.7700871346677e-6,-7.815294191491903e-6,NA,266,5933.14,2390.15,1966.164,2021-02-23,18:11:45
NA,139,3.547,148,3.835,3.7708401416994237e-6,-7.814489813053051e-6,3,running,3.7706024365313792e-6,-7.814781250239934e-6,2021-02-26T14:23:53Z,generic,3.77050971929124e-6,-7.815126124369184e-6,NA,50,2134.88,601.821,601.821,2021-02-26,14:36:00
NA,141,3.368,151,3.695,3.770727654336249e-6,-7.814578581889081e-6,3,running,3.7706246023942697e-6,-7.8147651966752035e-006,2021-03-16T17:20:09Z,generic,3.770433259359109e-6,-7.815190078679781e-6,NA,33,1660.71,493.142,493.142,2021-03-16,17:28:40
NA,119,1.807,160,9.349,3.770662147361406e-6,-7.81475852935226e-6,11,running,3.77059891669071e-6,-7.814780210446681e-6,2021-03-16T17:33:10Z,generic,3.7705938722883115e-6,-7.814915278184922e-6,NA,21,1109.4,613.939,613.939,2021-03-16,17:43:38
NA,152,3.364,180,6.196,3.7706239490106767e-6,-7.812347958390668e-6,35,running,3.7706239490106767e-6,-7.814769931949878e-6,2021-03-17T15:01:12Z,generic,3.7679649236670152e-6,-7.81551367920116e-6,NA,427,16098.67,4851.765,4785.209,2021-03-17,16:22:24
NA,140,3.601,156,6.065,3.770857888441007e-6,-7.812023015973949e-6,14,running,3.7706223893208025e-6,-7.814719199875088e-6,2021-03-18T17:11:44Z,generic,3.770473038476603e-6,-7.814719199875088e-6,NA,160,6696.77,1859.692,1859.692,2021-03-18,17:43:10
NA,143,3.496,153,4.133,3.7708538908574887e-6,-7.81202258741051e-6,6,running,3.770624693727468e-6,-7.814762224833682e-6,2021-03-19T13:49:38Z,generic,3.7704716755043725e-6,-7.814775882658557e-6,NA,87,4031.87,1153.284,1153.284,2021-03-19,14:22:39
NA,159,3.824,179,9.452,3.770680723127335e-6,-7.812035472416075e-6,29,running,3.770575704008932e-6,-7.81212304689499e-6,2021-03-19T14:23:19Z,generic,3.770543653084516e-6,-7.812130620524216e-6,NA,70,6151.73,1992.052,1608.728,2021-03-19,14:58:43
NA,147,3.235,153,3.723,3.770854740958725e-6,-7.812022362590348e-6,4,running,3.770575675906414e-6,-7.812027421044001e-6,2021-03-19T15:05:17Z,generic,3.7705177074326417e-6,-7.814773978712806e-6,NA,57,3219.44,999.762,995.074,2021-03-19,15:22:39
NA,145,3.598,158,4.497,3.7708596097203703e-6,-7.807200672668015e-6,11,running,3.7706246023942697e-6,-7.814762646371487e-6,2021-03-20T14:24:16Z,generic,3.7698655814231947e-6,-7.814779219832839e-6,NA,156,8197.49,2286.413,2278.641,2021-03-20,15:02:33
NA,138,3.465,146,4.05,3.771355085255971e-6,-7.814579150965121e-6,13,running,3.7706331174579286e-6,-7.81474546870595e-6,2021-03-21T16:38:51Z,generic,3.7701935167583335e-6,-7.818201207526049e-6,NA,236,10190.77,2950.174,2941.482,2021-03-21,17:31:26
NA,144,3.704,159,4.796,3.7706124761567586e-6,-7.811307026987097e-6,20,running,3.7705957902853266e-6,-7.814787784075907e-6,2021-03-22T16:28:45Z,generic,3.766927104617564e-6,-7.81512399560327e-6,NA,444,15569.01,4752.191,4202.874,2021-03-22,17:48:48
NA,147,3.223,155,3.9,3.7708476591236123e-6,-7.812013552450228e-6,5,running,3.7706090827774327e-6,-7.814784713875558e-6,2021-03-23T07:37:31Z,generic,3.7705058481690735e-6,-7.814789294586372e-6,NA,104,3223.56,1007.011,1000.162,2021-03-23,07:58:52
NA,139,4.123,176,6.559,3.770675453904776e-6,-7.812029353092279e-6,40,running,3.7705685519175115e-6,-7.81211534680443e-6,2021-03-23T08:04:41Z,generic,3.770541566472385e-6,-7.812117658236724e-6,NA,83,8724.79,2116.013,2116.013,2021-03-23,08:40:13
NA,110,3.561,159,3.695,3.770854256190257e-6,-7.812026058071771e-6,4,running,3.7707082495459745e-6,-7.812026058071771e-6,2021-03-23T08:42:10Z,generic,3.7706394686275214e-6,-7.814614208859202e-6,NA,34,2679.09,757.226,752.428,2021-03-23,08:55:14
NA,127,3.51,173,4.46,3.7711440564053298e-6,-7.8136390233019e-6,6,running,3.7706264993143937e-6,-7.814759646427447e-6,2021-03-24T17:29:34Z,generic,3.770515241436487e-6,-7.81512265370793e-6,NA,110,4031.5,1148.549,1148.549,2021-03-24,17:50:47
NA,145,3.462,153,3.826,3.7711395951302253e-6,-7.812028313299028e-6,7,running,3.77063343361128e-6,-7.814752030644441e-6,2021-03-25T17:07:41Z,generic,3.7705441378529927e-6,-7.815111398648548e-6,NA,102,4834.97,1396.389,1396.389,2021-03-25,17:32:55
NA,137,3.679,175,7.194,3.7706776459013607e-6,-7.812037060208468e-6,35,running,3.770574650164417e-6,-7.81211557865022e-6,2021-03-25T17:43:15Z,generic,3.7705413276009604e-6,-7.812125231865948e-6,NA,179,8365.41,2273.781,2273.781,2021-03-25,18:21:17
NA,143,3.364,150,12.662,3.7708510033235297e-6,-7.812023753665106e-6,4,running,3.770695027310176e-6,-7.812023978485266e-6,2021-03-25T18:25:20Z,generic,3.770519794044773e-6,-7.814769257489387e-6,NA,66,3026.29,899.636,899.636,2021-03-25,18:40:29
NA,140,3.42,149,4.199,3.77062530495728e-6,-7.813738056583478e-6,6,running,3.77062530495728e-6,-7.814777807681191e-6,2021-03-26T13:35:31Z,generic,3.768655634436842e-6,-7.815974736175015e-6,NA,262,9056.05,2658.821,2648.126,2021-03-26,14:20:44
NA,145,3.393,153,3.835,3.771139026054195e-6,-7.813620180562028e-6,3,running,3.7706182863528307e-6,-7.814719066388117e-6,2021-03-27T07:51:08Z,generic,3.7705156418974005e-6,-7.815123152527663e-6,NA,89,4069.61,1199.574,1199.574,2021-03-27,08:11:13
NA,122,7.429,165,8.239,3.770357747887032e-6,-7.81415150788792e-6,1,running,3.7703017114615293e-6,-7.81415150788792e-6,2021-03-27T08:40:27Z,generic,3.7703017114615293e-6,-7.814299804887594e-6,NA,0,222.92,30.007,30.007,2021-03-27,08:41:52
NA,156,6.042,180,6.401,3.770359230294979e-6,-7.814134252940448e-6,3,running,3.7702610611659e-6,-7.814208921336916e-6,2021-03-27T09:01:38Z,generic,3.7702509161560675e-6,-7.814301378628732e-6,NA,9,1757.5,290.875,290.875,2021-03-27,09:06:54
NA,150,3.621,175,5.589,3.771149206192173e-6,-7.812996093842232e-6,22,running,3.770632084690304e-6,-7.814771006871276e-6,2021-03-27T10:21:56Z,generic,3.770514510770959e-6,-7.815117728741241e-6,NA,163,5246.65,1449.092,1449.092,2021-03-27,10:46:23
NA,131,3.223,159,5.393,3.7729976283887335e-6,-7.80745819713852e-6,3,running,3.7729429338585785e-6,-7.807802108756454e-6,2021-03-29T14:11:17Z,generic,3.7721278413338474e-6,-7.808302762181415e-6,NA,52,3802.44,1305.82,1179.744,2021-03-29,14:34:36
NA,140,3.44,155,4.189,3.770620576708241e-6,-7.814471398876612e-6,5,running,3.770620576708241e-6,-7.814738309588894e-6,2021-03-30T07:26:40Z,generic,3.769864787527003e-6,-7.816859094386676e-6,NA,453,7014.26,2056.437,2039.267,2021-03-30,08:03:08
NA,126,3.512,145,4.815,3.772994881367373e-6,-7.807470871375179e-6,2,running,3.772930702236607e-6,-7.807731213123335e-6,2021-03-30T15:00:48Z,generic,3.7729115503690197e-6,-7.80780768710673e-6,NA,19,2069.11,708.259,589.226,2021-03-30,15:23:46
NA,118,3.46,173,3.779,3.770736991398627e-6,-7.81413551755386e-6,3,running,3.7706026191977596e-6,-7.814777470450948e-6,2021-03-31T06:10:24Z,generic,3.7699192291344697e-6,-7.815448017662454e-6,NA,138,4659.83,1376.758,1346.822,2021-03-31,06:35:24
NA,150,3.379,159,4.022,3.7705758585727936e-6,-7.812940535159577e-6,9,running,3.7700409270986783e-6,-7.814352019370332e-6,2021-03-31T06:40:34Z,generic,3.7679522424047292e-6,-7.81596995874656e-6,NA,440,14195.93,4371.345,4201.101,2021-03-31,07:53:48
NA,145,2.457,176,8.864,3.772969764739844e-6,-7.807572546293665e-6,36,running,3.772915280978587e-6,-7.807721763650886e-6,2021-04-01T14:12:36Z,generic,3.7729123021114385e-6,-7.807766889272873e-6,NA,45,4544.33,1849.639,1849.639,2021-04-01,14:46:23
NA,139,3.438,170,7.185,3.7729671722823454e-6,-7.807572932703316e-6,9,running,3.7729258826543783e-6,-7.807722522418932e-6,2021-04-01T14:50:23Z,generic,3.772913910980721e-6,-7.807761100153684e-6,NA,56,3553.12,2422.426,1033.437,2021-04-01,15:33:41
NA,142,3.599,170,5.496,3.7735308596603683e-6,-7.805334236755947e-6,6,running,3.7729439244724136e-6,-7.807818527653944e-6,2021-04-02T10:04:45Z,generic,3.772913074930748e-6,-7.808184710519221e-6,NA,221,9561.9,2661.702,2656.66,2021-04-02,10:51:11
NA,156,3.953,172,4.749,3.7766196357702525e-6,-7.805874549862703e-6,8,running,3.7729893100427172e-6,-7.807814628429251e-6,2021-04-03T07:20:03Z,generic,3.7729884950696265e-6,-7.807837574137087e-6,NA,208,12710.01,3267.139,3214.972,2021-04-03,08:14:44
NA,146,3.414,170,3.807,3.7860367341213645e-6,-7.805912122932357e-6,2,running,3.7860350549957822e-6,-7.805953131535117e-6,2021-04-03T11:20:10Z,generic,3.7859801356454585e-6,-7.806097248284904e-6,NA,18,1711.69,501.397,501.397,2021-04-03,11:54:14
NA,141,3.11,151,3.695,3.7860402961158156e-6,-7.8056208332837e-6,3,running,3.7860402961158156e-6,-7.8056208332837e-6,2021-04-03T12:55:31Z,generic,3.785135661935753e-6,-7.806722452079886e-6,NA,74,4135.38,1336.909,1329.504,2021-04-03,13:19:54
NA,137,3.489,147,3.919,3.7708436545144663e-6,-7.813540242943008e-6,3,running,3.770626344750532e-6,-7.814778116808915e-6,2021-04-04T18:23:07Z,generic,3.7704754763702475e-6,-7.815120019096651e-6,NA,152,4039.15,1157.633,1157.633,2021-04-04,18:42:42
