"","HRVtime$datetime","size","SDNN","SDANN","SDNNIDX","pNN50","SDSD","rMSSD","IRRR","MADRR","TINN","HRVi"
"1",2019-12-11 15:22:46,5,52.114156753977,NA,NA,22.027972027972,48.030940856889,47.9500395589687,62.5000000000498,24.9999999999204,149.479166666667,9.56666666666667
"2",2019-12-12 08:51:38,5,50.7047999086948,NA,NA,16.2192393736018,35.9417354589439,35.9216460263688,70.000000000249,20.9999999999932,188.978040540541,12.0945945945946
"3",2019-12-12 16:15:17,5,67.9543514224599,NA,NA,46.8822170900693,80.93076171501,80.8376041505683,92.499999999994,43.9999999999827,193.75,12.4
"4",2019-12-13 08:54:14,5,NA,NA,0,NA,NA,NA,0,NA,15.625,1
"5",2019-12-13 11:29:35,5,105.289125744305,NA,NA,30,108.550500280331,108.416327183683,18.0000000000149,21.0000000000008,42.96875,2.75
"6",2019-12-13 12:40:36,5,55.8668988723254,NA,NA,33.3333333333333,65.5621115903935,64.0212018452871,60.2499999999814,36.9999999999777,85.9375,5.5
"7",2019-12-13 13:32:33,5,274.321935598765,NA,NA,72.7272727272727,308.578873567415,305.760898861742,268.250000000077,138.000000000147,175,11.2
"8",2019-12-17 08:54:02,5,31.5123907254058,NA,NA,13.8461538461538,34.6840144987485,34.5964278576891,41.0000000000075,17.9999999999723,87.5,5.6
"9",2019-12-25 12:49:35,5,143.014832611652,128.526906273992,85.0538478088199,68.75,119.605021879791,118.464393384679,204.999999999996,89.5000000000037,191.40625,12.25
"10",2019-12-25 15:45:13,5,44.9934004566868,NA,NA,11.1111111111111,47.1081679454839,46.3109458303769,38.499999999985,22.0000000000056,109.375,7
"11",2019-12-26 07:37:55,5,163.38654450903,143.031145448436,68.7962464943,59.7826086956522,92.8785612403603,92.3730621377017,189.000000000001,66.4999999999942,290.625,18.6
"12",2019-12-27 08:35:14,5,347.121155269516,641.712559359778,NA,61,317.892595260116,317.678343611899,251.999999999995,69.4999999999907,394.53125,25.25
"13",2019-12-27 10:11:06,5,232.412285016034,NA,NA,30.7086614173228,168.908064885017,168.242466574448,346.99999999998,20.0000000000102,117.647058823529,7.52941176470588
"14",2019-12-27 17:05:59,5,49.115388918051,31.1923822269913,NA,22.2222222222222,52.3470775136151,51.5478921507475,60.0000000000018,30.9999999999987,87.5,5.6
"15",2019-12-28 09:55:53,5,125.686347730694,83.487904808011,89.5760107308943,63.953488372093,134.887333033384,134.112153690267,171.999999999992,71.5000000000075,169.921875,10.875
"16",2019-12-29 07:42:48,5,44.2426220752228,27.3370280529321,36.2201647735579,25.8928571428571,46.3122411552667,46.105081839516,45.0000000000016,31.0000000000059,135.817307692308,8.69230769230769
"17",2019-12-30 07:33:23,5,68.2838457334608,36.2527579857348,58.638400217884,56.043956043956,87.6603655168047,87.177852818122,99.5000000000027,52.9999999999973,143.75,9.2
"18",2019-12-30 09:05:04,5,32.0614329665764,NA,NA,3.2258064516129,39.2389426928742,38.6431148146658,31.999999999961,22.9999999999961,100,6.4
"19",2019-12-31 17:40:49,5,80.708031866519,25.7465706300759,83.8119013336717,70.873786407767,94.0946277532146,93.6369253361504,137.75000000001,84.0000000000173,232.142857142857,14.8571428571429
"20",2020-01-02 06:07:27,5,89.1934440626834,69.890796241061,57.9271749520302,40.5660377358491,69.5018321489264,69.1805813085487,128.999999999998,39.9999999999991,278.645833333333,17.8333333333333
"21",2020-01-02 19:19:36,5,384.921204057824,NA,NA,50,451.134126397047,464.763380657298,337.99999999998,337.99999999998,46.875,3
"22",2020-01-03 05:33:07,5,60.883518806439,57.2748684272577,24.9024938976022,7.75193798449612,26.6192491150596,26.515901328369,71.5000000000031,16.0000000000052,169.270833333333,10.8333333333333
"23",2020-01-04 11:03:23,5,85.2463712462165,66.3125107925741,54.4135578879812,34.1463414634146,60.197426090796,59.9646237173303,114.249999999998,33.9999999999989,215.277777777778,13.7777777777778
"24",2020-01-05 08:02:35,5,82.0135953641919,57.7375424930027,64.8247963921533,65.2631578947368,84.8144381209583,84.3670551815107,116.25000000001,67.0000000000073,250,16
"25",2020-01-06 06:08:24,5,75.8602839016377,62.2538668100732,48.7523312199585,44.6601941747573,70.9023789754247,70.5830090393477,120.25,46.9999999999968,232.142857142857,14.8571428571429
"26",2020-01-07 10:02:17,5,110.054957375379,55.5632488645526,92.8605888763965,66.4179104477612,132.001490531026,131.510540976986,154,80.9999999999926,301.339285714286,19.2857142857143
"27",2020-01-09 07:06:32,5,110.282842331628,104.57108253567,31.5819642242157,18.8811188811189,38.1726884255361,38.0404642857703,196.000000000001,26,321.428571428571,20.5714285714286
"28",2020-01-10 06:24:53,5,63.5497044451429,42.1893705387175,53.5018616531986,50.7575757575758,68.1873715449889,67.930166905122,84.0000000000316,50.5000000000138,207.8125,13.3
"29",2020-01-11 07:41:15,5,79.2006256221662,66.0464740652609,40.9800368503358,32.4786324786325,63.5923492628074,63.3397432653718,87.249999999992,24,167.613636363636,10.7272727272727
"30",2020-01-12 09:41:20,5,92.8209234929333,55.9692258226775,76.0690253013904,64.3478260869565,107.71916406395,107.252404452626,141.249999999999,67.0000000000002,258.928571428571,16.5714285714286
"31",2020-01-13 06:38:00,5,105.764890416354,NA,NA,33.0708661417323,64.3717302862247,64.1429260373261,171.000000000007,34.000000000006,285.714285714286,18.2857142857143
"32",2020-01-16 08:16:04,5,59.704860983473,57.517984705539,NA,18.1208053691275,41.5208256038397,41.3825661181537,72.499999999989,20.0000000000031,167.410714285714,10.7142857142857
"33",2020-01-17 08:46:43,5,93.5007999372211,87.6164904177909,NA,27.3381294964029,56.4431410557972,56.2433049572818,141.25,32.0000000000391,243.055555555556,15.5555555555556
"34",2020-01-22 05:44:29,5,117.772362682272,101.48447354964,65.0855100504763,39.2592592592593,71.007973765688,70.7651829017016,167.499999999995,39.999999999992,265.625,17
"35",2020-01-23 08:27:57,5,95.6994031015845,71.5744752285473,69.9514156430574,64.2276422764228,88.3675329046335,88.0079911375393,139.250000000001,67.999999999998,242.1875,15.5
"36",2020-01-24 08:32:46,5,73.0666475495277,43.5481950189543,59.8437230091907,65.6,86.770864740082,86.4305501544429,101.249999999987,65.9999999999884,246.09375,15.75
"37",2020-01-25 07:37:47,5,88.4566750825137,65.0163770682639,66.4768510620287,63.9344262295082,93.2752953400291,92.913409362397,117.5,77.0000000000017,240.234375,15.375
"38",2020-01-26 08:09:35,5,77.6809077524361,52.3786904245525,58.535619528294,46.9230769230769,73.7902489142304,73.5096016753018,96.4999999999955,48.4999999999972,227.430555555556,14.5555555555556
"39",2020-01-27 06:01:06,5,64.841347010509,50.6422045846576,45.5028024567307,57.5471698113208,75.5955712085264,75.2532830099375,89.9999999999998,60.5000000000189,208.984375,13.375
"40",2020-01-28 06:05:07,5,79.8341893402233,59.1348836036082,57.435302829132,59.8214285714286,85.0606448622145,84.68412947958,112.000000000009,65.4999999999974,220.703125,14.125
"41",2020-01-29 06:31:02,5,57.8817881596644,31.6506055436666,53.6576159640111,61.3445378151261,79.7034374623394,79.3679866881131,87.4999999999995,63.0000000000164,208.333333333333,13.3333333333333
"42",2020-01-30 09:03:38,5,57.1346501318625,39.0621793998884,49.1768501131231,56.4102564102564,74.7673353517621,74.4473082750603,77.5000000000016,61.0000000000068,153.645833333333,9.83333333333333
"43",2020-01-31 07:12:05,5,54.3859324275837,31.4434534834789,47.1583494951603,54.4642857142857,77.4460994944121,77.1163314183749,80.0000000000125,57.5000000000036,220.703125,14.125
"44",2020-02-01 06:15:17,5,61.2278418702006,36.0828228309298,49.6803508587593,48.4615384615385,70.8038136250605,70.5311169735646,89.0000000000045,49.0000000000067,170.572916666667,10.9166666666667
"45",2020-02-02 08:21:08,5,80.1504287453915,60.2980468791808,60.6562539947997,68.4210526315789,84.3594824495085,83.9895565772009,106.000000000005,66.9999999999978,199.652777777778,12.7777777777778
"46",2020-02-03 06:27:28,5,64.3514559020273,44.6202421000038,51.2998762876346,54.5454545454545,71.4302632424612,71.1366395579912,88.500000000007,52.9999999999832,211.805555555556,13.5555555555556
"47",2020-02-04 06:02:14,5,77.0530120544721,44.170315910214,64.8649478547932,66.6666666666667,90.9052682033047,90.5259631266076,97.9999999999918,75.5000000000016,157.552083333333,10.0833333333333
"48",2020-02-05 06:24:15,5,75.8723801169409,57.0569973619063,55.3788086315115,60.6837606837607,80.6947698961593,80.3598211465206,97.7500000000066,61.0000000000141,230.46875,14.75
"49",2020-02-06 07:11:47,5,68.4194834406523,39.7361103626005,59.6798608166368,59.2,80.7600811643805,80.4413823849386,105.250000000009,58.0000000000016,218.75,14
"50",2020-02-07 06:18:37,5,72.7886370214977,54.2852445047085,55.2834213748232,63.6363636363636,85.124119393269,84.7760784129259,109.000000000003,68.0000000000014,211.805555555556,13.5555555555556
"51",2020-02-08 09:49:10,5,80.7656036575428,58.8954465017211,59.2792457447653,59.1549295774648,82.4267724098743,82.1534119716988,91.4999999999964,64.0000000000001,203.125,13
"52",2020-02-09 09:06:42,5,76.4361054529775,64.1542333186935,47.0617288384275,44.2857142857143,61.927652315218,61.7186010396042,97.9999999999955,44.0000000000075,220.3125,14.1
"53",2020-02-10 05:34:02,5,48.8269022088275,36.3314436715785,32.9648782802305,17.3611111111111,38.4449771550696,38.3192909062212,61.9999999999975,25.0000000000003,174.278846153846,11.1538461538462
"54",2020-02-12 05:11:31,5,89.1859379209356,73.5892525099649,51.1119902084636,44.3609022556391,61.8845629717081,61.6574334346195,127.000000000006,42.0000000000016,232.638888888889,14.8888888888889
"55",2020-02-13 06:36:52,5,64.1614269732234,46.8313038788002,47.0009911136253,51.5625,62.221149098816,61.9830495982565,88.9999999999975,52.999999999976,251.953125,16.125
"56",2020-02-14 06:41:32,5,101.466526500121,84.2604053593977,57.9693521788726,52.8,80.5555284340562,80.2373977643824,142.500000000002,52.9999999999688,246.09375,15.75
"57",2020-02-15 10:41:22,5,73.2138846492831,63.7158762359126,44.4269128282452,30.1282051282051,53.1128626479511,52.9463928216133,95.0000000000025,34.4999999999995,245.3125,15.7
"58",2020-02-16 07:52:53,5,104.496422323558,84.6953168688058,64.247449837752,59.0909090909091,84.6042302766708,84.2831627025921,139.999999999999,66.0000000000011,346.354166666667,22.1666666666667
"59",2020-02-17 07:30:28,5,67.667102969527,38.9977126871254,59.4067409138779,59.8540145985401,76.8785231435834,76.59763103577,93.2499999999936,60.0000000000165,239.583333333333,15.3333333333333
"60",2020-02-18 05:33:20,5,77.0614231379517,53.477247072316,59.6152499412048,57.8125,76.005329019549,75.7166799655124,103.999999999999,55.000000000014,223.958333333333,14.3333333333333
"61",2020-02-19 05:30:14,5,63.4462891214983,50.1446742854651,42.1212993646967,38.8489208633094,56.0876708092549,55.8872194241577,91.5000000000089,41.0000000000039,218.75,14
"62",2020-02-20 06:46:46,5,75.982088021593,58.1231012484804,52.0233328852955,41.0958904109589,60.0910539612885,59.9262674813516,99.499999999998,40.0000000000098,208.806818181818,13.3636363636364
"63",2020-02-21 07:56:31,5,61.4827211499294,NA,NA,28.5714285714286,65.6262868354556,63.3279446329075,20.5000000000019,30.9999999999918,41.6666666666667,2.66666666666667
"64",2020-02-22 15:37:42,5,76.8374948903305,49.5023405994311,58.9010867904247,55.7522123893805,95.8775829061156,95.452995428552,100.500000000004,59.0000000000011,178.125,11.4
"65",2020-02-23 07:34:16,5,71.448576100326,52.7697146989526,42.7083671935916,41.6058394160584,56.5741997873618,56.3724579435631,73.5000000000059,38.9999999999943,215.625,13.8
"66",2020-02-24 06:34:15,5,62.5714940246241,49.556352147604,41.2076474213959,37.3239436619718,53.7510586506291,53.5619951452865,90.0000000000015,40.000000000008,248.263888888889,15.8888888888889
"67",2020-02-25 06:22:46,5,87.8427943324271,67.1169772338182,62.8319674223951,54.8387096774194,80.6351816537009,80.3093816075911,115.000000000009,64.5000000000024,217.013888888889,13.8888888888889
"68",2020-02-26 06:10:54,5,71.3566970705525,62.3572803986772,37.3417819092401,25,46.768753898438,46.6251005360837,88.999999999999,31.9999999999893,220.3125,14.1
"69",2020-02-27 07:08:59,5,65.367086468548,56.1680518659865,32.8113500656029,21.0526315789474,39.4709654684278,39.3771240028638,90.5000000000005,25.5000000000081,213.169642857143,13.6428571428571
"70",2020-02-28 07:26:43,5,69.1863616600236,52.6316036396446,48.6606427521707,38.125,62.3468236167199,62.1553497295288,99.9999999999961,35.99999999998,251.5625,16.1
"71",2020-02-29 08:41:20,5,70.6957801826489,62.1470101770757,NA,21.505376344086,46.9672033698628,46.8451464074519,85.0000000000009,26.0000000000105,224.759615384615,14.3846153846154
"72",2020-03-01 06:32:42,5,69.5832031572996,53.05430098438,47.877647429752,46.2962962962963,60.4925948961296,60.3057026969917,93.5000000000095,45.9999999999994,195.913461538462,12.5384615384615
"73",2020-03-02 06:06:32,5,103.161085383284,77.0910873441229,70.6771063800022,50,79.0875046204121,78.8368367924727,143.499999999996,51.0000000000019,310.546875,19.875
"74",2020-03-03 05:45:09,5,83.7472797398157,63.2574784498399,55.04875286194,40.6060606060606,61.8168043083785,61.6528895338972,123.25,43.999999999997,259.375,16.6
"75",2020-03-04 06:36:27,5,58.390661601417,35.9626736606916,48.1466745615696,43.312101910828,64.3435710316491,64.1466274165477,86.4999999999973,41.0000000000109,205.729166666667,13.1666666666667
"76",2020-03-05 06:49:14,5,71.4139144039887,61.3649144959269,42.7361854972697,40,56.6612044669751,56.4973584794164,101.00000000001,40.0000000000063,259.375,16.6
"77",2020-03-06 07:27:13,5,74.120328525894,53.3407016618783,55.9024236060679,59.6385542168675,79.4348787592107,79.1967962112146,102.499999999988,64.499999999999,200.721153846154,12.8461538461538
"78",2020-03-07 09:03:31,5,77.2438876663918,59.0050319389593,53.3578520496056,53.8961038961039,73.2333337332121,72.9954188208493,105.000000000004,53.0000000000026,186.298076923077,11.9230769230769
"79",2020-03-08 07:50:35,5,68.3935191770644,52.8375407093916,46.616870070491,41.958041958042,69.083505126674,68.8437472720778,91.9999999999986,37.0000000000009,250,16
"80",2020-03-09 07:11:59,5,67.4587868217554,44.6395220939147,53.2008647147723,56.7567567567568,73.3978105998101,73.152607978485,97.9999999999991,61.0000000000069,194.010416666667,12.4166666666667
"81",2020-03-11 07:11:39,5,54.4382563893213,36.7328815164346,39.2997621602842,23.0337078651685,43.6902386316658,43.5707483566637,68.9999999999956,32.0000000000072,174.8046875,11.1875
"82",2020-03-12 05:52:25,5,61.6967225341921,40.7673241516707,42.9910349946631,38.8888888888889,54.07538325903,53.9085874649789,77.4999999999968,37.5000000000087,195.913461538462,12.5384615384615
"83",2020-03-13 07:06:33,5,58.4929604121427,45.9063666392351,38.9112616905236,30.6748466257669,50.5415465582642,50.388429872648,82.5000000000014,33.9999999999918,213.541666666667,13.6666666666667
"84",2020-03-14 08:02:40,5,86.2365464418693,76.1005302270475,45.7586871231121,31.3609467455621,51.294612014836,51.1482356668758,106.249999999976,32.0000000000107,241.477272727273,15.4545454545455
"85",2020-03-15 08:14:17,5,96.0742826124827,79.3740016604251,51.7842453959083,40.625,68.3186206166094,68.1066718464515,129.999999999995,42.9999999999957,251.5625,16.1
"86",2020-03-16 07:54:14,5,52.6398177212624,36.9331643492882,36.2312165835535,22.1649484536082,41.516014133316,41.4131185948682,67.9999999999907,26.9999999999939,203.125,13
"87",2020-03-17 12:41:37,5,101.834022490199,84.2693600649226,60.3945154980025,55.1282051282051,80.5797384672314,80.3507933999406,123.999999999995,53.9999999999985,245.3125,15.7
"88",2020-03-18 06:36:18,5,76.2369984454585,59.0779343596064,51.3201559111365,44.2176870748299,65.7676830050595,65.5498460175559,102.250000000003,44.0000000000111,192.708333333333,12.3333333333333
"89",2020-03-19 06:59:25,5,82.9556354497379,65.9175074294705,53.9538639723904,40.2597402597403,69.2589020863567,69.0349995931877,106.500000000011,38.5000000000009,220.170454545455,14.0909090909091
"90",2020-03-24 06:50:22,5,85.6514773396802,66.4861754127004,55.5543629888164,55.7046979865772,71.1326397632473,70.89717480953,119.249999999992,54.9999999999995,260.416666666667,16.6666666666667
"91",2020-03-25 07:57:32,5,79.7188394587541,69.4846694394875,NA,60,80.0402626768176,79.7390937804234,90.0000000000036,65.5000000000001,255.859375,16.375
"92",2020-03-26 07:23:11,5,38.764852388736,29.7506243608423,13.4661741318226,7.5187969924812,26.8556069983541,26.7545231928789,29.4999999999989,8.99999999998613,95.1704545454545,6.09090909090909
"93",2020-03-27 07:39:03,5,83.8910986844918,60.9154466457897,63.4997892390775,61.2676056338028,89.069339943385,88.7551625159882,115.499999999994,63.0000000000077,248.263888888889,15.8888888888889
"94",2020-03-28 08:05:03,5,90.6016916275958,NA,NA,23.8095238095238,46.3892713843654,46.2642513435695,128.000000000029,26.5000000000128,264.0625,16.9
"95",2020-03-29 08:27:55,5,97.9956975294902,89.6684835939954,40.4719554935017,31.547619047619,50.2914428121838,50.1495976340502,115.000000000002,35.0000000000002,293.402777777778,18.7777777777778
"96",2020-03-30 07:26:58,5,72.2150015765346,49.4800785724605,55.2989482310268,60.1503759398496,80.3802041286702,80.0857153586786,96.9999999999898,63.0000000000166,190.340909090909,12.1818181818182
"97",2020-03-31 06:36:51,5,157.056803308773,139.895776911811,68.9813210951122,58.273381294964,97.7651977236013,97.4210250156918,200.499999999997,63.9999999999927,364.583333333333,23.3333333333333
"98",2020-04-12 21:33:37,5,120.021306235874,74.7348459386849,86.5799784515966,66.2337662337662,118.383531604405,118.003466821183,157.000000000005,74.9999999999886,302.734375,19.375
"99",2020-04-13 08:05:58,5,85.7176941691846,58.8646776947942,68.3917952728061,69.6296296296296,92.6340708864689,92.2951385100672,127.249999999997,79.0000000000077,303.571428571429,19.4285714285714
"100",2020-04-14 07:16:37,5,84.2355037493881,62.2185715269734,56.5067154491432,52.2292993630573,82.098549385501,81.8370292902743,111.500000000006,51.0000000000055,246.875,15.8
"101",2020-04-15 08:33:59,5,87.7632309937925,59.2836376267153,64.3642237349711,51.4705882352941,94.9427895043493,94.5960063203769,109.000000000009,57.0000000000093,237.847222222222,15.2222222222222
"102",2020-04-16 07:21:21,5,91.9663648788607,93.3389526375307,34.5415910518493,23.1707317073171,50.4394881485373,50.2858293572479,92.000000000013,27.4999999999963,234.375,15
"103",2020-04-17 08:41:43,5,104.900240672546,91.3155917324489,53.267990148604,44.6280991735537,68.518393500825,68.2871913016474,147.749999999996,44.9999999999875,317.708333333333,20.3333333333333
"104",2020-04-18 04:43:25,5,88.8497941462757,68.9907926711193,61.32627609735,58.9928057553957,87.2907904523733,86.9811027190157,131.25,64.0000000000073,273.4375,17.5
"105",2020-04-19 13:58:38,5,63.3172335689267,44.3491083483968,50.0449094518567,60.1398601398601,70.1004949012717,69.8649546490355,95.2499999999945,59.9999999999882,204.545454545455,13.0909090909091
"106",2020-04-20 14:39:46,5,85.2636407369699,64.5136338560668,57.7540380927502,57.3643410852713,95.7568484809679,95.3849808598959,103.000000000001,57.9999999999927,225.694444444444,14.4444444444444
"107",2020-04-21 15:36:08,5,76.7194989685597,46.7417840711204,NA,50.7575757575758,77.9246787077121,77.6497087742589,94.9999999999991,52.9999999999973,188.920454545455,12.0909090909091
"108",2020-04-22 15:32:36,5,126.502125793305,112.219353935759,69.503674207853,63.6363636363636,91.0716644440579,90.7637754672126,228.249999999999,66.0000000000007,281.25,18
"109",2020-04-23 12:03:01,5,60.5316735619873,40.2972104833045,50.548543546295,57.5757575757576,75.917317174396,75.6312826090542,83.999999999997,59.9999999999917,173.177083333333,11.0833333333333
"110",2020-04-24 11:00:11,5,107.040873440457,66.6778035270604,69.3863020506851,28.4810126582278,103.881146657202,103.571567624774,100.500000000003,33.9999999999776,177.455357142857,11.3571428571429
"111",2020-04-25 05:21:50,5,129.304956029868,103.430686689749,74.4425826917289,56.2913907284768,91.1159240280127,90.8142708393291,160.750000000011,59.0000000000117,296.875,19
"112",2020-04-26 05:57:20,5,88.5666216990105,53.9748348441376,76.2961019125551,63.9705882352941,104.152807966983,103.770391334171,118.999999999985,76.0000000000041,305.803571428571,19.5714285714286
"113",2020-04-27 11:54:46,5,108.916477862113,92.037528265614,60.1029658357625,56.3758389261745,76.7271916890929,76.4707690787134,182.749999999988,55.0000000000068,334.821428571429,21.4285714285714
"114",2020-05-21 08:43:31,5,64.8105320067138,50.8365545340743,45.160560648486,43.7908496732026,61.9111767619506,61.7090474399635,76.7499999999879,42.999999999992,200.520833333333,12.8333333333333
"115",2020-07-05 08:00:55,5,104.239546637864,82.3120674419191,67.5001648752738,53.639846743295,88.9307399635373,88.7651341583235,141.249999999985,56.0000000000045,314.903846153846,20.1538461538462
"116",2020-07-06 09:44:19,5,131.766229070562,114.323490721547,68.2851596286194,44.3298969072165,83.7746300973269,83.6388694393913,198.750000000032,45.9999999999923,350.961538461538,22.4615384615385
"117",2020-07-07 05:58:37,5,97.5434314180847,88.8769353938882,42.2026705827049,41.7322834645669,64.1245739777757,64.0044597363488,110.999999999994,43.9999999999827,284.598214285714,18.2142857142857
"118",2020-07-08 05:14:52,5,81.8073509830935,62.6683840840065,54.7224860517814,52.9182879377432,70.6999909620436,70.562911742775,121.249999999968,52.9999999999973,310.096153846154,19.8461538461538
"119",2020-07-09 04:33:44,5,101.049309998204,82.612333974614,58.4591937926695,53.8167938931298,76.8341571271676,76.6898183872879,133.999999999968,56.0000000000222,256.8359375,16.4375
"120",2020-07-10 08:03:57,5,132.78259338105,116.9829326768,62.5444603227982,59.4594594594595,92.6179679689936,92.4113161433774,170.000000000016,59.9999999999952,348.4375,22.3
"121",2020-07-11 08:41:57,5,111.868776709533,85.5411613897197,70.3072511316307,60.4838709677419,92.7981131987216,92.6231090094724,143.999999999995,62.9999999999882,353.693181818182,22.6363636363636
"122",2020-07-12 07:41:24,5,126.658705432001,105.613933109783,58.7135710315552,54.7619047619048,81.1486066460148,80.9875308842689,124.000000000009,57.0000000000164,304.086538461538,19.4615384615385
"123",2020-07-13 06:41:14,5,113.418038174707,80.7201928140329,82.8840402780273,68.2608695652174,116.127079916601,115.885400663573,157.50000000002,82.4999999999818,300.78125,19.25
"124",2020-07-14 10:16:38,5,147.579128079256,117.452124871244,73.0880356398785,63.2034632034632,107.324962877658,107.103744664749,160.750000000012,74.9999999999957,329.545454545455,21.0909090909091
"125",2020-07-15 08:28:04,5,93.3784943416122,65.110945956491,71.3320296613746,68.8888888888889,102.749099752748,102.526202612905,132.499999999997,73.0000000000075,353.125,22.6
"126",2020-07-16 09:34:55,5,129.740889117218,105.610712853446,72.5634376364526,65.2719665271967,108.138558278934,107.913125604926,176.500000000008,73.0000000000075,468.75,30
"127",2020-07-17 06:58:17,5,82.8464229718864,59.1019210851673,59.7948512843231,60.8163265306122,90.10158424489,89.9176947921511,114.749999999995,61.000000000007,256.25,16.4
"128",2020-07-18 09:18:09,5,107.575428820801,88.8365549826027,62.0786442528347,60.6837606837607,90.0436378562573,89.8598148494989,158.000000000015,63.4999999999977,367.1875,23.5
"129",2020-07-19 07:13:03,5,143.94614935367,124.342922808679,55.9903408103121,60.7929515418502,86.7509545755046,86.5603097537749,142.249999999999,62.9999999999313,296.875,19
"130",2020-07-20 04:55:04,5,97.6698924458959,73.8525878205594,67.4694773888174,62.2317596566524,92.7456106673578,92.546473651931,130.749999999994,66.0000000000025,304.6875,19.5
"131",2020-07-21 07:19:41,5,67.6768178591472,60.6421645920755,32.2169355919883,13.915857605178,44.4851842588432,44.4147851414204,70.999999999998,19.9999999999818,193.75,12.4
"132",2020-07-21 07:28:57,5,143.681384008229,124.388731617139,80.8425355867179,40.5797101449275,79.3034336721478,79.0224697452406,260.999999999999,37.5000000000054,241.319444444444,15.4444444444444
"133",2020-07-22 08:09:42,5,83.3453935603246,62.2573828933826,60.9318743821181,68.1818181818182,94.6728577787765,94.4575662304627,113,67.0000000000073,287.760416666667,18.4166666666667
"134",2020-07-23 08:11:41,5,87.8562119249353,63.7660081995724,62.733574808511,65.3508771929825,97.8984604941393,97.6835429404739,114.999999999995,69.0000000000168,275.240384615385,17.6153846153846
"135",2020-07-24 04:53:22,5,92.4272643983519,80.2922214037791,50.024944138635,46.2809917355372,67.2122247990885,67.075601850722,129.499999999997,46.0000000000118,292.067307692308,18.6923076923077
"136",2020-07-25 09:42:04,5,82.3393324926838,61.5506542034948,53.9778667160946,46.0966542750929,69.2346547135542,69.10758812214,113.750000000009,44.0000000000255,301.339285714286,19.2857142857143
"137",2020-07-26 07:45:24,5,77.0804680778169,65.6840246328197,46.3865912366547,46.09375,65.7372628710654,65.6087777568683,115.999999999985,46.5000000000231,308.894230769231,19.7692307692308
"138",2020-07-27 07:16:31,5,118.002349821909,95.8847958097783,73.5020463175621,62.9464285714286,110.332992864973,110.090506597333,168.000000000006,69.5000000000193,390.625,25
"139",2020-07-28 07:12:57,5,134.994799722771,113.550840388915,71.2399109003679,55.6,92.0978069237277,91.9222279973652,200.999999999993,58.4999999999809,435.763888888889,27.8888888888889
"140",2020-07-29 07:28:16,5,82.5024445275399,67.4192851306877,49.9334014086708,37.7224199288256,69.3294779473733,69.2063807150208,98.9999999999876,34.9999999999966,293.75,18.8
"141",2020-07-30 07:26:39,5,103.387051074563,85.9797165564863,59.9513097961016,53.4412955465587,82.6003109096132,82.4385183742467,142.749999999998,56.0000000000116,298.076923076923,19.0769230769231
"142",2020-07-31 05:04:09,5,93.5682758753817,81.6798046097637,49.7852261769856,47.1774193548387,70.7501881114156,70.6151256300088,137,47.4999999999994,353.693181818182,22.6363636363636
"143",2020-08-01 08:38:25,5,74.5713793958508,55.3572844154511,51.7236009876905,43.1372549019608,71.7344404880811,71.5978146232359,100.49999999999,43.0000000000064,266.666666666667,17.0666666666667
"144",2020-08-02 08:08:51,5,87.6594256245701,67.7570967537265,56.1666462464892,49.7872340425532,69.837606815352,69.6943173604602,112.249999999997,49.9999999999973,283.653846153846,18.1538461538462
"145",2020-08-03 06:33:40,5,71.3285753912424,56.380535843103,45.7769282737673,35.5400696864112,55.6168614443329,55.5201567439968,87.2499999999922,36.0000000000014,281.25,18
"146",2020-08-04 15:48:40,5,74.0582399248278,50.5076828115139,57.4761261258383,59.2307692307692,77.4072334173694,77.1105101087454,103.000000000005,56.4999999999909,255.859375,16.375
"147",2020-08-05 17:21:42,5,79.7573323568443,73.2411907027251,38.1957649707252,27.8350515463918,49.0141610594155,48.9316094717746,95.25,30.0000000000009,253.472222222222,16.2222222222222
"148",2020-08-05 22:06:21,5,34.9459322642588,NA,NA,10,34.6890953086613,34.1174442184651,19.9999999999995,16.5000000000006,57.2916666666667,3.66666666666667
"149",2020-08-06 18:53:32,5,70.1270962293288,56.8003116198305,43.3946752081913,26.4516129032258,44.0938351845708,44.0227580440672,97.0000000000014,26.9999999999868,255.756578947368,16.3684210526316
"150",2020-08-07 12:13:34,5,103.813280406483,80.6212509583495,63.536339174063,51.4056224899598,82.0590953848523,81.8962513423893,133,51.9999999999925,325.520833333333,20.8333333333333
"151",2020-08-08 07:39:32,5,73.5933402241877,59.0281456614219,48.5758828559994,52.8225806451613,68.1051462150181,67.9786790578602,91.0000000000082,52.9999999999936,259.375,16.6
"152",2020-08-09 07:25:40,5,78.6127039537132,58.5853428463287,59.2035793999162,62.5570776255708,84.7286054161253,84.5349891084261,101.500000000028,68.9999999999884,229.166666666667,14.6666666666667
"153",2020-08-10 07:40:55,5,122.178489796974,86.6058839330602,82.7366824538588,65.4867256637168,108.858083937504,108.618598775715,149.000000000029,74.5000000000005,394.097222222222,25.2222222222222
"154",2020-08-11 08:29:22,5,85.5984808317169,64.9130061567158,58.9252902154874,58.7628865979381,81.7435177705566,81.5358058086496,106.500000000022,59.5000000000141,304.6875,19.5
"155",2020-08-12 08:55:11,5,76.1875925824049,52.0195029060814,58.9696173310257,60.2564102564103,85.5947103529747,85.4116977916864,103.500000000002,63.0000000000308,215.992647058824,13.8235294117647
"156",2020-08-13 10:16:17,5,100.619794493056,86.2056845347619,56.2883247321202,57.2,82.9667858254198,82.8034781878169,148.000000000003,64.0000000000072,326.822916666667,20.9166666666667
"157",2020-08-14 08:38:17,5,117.735912238769,99.0476320903669,63.9524180989802,60.4081632653061,99.5236592411328,99.3210831144129,176.749999999993,70.9999999999836,427.083333333333,27.3333333333333
"158",2020-08-15 07:03:36,5,116.76328440387,91.9302456809602,65.3656879197021,62.5954198473282,98.032136090164,97.708868076359,152.000000000005,64.9999999999977,229.166666666667,14.6666666666667
"159",2020-08-16 07:38:38,5,97.0528148840859,78.6353774255745,60.8388978985781,53.1120331950208,84.0877859143184,83.9143012752065,146.249999999988,52.0000000000209,315.104166666667,20.1666666666667
"160",2020-08-17 07:35:24,5,100.305421582928,73.3784990273527,72.5558189285658,61.9433198380567,89.2562008973993,89.0755490653588,143.500000000016,67.0000000000002,387.5,24.8
"161",2020-08-18 09:00:13,5,95.0714059352366,76.1522136891534,66.8361475160877,67.0454545454545,97.8479669837747,97.5712152504788,127.000000000003,78.9999999999972,276.5625,17.7
"162",2020-08-19 05:34:55,5,121.024960978886,96.2196374199961,77.082083933759,64,106.033556757894,105.799390882512,167.500000000001,73.9999999999841,441.40625,28.25
"163",2020-08-20 07:12:58,5,109.923977759153,99.4449128517412,54.9717923790651,33.2203389830508,58.7187004579112,58.6237933994581,152.5,33.0000000000439,330.357142857143,21.1428571428571
"164",2020-08-20 14:48:02,5,91.9734595956078,56.853110173179,76.1282648205253,70.5882352941177,113.587057395828,112.467947503661,97.7500000000018,76.0000000000005,135.416666666667,8.66666666666667
"165",2020-08-21 06:52:44,5,130.571059350363,111.549682361757,64.1851948898688,61.4035087719298,90.5409538759871,90.3429867956447,177.999999999997,65.9999999999883,357.8125,22.9
"166",2020-08-22 06:27:36,5,71.682731156349,53.5421851477458,51.0652911217126,49.4071146245059,66.873225549365,66.7429734573533,106.000000000018,48.9999999999782,283.482142857143,18.1428571428571
"167",2020-08-23 08:41:37,5,115.888208422624,96.3236877705684,61.407348504814,51.004016064257,83.013236699267,82.8464006726767,132.250000000006,53.0000000000257,244.140625,15.625
"168",2020-08-24 07:04:28,5,95.5444707373,83.3591843052277,48.2249731568357,35.0230414746544,58.6988646195923,58.5655723721799,148.250000000022,36.0000000000014,227.083333333333,14.5333333333333
"169",2020-08-25 06:59:07,5,262.345367516624,NA,NA,13.7931034482759,257.337544127964,257.287901074669,66.2500000000143,26.0000000000105,199.21875,12.75
"170",2020-08-26 06:48:41,5,88.8174597759429,85.1914542889538,31.3310617641358,17.8451178451178,41.8489267912893,41.7829085609352,96.7499999999895,21.9999999999985,232.8125,14.9
"171",2020-08-26 12:22:48,5,81.7419605851287,62.1883945801348,54.0839020582607,50,77.6170335435713,76.9252884297483,107.000000000002,48.9999999999994,222.65625,14.25
"172",2020-08-26 12:24:17,5,158.69322674321,NA,NA,49.2424242424242,151.098799124691,150.915790285761,150.999999999982,49.0000000000208,296.875,19
"173",2020-08-26 12:30:09,5,39.8276496854572,35.3505232627395,NA,6.45161290322581,26.5945376752791,26.5004564781138,45.0000000000009,19.5000000000007,140.625,9
"174",2020-08-27 06:36:13,5,56.9189555160177,41.7378918722287,38.9392144665316,24.9110320284698,46.1757501110957,46.0935533275861,76.0000000000148,30.9999999999987,191.576086956522,12.2608695652174
"175",2020-08-28 06:36:52,5,68.7726367836219,48.260057787494,48.7055927181834,36.996336996337,58.8508064584903,58.7431236720927,85.4999999999845,38.0000000000393,225.328947368421,14.4210526315789
"176",2020-08-28 06:48:47,5,109.869746361668,87.5015901289207,70.8107197598462,44.4444444444444,80.9821121455985,80.6831020906055,174.250000000008,43.9999999999827,303.571428571429,19.4285714285714
"177",2020-08-28 06:53:03,5,95.2896866850735,77.1999060880258,54.4766280605399,32.0754716981132,60.5734030354703,60.0985040469332,159.250000000002,27.9999999999916,210.9375,13.5
"178",2020-08-29 07:35:53,5,91.2631703210036,83.1684239833926,42.1195590951907,28.3154121863799,49.0161618881721,48.9315592541207,101.999999999989,33.000000000003,312.5,20
"179",2020-08-30 08:33:56,5,70.0529944492553,61.7982836002115,38.9360780392532,13.0841121495327,42.258194287304,42.1947716416849,76.0000000000064,19.0000000000055,228.693181818182,14.6363636363636
"180",2020-08-31 07:40:28,5,68.2165869707088,59.526306145705,31.7749642986649,11.0410094637224,35.27901745224,35.2233522338054,102.499999999996,21.000000000015,261.513157894737,16.7368421052632
"181",2020-09-01 07:58:42,5,130.633341356286,116.185890886349,63.5622379271901,46.0144927536232,84.6067031391354,84.4540223083423,175.999999999959,44.4999999999993,309.151785714286,19.7857142857143
"182",2020-09-02 06:58:19,5,78.7392684544393,67.5303247144721,41.2947247050619,23.8907849829352,45.2078236966834,45.1312080335375,95.7499999999948,29.0000000000248,287.109375,18.375
"183",2020-09-04 08:01:18,5,288.42978563322,599.014474306221,NA,29.9295774647887,282.893998910403,282.872420603402,142.000000000006,30.0000000000011,296.875,19
"184",2020-09-05 08:04:02,5,62.2303804860418,52.2498445979965,34.7085944960961,20.4697986577181,42.5627075430599,42.4940580133605,80.0000000000045,28.5000000000082,233.59375,14.95
"185",2020-09-06 07:29:29,5,64.3311746827466,52.0829797990366,36.5261166142691,19.5744680851064,41.4528795824538,41.3812579634587,83.2499999999907,30.0000000000009,245.833333333333,15.7333333333333
"186",2020-09-07 05:28:41,5,129.068780687266,113.742745241314,55.0113699414545,45.4545454545455,68.5953785392119,68.4319939724325,191.750000000001,44.9999999999982,298.295454545455,19.0909090909091
"187",2020-09-08 06:16:40,5,72.003053266464,57.5265826514191,46.3023158499825,24.4372990353698,46.7008243516636,46.6264832354607,98.9999999999682,27.9999999999987,243.75,15.6
"188",2020-09-09 06:39:31,5,98.8127580802211,88.9768776059774,47.0851740779963,26.0869565217391,53.7841160529091,53.7037893445754,149.500000000007,28.9999999999964,390.625,25
"189",2020-09-10 07:14:46,5,876.354075687043,NA,NA,59.6590909090909,884.649802823899,884.667734236985,132.000000000012,60.9999999999999,276.5625,17.7
"190",2020-09-11 07:13:27,5,76.3774761212986,61.1295817215886,46.8721569588184,39.0510948905109,57.4573069027852,57.3538447154986,96.5000000000061,36.500000000025,268.5546875,17.1875
"191",2020-09-12 07:13:22,5,134.229590953382,NA,NA,53.7777777777778,103.141243309496,102.959474228132,139.750000000038,53.0000000000541,353.125,22.6
"192",2020-09-13 06:46:47,5,130.384904864352,116.43770420028,63.9537427122,46.8864468864469,86.9614783874761,86.8038713878136,172.749999999997,43.9999999999827,475.694444444444,30.4444444444444
"193",2020-09-14 06:05:36,5,140.858206946983,126.51742380513,66.6386447942109,45.4212454212454,87.5772571175392,87.4256355895769,190.999999999981,44.0000000000041,389.204545454545,24.9090909090909
"194",2020-09-15 07:52:25,5,85.9624508793728,67.5855062539498,54.0536633304713,39.3728222996516,61.3180600293107,61.2137114288863,116.24999999998,42.0000000000016,300,19.2
"195",2020-09-16 06:32:11,5,100.319016630535,77.2731223503657,61.8935257864663,49.6296296296296,81.5610216208162,81.4162600922395,122.999999999983,49.99999999999,264.6484375,16.9375
"196",2020-09-17 06:24:41,5,75.4001316784689,NA,NA,16.8316831683168,43.2697090370329,43.2018059761852,92.0000000000023,21.9999999999914,215.909090909091,13.8181818181818
"197",2020-09-18 07:17:10,5,103.959459920898,NA,NA,22.7891156462585,44.6563225588767,44.5826069621045,150.999999999996,22.9999999999961,307.291666666667,19.6666666666667
"198",2020-09-19 07:24:16,5,87.6911125622248,77.4669872080029,40.6333782576388,17.5718849840256,49.2906624716853,49.2154096754329,102.500000000008,20.9999999999866,245.3125,15.7
"199",2020-09-20 05:18:11,5,107.356701395359,92.1623633391558,58.8702694663222,57.4766355140187,86.4133333648811,86.212463049414,134.499999999999,57.0000000000092,335.9375,21.5
"200",2020-09-20 08:23:58,5,127.61548397192,NA,NA,30.9803921568627,128.231891878726,128.038489923777,139.749999999999,34.0000000000202,285.714285714286,18.2857142857143
"201",2020-09-21 06:03:28,5,60.9262630712795,NA,NA,17.9487179487179,37.7045812910591,37.6404330182624,88.5000000000008,21.9999999999914,225.328947368421,14.4210526315789
"202",2020-09-22 06:51:11,5,89.7847564233566,63.6811619147851,68.0887665076412,62.962962962963,95.0626036661503,94.8672887202743,129.999999999997,67.0000000000073,293.269230769231,18.7692307692308
"203",2020-09-23 06:32:35,5,97.8638738317163,87.9361016549084,45.5489227493665,24.5901639344262,52.269117610092,52.1850741803922,127.000000000013,28.0000000000023,265.625,17
"204",2020-09-24 07:57:00,5,69.854039086897,53.4206412581259,46.0336230865882,36.2007168458781,61.7514540501351,61.6407094453977,85.2500000000091,34.9999999999966,218.75,14
"205",2020-09-25 06:07:23,5,87.8618704822084,71.9938832727035,50.946616874253,32.1917808219178,52.9491339819329,52.8586898805728,121.999999999993,32.0000000000107,305.208333333333,19.5333333333333
"206",2020-09-26 06:56:09,5,102.113407371354,89.4914710941623,50.186831306437,29.6928327645051,54.5667135572161,54.47352740289,155.499999999998,27.000000000001,241.776315789474,15.4736842105263
"207",2020-09-27 08:27:06,5,84.4838528050287,52.2599988442972,69.6961734662133,66.8085106382979,95.0596839727704,94.8574069831891,117.999999999995,73.0000000000002,263.392857142857,16.8571428571429
"208",2020-09-28 06:22:59,5,87.0292145131936,78.9477791002305,36.9090275601598,23.6301369863014,48.7493991648914,48.683525102834,106.999999999999,24.9999999999773,254.340277777778,16.2777777777778
"209",2020-09-29 08:55:00,5,1211.20003958999,NA,NA,10.4803493449782,1211.88008255045,1211.87833025277,79.0000000000007,19.0000000000055,163.352272727273,10.4545454545455
"210",2020-09-30 06:43:13,5,66.1496377658721,58.8317879172357,32.114512973719,15.2597402597403,34.287101729086,34.234722633113,87.9999999999797,23.0000000000246,254.111842105263,16.2631578947368
"211",2020-10-01 07:12:31,5,99.4331196533739,87.2973646365259,49.4450728717998,23.7623762376238,56.9612841838713,56.8672532170222,130.249999999993,26.0000000000105,316.666666666667,20.2666666666667
"212",2020-10-02 07:40:28,5,324.383658251909,705.152837656324,NA,17.7993527508091,296.732011107957,296.769521459522,131.750000000004,19.9999999999961,284.926470588235,18.2352941176471
"213",2020-10-03 06:11:41,5,105.781502231766,97.7677852564991,NA,26.3698630136986,50.153219552051,50.085816765786,140.999999999991,23.4999999999843,352.163461538462,22.5384615384615
"214",2020-10-04 08:52:58,5,82.5059232756393,59.3835766627429,NA,47.0588235294118,75.5878226870699,75.4487554959161,107.000000000028,48.0000000000001,304.6875,19.5
"215",2020-10-05 05:31:36,5,105.062137367321,81.9613782314103,65.6180467253991,62.719298245614,91.13756811531,90.9445801940231,115.000000000009,62.9999999999917,275.240384615385,17.6153846153846
"216",2020-10-06 06:16:39,5,77.8338895648101,71.4114748243021,33.1190195271737,15.6549520766773,37.1425648508494,37.083663290823,110.499999999995,19.0000000000055,233.630952380952,14.952380952381
"217",2020-10-07 06:57:24,5,65.2954482013872,57.6291687763072,34.4013065445367,13.8801261829653,34.7674923016304,34.7137460386776,90.0000000000167,21.000000000015,225.852272727273,14.4545454545455
"218",2020-10-08 07:32:09,5,106.139596798785,87.8208275781444,49.0563757829459,30.3370786516854,96.7972597673366,96.6159818046419,142.249999999997,31.9999999999823,322.115384615385,20.6153846153846
"219",2020-10-09 06:44:30,5,77.0569020105483,NA,NA,48.3193277310924,66.7702956588544,66.6300459643414,114.499999999988,48.9999999999782,287.259615384615,18.3846153846154
"220",2020-10-10 07:13:35,5,78.3076279732185,61.5313271376371,46.6373422191748,28.6184210526316,53.5307862408171,53.4430341086348,96.9999999999978,31.4999999999941,250.822368421053,16.0526315789474
"221",2020-10-11 08:45:51,5,84.8178855387305,68.8176051988933,52.6272976141064,39.9293286219081,62.4273314855939,62.317011272949,125.250000000012,39.0000000000441,295.833333333333,18.9333333333333
"222",2020-10-12 06:30:28,5,90.9416929612387,72.0444761945098,56.6217488817822,46.8401486988848,71.1208390713162,70.991334095991,117.249999999995,46.999999999997,301.339285714286,19.2857142857143
"223",2020-10-13 06:36:40,5,88.1361139906995,67.6965108751351,62.2074544118658,65.8536585365854,85.7219590061312,85.5479706629736,122.5,69.0000000000097,275.669642857143,17.6428571428571
"224",2020-10-14 07:08:08,5,133.221429593261,128.62482718539,54.526957012525,35.6902356902357,64.3630127914903,64.2560115229318,172.999999999994,35.9999999999872,291.015625,18.625
"225",2020-10-15 06:37:17,5,117.330691038896,103.675548477766,59.3647315970558,50.3968253968254,85.7423517600667,85.5758505098004,153.000000000077,50.9999999999735,329.427083333333,21.0833333333333
"226",2020-10-16 08:43:14,5,131.164650204465,110.708130922503,66.7320545728266,56.1264822134387,93.9042088469624,93.7184624160471,190.499999999997,63.0000000000166,396.875,25.4
"227",2020-10-17 08:41:58,5,99.227902381417,75.9116661245299,67.0324405195102,60.5577689243028,87.4811815848058,87.3075801165993,139.499999999998,61.0000000000034,357.954545454545,22.9090909090909
"228",2020-10-18 08:22:04,5,115.045327640271,82.0392489335673,84.4517197467988,67.3728813559322,113.081039653119,112.841909812666,167.999999999992,81.0000000000031,308.59375,19.75
"229",2020-10-19 06:36:06,5,94.1488235336095,68.1118914926894,68.5390254842511,59.765625,90.4391190384515,90.2623346834116,125,62.0000000000153,267.708333333333,17.1333333333333
"230",2020-10-20 07:42:56,5,108.696664951426,83.0971671663384,72.2941669649802,57.7868852459016,98.0274534844507,97.8263768111668,165.000000000006,59.9999999999916,382.8125,24.5
"231",2020-10-21 07:02:56,5,66.0474568574162,51.4860231728603,42.7985682491549,35.1851851851852,55.0357004282692,54.9343716190983,76.50000000001,36.0000000000156,222.861842105263,14.2631578947368
"232",2020-10-22 07:28:09,5,104.308187709056,88.4154352592939,56.8228150371872,44.7368421052632,71.5005929993747,71.3667326302368,144.500000000008,44.4999999999993,379.261363636364,24.2727272727273
"233",2020-10-23 06:27:09,5,85.4236372022945,66.6781568982272,54.6201224398295,55.4655870445344,80.8636402251165,80.700225004577,109.750000000001,56.9999999999879,227.941176470588,14.5882352941176
"234",2020-10-24 06:35:13,5,87.6586359199913,65.3100415234918,57.9216810578103,39.5104895104895,67.1615875106658,67.0460127984366,114.999999999988,40.9999999999897,213.541666666667,13.6666666666667
"235",2020-10-25 08:44:17,5,63.925113840801,49.013337484137,41.2691550889613,20.3883495145631,45.2492573721712,45.1770698202117,81.499999999977,26.9999999999975,220.170454545455,14.0909090909091
"236",2020-10-26 05:10:39,5,109.06845193601,78.7386661021635,75.7360031312037,62.1399176954733,104.578331823524,104.371763521444,153.250000000021,66.0000000000025,317.708333333333,20.3333333333333
"237",2020-10-27 05:55:44,5,115.90849747519,93.7976748078358,60.4020549060205,48.4732824427481,75.8522760436041,75.7092671327039,135.500000000005,47.0000000000005,342.447916666667,21.9166666666667
"238",2020-10-28 05:54:10,5,73.5234025931837,64.9649694367928,38.2839888582242,24.3150684931507,44.8710276571114,44.7956547550266,108.000000000004,28.0000000000058,269.301470588235,17.2352941176471
"239",2020-10-29 08:03:15,5,121.908133173357,107.969153904422,59.810000055544,50.5747126436782,79.6808005323399,79.5355049756012,182.25,50.9999999999877,409.375,26.2
"240",2020-10-30 07:12:37,5,104.192388106637,75.8142344169143,70.9937370326664,73.1601731601732,102.445059484026,102.23955402351,132.500000000022,81.0000000000014,302.083333333333,19.3333333333333
"241",2020-10-31 08:39:42,5,87.6273219377638,75.5247586912895,49.4096848592721,33.6734693877551,64.691376970329,64.5261377193745,117.000000000004,36.5000000000038,181.066176470588,11.5882352941176
"242",2020-11-01 05:36:02,5,128.973299487331,NA,NA,46.2151394422311,72.2408064705955,72.1109426356977,174.749999999982,46.9999999999686,328.125,21
"243",2020-11-02 05:55:00,5,65.4103088392534,NA,NA,12.0879120879121,38.2156174818852,38.1456625986716,73.4999999999889,15.9999999999983,186.141304347826,11.9130434782609
"244",2020-11-03 07:17:44,5,52.6596168119708,42.2343781867887,32.5881103424364,11.6207951070336,34.0100231662064,33.9592758447836,69.2499999999895,20.9999999999866,205,13.12
"245",2020-11-04 06:40:40,5,55.9945573222525,46.3356292667743,35.0594684960575,17.6100628930818,36.1239623836317,36.0671979407257,64.9999999999977,22.9999999999961,207.682291666667,13.2916666666667
"246",2020-11-05 10:03:59,5,102.687703242835,72.4769575673349,76.192535755738,63.4615384615385,95.8492449353563,95.6665281871606,132.000000000019,65.5000000000143,271.875,17.4
"247",2020-11-06 06:58:05,5,56.2754473960345,50.1496794915713,25.8284683731375,6.58307210031348,29.0111511633028,28.9714484896122,59.4999999999982,16.0000000000196,166.666666666667,10.6666666666667
"248",2020-11-07 08:06:29,5,64.9557765514475,59.8136619116979,NA,16.504854368932,37.8717194934857,37.8105052096244,89.4999999999975,20.9999999999582,220.170454545455,14.0909090909091
"249",2020-11-08 08:36:19,5,100.590499353845,86.0539560705895,50.77763024105,36.2068965517241,59.4776158865848,59.3840510342734,137.999999999991,36.4999999999895,324.776785714286,20.7857142857143
"250",2020-11-09 06:20:22,5,105.987494867115,91.9857426826233,54.2772770506044,43.956043956044,68.9337794569984,68.8075832774511,129.750000000009,45.0000000000089,329.326923076923,21.0769230769231
"251",2020-11-10 06:54:25,5,77.5032414474721,59.2441969924108,55.1177384744442,42.0168067226891,72.2313777282302,72.079525409046,117,43.4999999999945,219.669117647059,14.0588235294118
"252",2020-11-11 06:20:25,5,76.7416306611687,60.1569570099331,50.3252294472407,44.1176470588235,63.9323199321589,63.8149035239,99.9999999999943,43.9999999999968,250.919117647059,16.0588235294118
"253",2020-11-12 06:37:39,5,97.1455824837577,83.2586149676843,46.3504295111092,36.2007168458781,58.9745992114987,58.8691215893564,119.99999999998,35.0000000000001,336.538461538462,21.5384615384615
"254",2020-11-13 07:28:09,5,79.0267361950432,64.9526620951404,43.0770452131913,24.6527777777778,48.8131848291332,48.728627793801,108.000000000018,30.0000000000011,282.2265625,18.0625
"255",2020-11-14 08:48:24,5,74.0867771329353,62.8995753784085,37.828671446126,32.280701754386,50.9374469215726,50.8539705017163,99.0000000000146,33.9999999999634,223.4375,14.3
"256",2020-11-15 09:38:48,5,86.948879222444,70.5229166052482,53.3083583800323,50.1960784313725,71.0316886143172,70.8934024420021,129.499999999991,51.0000000000161,285.714285714286,18.2857142857143
"257",2020-11-16 07:01:15,5,80.4226298952645,NA,NA,47.4576271186441,78.6558027403225,78.4919838290773,131,48.4999999999953,246.875,15.8
"258",2020-11-17 07:43:03,5,101.212352874541,81.5372119919636,62.3642926888808,53.6290322580645,80.9928074398776,80.8293702609001,135.999999999999,54.4999999999901,353.693181818182,22.6363636363636
"259",2020-11-18 08:39:12,5,99.3641908194597,79.4381206154895,44.3914160927656,19.8473282442748,85.4665047092576,85.4552916455668,86.0000000000127,27.9999999999916,293.526785714286,18.7857142857143
"260",2020-11-19 07:11:20,5,122.003854495345,108.302505325415,55.0613573801705,45.7564575645756,68.0689253461956,67.9489443670053,185.500000000008,43.9999999999827,425,27.2
"261",2020-11-20 09:18:49,5,92.474471211174,76.0059737400793,53.5634773289767,44.4866920152091,72.6430082439854,72.5065356959687,106.49999999997,44.0000000000005,242.647058823529,15.5294117647059
"262",2020-11-21 08:19:59,5,93.9755408355824,74.8754799645489,57.0203138821204,35.5311355311355,66.5017417670222,66.3803558920222,132.750000000037,36.0000000000014,285.416666666667,18.2666666666667
"263",2020-11-22 07:52:42,5,104.876687370382,88.1254854910431,62.0725235444412,53.2,85.9674315841346,85.801724924387,152.499999999996,54.4999999999902,217.881944444444,13.9444444444444
"264",2020-11-23 07:46:33,5,97.0014986529777,81.1192265488396,57.8575346288481,47.5609756097561,76.3780208829771,76.223169343157,143.000000000008,48.0000000000018,321.614583333333,20.5833333333333
"265",2020-11-24 07:48:13,5,82.0345175233791,63.9068625075972,53.8659052447938,40.7942238267148,61.6067807766342,61.4976739309463,111.5,39.0000000000157,241.319444444444,15.4444444444444
"266",2020-11-25 08:00:20,5,102.793116490568,86.9924646425342,54.968282811506,41.1320754716981,70.1017236456425,69.9698587398543,127.499999999998,40.9999999999968,319.711538461538,20.4615384615385
"267",2020-11-26 08:44:46,5,192.728037067909,162.163389768869,NA,19.6581196581197,168.710448073737,168.39851492534,100.500000000011,21.9999999999984,203.993055555556,13.0555555555556
"268",2020-11-27 09:01:56,5,119.607375092739,90.7663523422316,59.1034492170905,28.8888888888889,118.99229470239,118.772346825219,110.999999999997,31.0000000000059,325.721153846154,20.8461538461538
"269",2020-11-28 08:34:09,5,79.3778853117333,72.1421776779248,NA,18.0094786729858,46.8247360014176,46.7163975596147,99.7500000000047,21.9999999999914,254.807692307692,16.3076923076923
"270",2020-11-29 06:42:12,5,90.4168268050216,70.3503351402617,56.5281812443396,40.4411764705882,63.6033599710675,63.4863347964131,111.000000000004,42.0000000000157,250.919117647059,16.0588235294118
"271",2020-11-30 07:49:57,5,86.3941855057288,70.1421731922964,49.2828239606892,36.8231046931408,61.6970898438678,61.5863691609277,95.2500000000002,37.0000000000027,271.484375,17.375
"272",2020-12-01 08:14:50,5,106.142762687237,89.4315067042921,55.4722158446752,48.0916030534351,76.6468827833358,76.500910536915,139.499999999991,46.9999999999686,293.526785714286,18.7857142857143
"273",2020-12-02 07:26:07,5,102.617599695974,78.5654524274422,68.4476205509118,60.8695652173913,89.4900602036969,89.2953818368651,123.999999999992,64.9999999999977,277.644230769231,17.7692307692308
"274",2020-12-03 07:16:58,5,84.4852201264752,71.8323256070599,48.0070166429279,32.2463768115942,53.2969253612661,53.2009793415355,97.0000000000084,34.4999999999977,254.595588235294,16.2941176470588
"275",2020-12-04 07:44:03,5,68.597780239144,59.3492167338153,35.8060799984255,21.2328767123288,42.1111836270455,42.039283650687,96.0000000000232,24.9999999999773,240.953947368421,15.4210526315789
"276",2020-12-05 08:29:27,5,75.4142935687812,57.7582215330511,51.8217134629519,43.4108527131783,62.6824776805612,62.56423056137,108.000000000004,43.9999999999685,252.9296875,16.1875
"277",2020-12-06 07:43:22,5,90.4768860991291,64.6369075366165,63.2813448964629,48.6590038314176,74.5119750363242,74.3702037315026,142.250000000004,48.0000000000018,314.903846153846,20.1538461538462
"278",2020-12-07 06:47:45,5,98.8844787010982,76.9818639136904,61.8422592041224,58.3333333333333,84.0502355070319,83.8848653507917,138.000000000005,55.9999999999911,304.086538461538,19.4615384615385
"279",2020-12-08 06:56:44,5,99.3305810756978,76.6078680120915,65.9999764788385,47.4747474747475,79.5618764921055,79.360894117642,125.000000000008,45.9999999999923,345.486111111111,22.1111111111111
"280",2020-12-09 06:58:19,5,69.0623788022195,47.416965150034,53.5957559918,45.8498023715415,68.3850939925439,68.2502660377921,83.7500000000091,46.0000000000066,233.455882352941,14.9411764705882
"281",2020-12-10 06:46:41,5,95.3724834631446,76.1920872269229,61.4595218757995,62.3931623931624,86.4331093105683,86.2485228413106,135.500000000008,69.9999999999861,305.989583333333,19.5833333333333
"282",2020-12-11 06:17:35,5,104.043410663332,86.2614394549092,58.7638122164206,53.2520325203252,77.699508826055,77.541858614547,120.999999999995,52.999999999984,275.669642857143,17.6428571428571
"283",2020-12-12 09:45:32,5,91.5871222670021,66.5006373689777,68.6893360154063,60.0806451612903,88.9401891992542,88.7635950514129,126.000000000005,68.499999999986,299.278846153846,19.1538461538462
"284",2020-12-13 07:07:15,5,108.164892623629,85.3851636380198,64.909253854182,62.7118644067797,91.543134402231,91.3577666398649,138.999999999982,64.9999999999977,336.647727272727,21.5454545454545
"285",2020-12-14 05:47:41,5,136.232566997258,118.613120064072,62.9685217720134,49.4208494208494,88.1505155616941,87.980210129991,199.749999999994,49.9999999999829,406.25,26
"286",2020-12-15 06:26:12,5,100.769509687031,83.9275383307277,56.1181866082838,56.1643835616438,78.1218359774982,77.8738882152003,137.999999999995,57.0000000000084,287.109375,18.375
"287",2020-12-16 07:26:38,5,56.2936946581767,49.5586134274195,27.2475235466474,11.7460317460317,29.794162245864,29.74692194294,67.9999999999907,16.0000000000018,214.673913043478,13.7391304347826
"288",2020-12-17 06:51:20,5,58.8623941186897,43.5013465276367,41.4165227855159,30.1526717557252,49.2680431402913,49.1746769685571,78.9999999999866,33.9999999999918,205.46875,13.15
"289",2020-12-18 06:52:55,5,75.4745669382043,64.5503000478542,38.5796499693137,25.7042253521127,45.4169843892091,45.3370398581386,92.9999999999964,25.9999999999962,212.053571428571,13.5714285714286
