time,rr,time_sec,key,time_created
0.561,0.561,0.561,6442051741,2021_03_16_18_33_10
0.547,0.547,1.108,6442051741,2021_03_16_18_33_10
0.549,0.549,1.657,6442051741,2021_03_16_18_33_10
0.538,0.538,2.1950000000000003,6442051741,2021_03_16_18_33_10
0.479,0.479,2.6740000000000004,6442051741,2021_03_16_18_33_10
1.085,1.085,3.7590000000000003,6442051741,2021_03_16_18_33_10
1.017,1.017,4.776,6442051741,2021_03_16_18_33_10
0.492,0.492,5.268,6442051741,2021_03_16_18_33_10
0.486,0.486,5.754,6442051741,2021_03_16_18_33_10
0.482,0.482,6.236,6442051741,2021_03_16_18_33_10
0.478,0.478,6.714,6442051741,2021_03_16_18_33_10
0.468,0.468,7.182,6442051741,2021_03_16_18_33_10
0.47,0.47,7.652,6442051741,2021_03_16_18_33_10
0.454,0.454,8.106,6442051741,2021_03_16_18_33_10
0.47,0.47,8.576,6442051741,2021_03_16_18_33_10
0.455,0.455,9.031,6442051741,2021_03_16_18_33_10
0.452,0.452,9.483,6442051741,2021_03_16_18_33_10
0.88,0.88,10.363,6442051741,2021_03_16_18_33_10
0.449,0.449,10.812,6442051741,2021_03_16_18_33_10
0.439,0.439,11.251,6442051741,2021_03_16_18_33_10
0.434,0.434,11.685,6442051741,2021_03_16_18_33_10
0.432,0.432,12.117,6442051741,2021_03_16_18_33_10
0.423,0.423,12.54,6442051741,2021_03_16_18_33_10
0.434,0.434,12.974,6442051741,2021_03_16_18_33_10
0.818,0.818,13.792,6442051741,2021_03_16_18_33_10
0.295,0.295,14.087,6442051741,2021_03_16_18_33_10
0.555,0.555,14.642,6442051741,2021_03_16_18_33_10
0.809,0.809,15.451,6442051741,2021_03_16_18_33_10
0.412,0.412,15.863,6442051741,2021_03_16_18_33_10
0.799,0.799,16.662,6442051741,2021_03_16_18_33_10
0.408,0.408,17.07,6442051741,2021_03_16_18_33_10
0.395,0.395,17.465,6442051741,2021_03_16_18_33_10
0.392,0.392,17.857,6442051741,2021_03_16_18_33_10
0.406,0.406,18.263,6442051741,2021_03_16_18_33_10
0.365,0.365,18.628,6442051741,2021_03_16_18_33_10
0.796,0.796,19.424,6442051741,2021_03_16_18_33_10
0.388,0.388,19.812,6442051741,2021_03_16_18_33_10
0.389,0.389,20.201,6442051741,2021_03_16_18_33_10
0.387,0.387,20.588,6442051741,2021_03_16_18_33_10
0.375,0.375,20.963,6442051741,2021_03_16_18_33_10
1.155,1.155,22.118,6442051741,2021_03_16_18_33_10
0.388,0.388,22.506,6442051741,2021_03_16_18_33_10
0.385,0.385,22.891000000000002,6442051741,2021_03_16_18_33_10
0.38,0.38,23.271,6442051741,2021_03_16_18_33_10
0.39,0.39,23.661,6442051741,2021_03_16_18_33_10
0.386,0.386,24.047,6442051741,2021_03_16_18_33_10
0.386,0.386,24.433,6442051741,2021_03_16_18_33_10
0.38,0.38,24.813,6442051741,2021_03_16_18_33_10
0.768,0.768,25.581,6442051741,2021_03_16_18_33_10
0.39,0.39,25.971,6442051741,2021_03_16_18_33_10
0.38,0.38,26.351,6442051741,2021_03_16_18_33_10
0.385,0.385,26.736,6442051741,2021_03_16_18_33_10
0.387,0.387,27.123,6442051741,2021_03_16_18_33_10
0.388,0.388,27.511,6442051741,2021_03_16_18_33_10
0.384,0.384,27.895,6442051741,2021_03_16_18_33_10
0.388,0.388,28.283,6442051741,2021_03_16_18_33_10
0.392,0.392,28.675,6442051741,2021_03_16_18_33_10
0.391,0.391,29.066,6442051741,2021_03_16_18_33_10
0.389,0.389,29.455000000000002,6442051741,2021_03_16_18_33_10
0.395,0.395,29.85,6442051741,2021_03_16_18_33_10
0.39,0.39,30.240000000000002,6442051741,2021_03_16_18_33_10
0.394,0.394,30.634,6442051741,2021_03_16_18_33_10
0.389,0.389,31.023,6442051741,2021_03_16_18_33_10
0.397,0.397,31.42,6442051741,2021_03_16_18_33_10
0.396,0.396,31.816,6442051741,2021_03_16_18_33_10
0.389,0.389,32.205,6442051741,2021_03_16_18_33_10
0.398,0.398,32.603,6442051741,2021_03_16_18_33_10
0.794,0.794,33.397,6442051741,2021_03_16_18_33_10
0.397,0.397,33.794000000000004,6442051741,2021_03_16_18_33_10
0.396,0.396,34.19,6442051741,2021_03_16_18_33_10
0.399,0.399,34.589,6442051741,2021_03_16_18_33_10
0.401,0.401,34.99,6442051741,2021_03_16_18_33_10
0.397,0.397,35.387,6442051741,2021_03_16_18_33_10
0.401,0.401,35.788000000000004,6442051741,2021_03_16_18_33_10
0.402,0.402,36.19,6442051741,2021_03_16_18_33_10
0.4,0.4,36.59,6442051741,2021_03_16_18_33_10
0.399,0.399,36.989,6442051741,2021_03_16_18_33_10
0.403,0.403,37.392,6442051741,2021_03_16_18_33_10
0.402,0.402,37.794000000000004,6442051741,2021_03_16_18_33_10
0.4,0.4,38.194,6442051741,2021_03_16_18_33_10
0.81,0.81,39.004,6442051741,2021_03_16_18_33_10
0.405,0.405,39.409,6442051741,2021_03_16_18_33_10
0.81,0.81,40.219,6442051741,2021_03_16_18_33_10
0.406,0.406,40.625,6442051741,2021_03_16_18_33_10
0.4,0.4,41.025,6442051741,2021_03_16_18_33_10
0.405,0.405,41.43,6442051741,2021_03_16_18_33_10
0.407,0.407,41.837,6442051741,2021_03_16_18_33_10
0.409,0.409,42.246,6442051741,2021_03_16_18_33_10
0.405,0.405,42.651,6442051741,2021_03_16_18_33_10
0.82,0.82,43.471000000000004,6442051741,2021_03_16_18_33_10
0.412,0.412,43.883,6442051741,2021_03_16_18_33_10
0.409,0.409,44.292,6442051741,2021_03_16_18_33_10
0.819,0.819,45.111000000000004,6442051741,2021_03_16_18_33_10
0.408,0.408,45.519,6442051741,2021_03_16_18_33_10
0.412,0.412,45.931,6442051741,2021_03_16_18_33_10
0.411,0.411,46.342,6442051741,2021_03_16_18_33_10
0.406,0.406,46.748,6442051741,2021_03_16_18_33_10
0.407,0.407,47.155,6442051741,2021_03_16_18_33_10
0.416,0.416,47.571,6442051741,2021_03_16_18_33_10
0.412,0.412,47.983000000000004,6442051741,2021_03_16_18_33_10
0.41,0.41,48.393,6442051741,2021_03_16_18_33_10
0.828,0.828,49.221000000000004,6442051741,2021_03_16_18_33_10
0.419,0.419,49.64,6442051741,2021_03_16_18_33_10
0.418,0.418,50.058,6442051741,2021_03_16_18_33_10
0.407,0.407,50.465,6442051741,2021_03_16_18_33_10
0.42,0.42,50.885,6442051741,2021_03_16_18_33_10
0.418,0.418,51.303,6442051741,2021_03_16_18_33_10
0.412,0.412,51.715,6442051741,2021_03_16_18_33_10
0.428,0.428,52.143,6442051741,2021_03_16_18_33_10
0.421,0.421,52.564,6442051741,2021_03_16_18_33_10
0.417,0.417,52.981,6442051741,2021_03_16_18_33_10
0.853,0.853,53.834,6442051741,2021_03_16_18_33_10
0.435,0.435,54.269,6442051741,2021_03_16_18_33_10
0.422,0.422,54.691,6442051741,2021_03_16_18_33_10
0.428,0.428,55.119,6442051741,2021_03_16_18_33_10
0.434,0.434,55.553,6442051741,2021_03_16_18_33_10
0.434,0.434,55.987,6442051741,2021_03_16_18_33_10
0.427,0.427,56.414,6442051741,2021_03_16_18_33_10
0.438,0.438,56.852000000000004,6442051741,2021_03_16_18_33_10
0.433,0.433,57.285000000000004,6442051741,2021_03_16_18_33_10
0.431,0.431,57.716,6442051741,2021_03_16_18_33_10
0.882,0.882,58.598,6442051741,2021_03_16_18_33_10
0.445,0.445,59.043,6442051741,2021_03_16_18_33_10
0.445,0.445,59.488,6442051741,2021_03_16_18_33_10
0.444,0.444,59.932,6442051741,2021_03_16_18_33_10
0.453,0.453,60.385,6442051741,2021_03_16_18_33_10
0.454,0.454,60.839,6442051741,2021_03_16_18_33_10
0.901,0.901,61.74,6442051741,2021_03_16_18_33_10
0.454,0.454,62.194,6442051741,2021_03_16_18_33_10
0.451,0.451,62.645,6442051741,2021_03_16_18_33_10
0.45,0.45,63.095,6442051741,2021_03_16_18_33_10
0.455,0.455,63.55,6442051741,2021_03_16_18_33_10
0.453,0.453,64.003,6442051741,2021_03_16_18_33_10
0.916,0.916,64.919,6442051741,2021_03_16_18_33_10
0.465,0.465,65.384,6442051741,2021_03_16_18_33_10
0.458,0.458,65.842,6442051741,2021_03_16_18_33_10
0.47,0.47,66.312,6442051741,2021_03_16_18_33_10
0.473,0.473,66.785,6442051741,2021_03_16_18_33_10
0.47,0.47,67.255,6442051741,2021_03_16_18_33_10
0.953,0.953,68.208,6442051741,2021_03_16_18_33_10
0.488,0.488,68.696,6442051741,2021_03_16_18_33_10
0.478,0.478,69.174,6442051741,2021_03_16_18_33_10
0.483,0.483,69.657,6442051741,2021_03_16_18_33_10
0.484,0.484,70.141,6442051741,2021_03_16_18_33_10
0.481,0.481,70.622,6442051741,2021_03_16_18_33_10
0.48,0.48,71.102,6442051741,2021_03_16_18_33_10
0.477,0.477,71.579,6442051741,2021_03_16_18_33_10
0.485,0.485,72.06400000000001,6442051741,2021_03_16_18_33_10
0.491,0.491,72.555,6442051741,2021_03_16_18_33_10
0.488,0.488,73.043,6442051741,2021_03_16_18_33_10
0.482,0.482,73.525,6442051741,2021_03_16_18_33_10
0.48,0.48,74.005,6442051741,2021_03_16_18_33_10
0.479,0.479,74.484,6442051741,2021_03_16_18_33_10
0.484,0.484,74.968,6442051741,2021_03_16_18_33_10
0.485,0.485,75.453,6442051741,2021_03_16_18_33_10
0.487,0.487,75.94,6442051741,2021_03_16_18_33_10
0.491,0.491,76.431,6442051741,2021_03_16_18_33_10
0.493,0.493,76.924,6442051741,2021_03_16_18_33_10
0.498,0.498,77.422,6442051741,2021_03_16_18_33_10
0.503,0.503,77.925,6442051741,2021_03_16_18_33_10
0.504,0.504,78.429,6442051741,2021_03_16_18_33_10
0.511,0.511,78.94,6442051741,2021_03_16_18_33_10
0.515,0.515,79.455,6442051741,2021_03_16_18_33_10
0.513,0.513,79.968,6442051741,2021_03_16_18_33_10
0.523,0.523,80.491,6442051741,2021_03_16_18_33_10
0.521,0.521,81.012,6442051741,2021_03_16_18_33_10
0.51,0.51,81.522,6442051741,2021_03_16_18_33_10
0.514,0.514,82.036,6442051741,2021_03_16_18_33_10
0.518,0.518,82.554,6442051741,2021_03_16_18_33_10
0.522,0.522,83.076,6442051741,2021_03_16_18_33_10
0.511,0.511,83.587,6442051741,2021_03_16_18_33_10
0.517,0.517,84.104,6442051741,2021_03_16_18_33_10
0.517,0.517,84.621,6442051741,2021_03_16_18_33_10
0.509,0.509,85.13,6442051741,2021_03_16_18_33_10
0.517,0.517,85.647,6442051741,2021_03_16_18_33_10
0.52,0.52,86.167,6442051741,2021_03_16_18_33_10
0.518,0.518,86.685,6442051741,2021_03_16_18_33_10
0.524,0.524,87.209,6442051741,2021_03_16_18_33_10
0.53,0.53,87.739,6442051741,2021_03_16_18_33_10
0.532,0.532,88.271,6442051741,2021_03_16_18_33_10
0.534,0.534,88.805,6442051741,2021_03_16_18_33_10
0.542,0.542,89.347,6442051741,2021_03_16_18_33_10
0.538,0.538,89.885,6442051741,2021_03_16_18_33_10
0.534,0.534,90.419,6442051741,2021_03_16_18_33_10
0.548,0.548,90.967,6442051741,2021_03_16_18_33_10
0.546,0.546,91.513,6442051741,2021_03_16_18_33_10
0.527,0.527,92.04,6442051741,2021_03_16_18_33_10
0.523,0.523,92.563,6442051741,2021_03_16_18_33_10
0.532,0.532,93.095,6442051741,2021_03_16_18_33_10
0.528,0.528,93.623,6442051741,2021_03_16_18_33_10
0.515,0.515,94.138,6442051741,2021_03_16_18_33_10
0.521,0.521,94.659,6442051741,2021_03_16_18_33_10
0.521,0.521,95.18,6442051741,2021_03_16_18_33_10
0.503,0.503,95.683,6442051741,2021_03_16_18_33_10
0.51,0.51,96.193,6442051741,2021_03_16_18_33_10
0.505,0.505,96.69800000000001,6442051741,2021_03_16_18_33_10
0.521,0.521,97.219,6442051741,2021_03_16_18_33_10
0.516,0.516,97.735,6442051741,2021_03_16_18_33_10
0.522,0.522,98.257,6442051741,2021_03_16_18_33_10
0.524,0.524,98.781,6442051741,2021_03_16_18_33_10
0.54,0.54,99.321,6442051741,2021_03_16_18_33_10
0.545,0.545,99.866,6442051741,2021_03_16_18_33_10
0.563,0.563,100.429,6442051741,2021_03_16_18_33_10
0.555,0.555,100.984,6442051741,2021_03_16_18_33_10
0.559,0.559,101.543,6442051741,2021_03_16_18_33_10
0.565,0.565,102.108,6442051741,2021_03_16_18_33_10
0.556,0.556,102.664,6442051741,2021_03_16_18_33_10
0.565,0.565,103.229,6442051741,2021_03_16_18_33_10
0.558,0.558,103.787,6442051741,2021_03_16_18_33_10
0.553,0.553,104.34,6442051741,2021_03_16_18_33_10
0.562,0.562,104.902,6442051741,2021_03_16_18_33_10
0.554,0.554,105.456,6442051741,2021_03_16_18_33_10
0.567,0.567,106.023,6442051741,2021_03_16_18_33_10
0.55,0.55,106.57300000000001,6442051741,2021_03_16_18_33_10
0.554,0.554,107.127,6442051741,2021_03_16_18_33_10
0.539,0.539,107.666,6442051741,2021_03_16_18_33_10
0.538,0.538,108.20400000000001,6442051741,2021_03_16_18_33_10
0.536,0.536,108.74,6442051741,2021_03_16_18_33_10
0.539,0.539,109.279,6442051741,2021_03_16_18_33_10
0.535,0.535,109.81400000000001,6442051741,2021_03_16_18_33_10
0.534,0.534,110.348,6442051741,2021_03_16_18_33_10
0.559,0.559,110.907,6442051741,2021_03_16_18_33_10
0.554,0.554,111.461,6442051741,2021_03_16_18_33_10
0.543,0.543,112.004,6442051741,2021_03_16_18_33_10
0.542,0.542,112.546,6442051741,2021_03_16_18_33_10
0.559,0.559,113.105,6442051741,2021_03_16_18_33_10
0.566,0.566,113.671,6442051741,2021_03_16_18_33_10
0.573,0.573,114.244,6442051741,2021_03_16_18_33_10
0.58,0.58,114.824,6442051741,2021_03_16_18_33_10
0.568,0.568,115.392,6442051741,2021_03_16_18_33_10
0.572,0.572,115.964,6442051741,2021_03_16_18_33_10
0.563,0.563,116.527,6442051741,2021_03_16_18_33_10
0.568,0.568,117.095,6442051741,2021_03_16_18_33_10
0.567,0.567,117.662,6442051741,2021_03_16_18_33_10
0.564,0.564,118.226,6442051741,2021_03_16_18_33_10
0.582,0.582,118.808,6442051741,2021_03_16_18_33_10
0.591,0.591,119.399,6442051741,2021_03_16_18_33_10
0.604,0.604,120.003,6442051741,2021_03_16_18_33_10
0.608,0.608,120.611,6442051741,2021_03_16_18_33_10
0.609,0.609,121.22,6442051741,2021_03_16_18_33_10
0.607,0.607,121.827,6442051741,2021_03_16_18_33_10
0.604,0.604,122.431,6442051741,2021_03_16_18_33_10
0.593,0.593,123.024,6442051741,2021_03_16_18_33_10
0.603,0.603,123.627,6442051741,2021_03_16_18_33_10
0.622,0.622,124.249,6442051741,2021_03_16_18_33_10
0.615,0.615,124.864,6442051741,2021_03_16_18_33_10
0.617,0.617,125.481,6442051741,2021_03_16_18_33_10
0.619,0.619,126.1,6442051741,2021_03_16_18_33_10
0.614,0.614,126.714,6442051741,2021_03_16_18_33_10
0.608,0.608,127.322,6442051741,2021_03_16_18_33_10
0.618,0.618,127.94,6442051741,2021_03_16_18_33_10
0.603,0.603,128.543,6442051741,2021_03_16_18_33_10
0.606,0.606,129.149,6442051741,2021_03_16_18_33_10
0.597,0.597,129.746,6442051741,2021_03_16_18_33_10
0.585,0.585,130.331,6442051741,2021_03_16_18_33_10
0.597,0.597,130.928,6442051741,2021_03_16_18_33_10
0.597,0.597,131.525,6442051741,2021_03_16_18_33_10
0.576,0.576,132.101,6442051741,2021_03_16_18_33_10
1.178,1.178,133.279,6442051741,2021_03_16_18_33_10
0.606,0.606,133.885,6442051741,2021_03_16_18_33_10
0.625,0.625,134.51,6442051741,2021_03_16_18_33_10
0.631,0.631,135.141,6442051741,2021_03_16_18_33_10
0.637,0.637,135.778,6442051741,2021_03_16_18_33_10
0.648,0.648,136.426,6442051741,2021_03_16_18_33_10
0.637,0.637,137.063,6442051741,2021_03_16_18_33_10
0.617,0.617,137.68,6442051741,2021_03_16_18_33_10
0.636,0.636,138.316,6442051741,2021_03_16_18_33_10
0.625,0.625,138.941,6442051741,2021_03_16_18_33_10
0.633,0.633,139.574,6442051741,2021_03_16_18_33_10
0.621,0.621,140.195,6442051741,2021_03_16_18_33_10
0.614,0.614,140.809,6442051741,2021_03_16_18_33_10
0.621,0.621,141.43,6442051741,2021_03_16_18_33_10
0.608,0.608,142.038,6442051741,2021_03_16_18_33_10
0.618,0.618,142.656,6442051741,2021_03_16_18_33_10
0.629,0.629,143.285,6442051741,2021_03_16_18_33_10
0.617,0.617,143.902,6442051741,2021_03_16_18_33_10
0.632,0.632,144.534,6442051741,2021_03_16_18_33_10
0.637,0.637,145.171,6442051741,2021_03_16_18_33_10
0.628,0.628,145.799,6442051741,2021_03_16_18_33_10
0.635,0.635,146.434,6442051741,2021_03_16_18_33_10
0.626,0.626,147.06,6442051741,2021_03_16_18_33_10
0.63,0.63,147.69,6442051741,2021_03_16_18_33_10
0.629,0.629,148.319,6442051741,2021_03_16_18_33_10
0.616,0.616,148.935,6442051741,2021_03_16_18_33_10
0.609,0.609,149.544,6442051741,2021_03_16_18_33_10
0.619,0.619,150.163,6442051741,2021_03_16_18_33_10
0.62,0.62,150.783,6442051741,2021_03_16_18_33_10
0.617,0.617,151.4,6442051741,2021_03_16_18_33_10
0.622,0.622,152.022,6442051741,2021_03_16_18_33_10
0.619,0.619,152.641,6442051741,2021_03_16_18_33_10
0.614,0.614,153.255,6442051741,2021_03_16_18_33_10
0.617,0.617,153.872,6442051741,2021_03_16_18_33_10
1.225,1.225,155.097,6442051741,2021_03_16_18_33_10
0.603,0.603,155.7,6442051741,2021_03_16_18_33_10
0.618,0.618,156.318,6442051741,2021_03_16_18_33_10
0.623,0.623,156.941,6442051741,2021_03_16_18_33_10
0.622,0.622,157.563,6442051741,2021_03_16_18_33_10
0.632,0.632,158.195,6442051741,2021_03_16_18_33_10
0.631,0.631,158.826,6442051741,2021_03_16_18_33_10
0.634,0.634,159.46,6442051741,2021_03_16_18_33_10
0.63,0.63,160.09,6442051741,2021_03_16_18_33_10
0.622,0.622,160.712,6442051741,2021_03_16_18_33_10
0.63,0.63,161.342,6442051741,2021_03_16_18_33_10
0.627,0.627,161.969,6442051741,2021_03_16_18_33_10
0.638,0.638,162.607,6442051741,2021_03_16_18_33_10
0.627,0.627,163.234,6442051741,2021_03_16_18_33_10
0.619,0.619,163.853,6442051741,2021_03_16_18_33_10
0.619,0.619,164.472,6442051741,2021_03_16_18_33_10
0.587,0.587,165.059,6442051741,2021_03_16_18_33_10
0.616,0.616,165.675,6442051741,2021_03_16_18_33_10
0.6,0.6,166.275,6442051741,2021_03_16_18_33_10
0.601,0.601,166.876,6442051741,2021_03_16_18_33_10
0.595,0.595,167.471,6442051741,2021_03_16_18_33_10
0.604,0.604,168.075,6442051741,2021_03_16_18_33_10
0.612,0.612,168.687,6442051741,2021_03_16_18_33_10
0.628,0.628,169.315,6442051741,2021_03_16_18_33_10
0.615,0.615,169.93,6442051741,2021_03_16_18_33_10
0.624,0.624,170.554,6442051741,2021_03_16_18_33_10
0.619,0.619,171.173,6442051741,2021_03_16_18_33_10
0.611,0.611,171.784,6442051741,2021_03_16_18_33_10
0.616,0.616,172.4,6442051741,2021_03_16_18_33_10
0.611,0.611,173.011,6442051741,2021_03_16_18_33_10
0.609,0.609,173.62,6442051741,2021_03_16_18_33_10
0.61,0.61,174.23,6442051741,2021_03_16_18_33_10
0.577,0.577,174.807,6442051741,2021_03_16_18_33_10
0.619,0.619,175.426,6442051741,2021_03_16_18_33_10
0.572,0.572,175.998,6442051741,2021_03_16_18_33_10
0.612,0.612,176.61,6442051741,2021_03_16_18_33_10
0.591,0.591,177.201,6442051741,2021_03_16_18_33_10
0.598,0.598,177.799,6442051741,2021_03_16_18_33_10
0.599,0.599,178.398,6442051741,2021_03_16_18_33_10
0.612,0.612,179.01,6442051741,2021_03_16_18_33_10
0.605,0.605,179.615,6442051741,2021_03_16_18_33_10
0.605,0.605,180.22,6442051741,2021_03_16_18_33_10
0.606,0.606,180.826,6442051741,2021_03_16_18_33_10
0.607,0.607,181.433,6442051741,2021_03_16_18_33_10
0.563,0.563,181.996,6442051741,2021_03_16_18_33_10
1.752,1.752,183.748,6442051741,2021_03_16_18_33_10
0.585,0.585,184.333,6442051741,2021_03_16_18_33_10
0.579,0.579,184.912,6442051741,2021_03_16_18_33_10
0.578,0.578,185.49,6442051741,2021_03_16_18_33_10
0.584,0.584,186.074,6442051741,2021_03_16_18_33_10
0.595,0.595,186.669,6442051741,2021_03_16_18_33_10
0.596,0.596,187.265,6442051741,2021_03_16_18_33_10
0.592,0.592,187.857,6442051741,2021_03_16_18_33_10
0.588,0.588,188.445,6442051741,2021_03_16_18_33_10
0.597,0.597,189.042,6442051741,2021_03_16_18_33_10
0.584,0.584,189.626,6442051741,2021_03_16_18_33_10
0.591,0.591,190.217,6442051741,2021_03_16_18_33_10
0.592,0.592,190.809,6442051741,2021_03_16_18_33_10
0.583,0.583,191.392,6442051741,2021_03_16_18_33_10
0.591,0.591,191.983,6442051741,2021_03_16_18_33_10
0.554,0.554,192.537,6442051741,2021_03_16_18_33_10
0.595,0.595,193.132,6442051741,2021_03_16_18_33_10
0.583,0.583,193.715,6442051741,2021_03_16_18_33_10
0.597,0.597,194.312,6442051741,2021_03_16_18_33_10
0.582,0.582,194.894,6442051741,2021_03_16_18_33_10
0.598,0.598,195.492,6442051741,2021_03_16_18_33_10
0.59,0.59,196.082,6442051741,2021_03_16_18_33_10
0.592,0.592,196.674,6442051741,2021_03_16_18_33_10
0.596,0.596,197.27,6442051741,2021_03_16_18_33_10
0.598,0.598,197.868,6442051741,2021_03_16_18_33_10
0.597,0.597,198.465,6442051741,2021_03_16_18_33_10
0.575,0.575,199.04,6442051741,2021_03_16_18_33_10
1.128,1.128,200.168,6442051741,2021_03_16_18_33_10
0.564,0.564,200.732,6442051741,2021_03_16_18_33_10
0.54,0.54,201.272,6442051741,2021_03_16_18_33_10
0.531,0.531,201.803,6442051741,2021_03_16_18_33_10
0.522,0.522,202.325,6442051741,2021_03_16_18_33_10
0.513,0.513,202.838,6442051741,2021_03_16_18_33_10
0.514,0.514,203.352,6442051741,2021_03_16_18_33_10
0.491,0.491,203.843,6442051741,2021_03_16_18_33_10
0.504,0.504,204.347,6442051741,2021_03_16_18_33_10
0.485,0.485,204.832,6442051741,2021_03_16_18_33_10
0.484,0.484,205.316,6442051741,2021_03_16_18_33_10
0.481,0.481,205.797,6442051741,2021_03_16_18_33_10
0.952,0.952,206.749,6442051741,2021_03_16_18_33_10
0.469,0.469,207.218,6442051741,2021_03_16_18_33_10
0.459,0.459,207.677,6442051741,2021_03_16_18_33_10
0.452,0.452,208.129,6442051741,2021_03_16_18_33_10
0.913,0.913,209.042,6442051741,2021_03_16_18_33_10
0.444,0.444,209.486,6442051741,2021_03_16_18_33_10
0.448,0.448,209.934,6442051741,2021_03_16_18_33_10
0.432,0.432,210.36599999999999,6442051741,2021_03_16_18_33_10
0.443,0.443,210.809,6442051741,2021_03_16_18_33_10
0.427,0.427,211.236,6442051741,2021_03_16_18_33_10
0.852,0.852,212.088,6442051741,2021_03_16_18_33_10
0.854,0.854,212.942,6442051741,2021_03_16_18_33_10
0.41,0.41,213.352,6442051741,2021_03_16_18_33_10
0.432,0.432,213.784,6442051741,2021_03_16_18_33_10
0.414,0.414,214.198,6442051741,2021_03_16_18_33_10
0.417,0.417,214.615,6442051741,2021_03_16_18_33_10
0.411,0.411,215.026,6442051741,2021_03_16_18_33_10
0.411,0.411,215.437,6442051741,2021_03_16_18_33_10
0.406,0.406,215.843,6442051741,2021_03_16_18_33_10
0.416,0.416,216.259,6442051741,2021_03_16_18_33_10
0.415,0.415,216.674,6442051741,2021_03_16_18_33_10
0.401,0.401,217.075,6442051741,2021_03_16_18_33_10
0.387,0.387,217.462,6442051741,2021_03_16_18_33_10
0.408,0.408,217.87,6442051741,2021_03_16_18_33_10
0.398,0.398,218.268,6442051741,2021_03_16_18_33_10
0.392,0.392,218.66,6442051741,2021_03_16_18_33_10
0.796,0.796,219.456,6442051741,2021_03_16_18_33_10
0.396,0.396,219.852,6442051741,2021_03_16_18_33_10
0.396,0.396,220.248,6442051741,2021_03_16_18_33_10
0.399,0.399,220.647,6442051741,2021_03_16_18_33_10
0.396,0.396,221.043,6442051741,2021_03_16_18_33_10
0.398,0.398,221.441,6442051741,2021_03_16_18_33_10
0.79,0.79,222.231,6442051741,2021_03_16_18_33_10
0.402,0.402,222.633,6442051741,2021_03_16_18_33_10
0.398,0.398,223.031,6442051741,2021_03_16_18_33_10
0.395,0.395,223.426,6442051741,2021_03_16_18_33_10
0.401,0.401,223.827,6442051741,2021_03_16_18_33_10
0.398,0.398,224.225,6442051741,2021_03_16_18_33_10
0.399,0.399,224.624,6442051741,2021_03_16_18_33_10
0.398,0.398,225.022,6442051741,2021_03_16_18_33_10
0.402,0.402,225.424,6442051741,2021_03_16_18_33_10
0.405,0.405,225.829,6442051741,2021_03_16_18_33_10
0.4,0.4,226.229,6442051741,2021_03_16_18_33_10
0.405,0.405,226.634,6442051741,2021_03_16_18_33_10
0.402,0.402,227.036,6442051741,2021_03_16_18_33_10
0.404,0.404,227.44,6442051741,2021_03_16_18_33_10
0.406,0.406,227.846,6442051741,2021_03_16_18_33_10
0.407,0.407,228.253,6442051741,2021_03_16_18_33_10
0.405,0.405,228.658,6442051741,2021_03_16_18_33_10
0.401,0.401,229.059,6442051741,2021_03_16_18_33_10
0.41,0.41,229.469,6442051741,2021_03_16_18_33_10
0.411,0.411,229.88,6442051741,2021_03_16_18_33_10
0.407,0.407,230.287,6442051741,2021_03_16_18_33_10
0.413,0.413,230.7,6442051741,2021_03_16_18_33_10
0.415,0.415,231.115,6442051741,2021_03_16_18_33_10
0.412,0.412,231.527,6442051741,2021_03_16_18_33_10
0.417,0.417,231.944,6442051741,2021_03_16_18_33_10
0.415,0.415,232.359,6442051741,2021_03_16_18_33_10
0.417,0.417,232.776,6442051741,2021_03_16_18_33_10
0.418,0.418,233.194,6442051741,2021_03_16_18_33_10
0.418,0.418,233.612,6442051741,2021_03_16_18_33_10
0.419,0.419,234.031,6442051741,2021_03_16_18_33_10
0.419,0.419,234.45,6442051741,2021_03_16_18_33_10
0.422,0.422,234.87199999999999,6442051741,2021_03_16_18_33_10
0.417,0.417,235.289,6442051741,2021_03_16_18_33_10
0.424,0.424,235.713,6442051741,2021_03_16_18_33_10
0.412,0.412,236.125,6442051741,2021_03_16_18_33_10
0.437,0.437,236.562,6442051741,2021_03_16_18_33_10
0.421,0.421,236.983,6442051741,2021_03_16_18_33_10
0.846,0.846,237.829,6442051741,2021_03_16_18_33_10
0.427,0.427,238.256,6442051741,2021_03_16_18_33_10
0.427,0.427,238.683,6442051741,2021_03_16_18_33_10
0.431,0.431,239.114,6442051741,2021_03_16_18_33_10
0.426,0.426,239.54,6442051741,2021_03_16_18_33_10
0.425,0.425,239.965,6442051741,2021_03_16_18_33_10
0.43,0.43,240.395,6442051741,2021_03_16_18_33_10
0.434,0.434,240.829,6442051741,2021_03_16_18_33_10
0.433,0.433,241.262,6442051741,2021_03_16_18_33_10
0.428,0.428,241.69,6442051741,2021_03_16_18_33_10
0.429,0.429,242.119,6442051741,2021_03_16_18_33_10
0.433,0.433,242.552,6442051741,2021_03_16_18_33_10
0.854,0.854,243.406,6442051741,2021_03_16_18_33_10
0.431,0.431,243.837,6442051741,2021_03_16_18_33_10
0.424,0.424,244.261,6442051741,2021_03_16_18_33_10
0.433,0.433,244.694,6442051741,2021_03_16_18_33_10
0.432,0.432,245.126,6442051741,2021_03_16_18_33_10
0.422,0.422,245.548,6442051741,2021_03_16_18_33_10
1.289,1.289,246.837,6442051741,2021_03_16_18_33_10
0.442,0.442,247.279,6442051741,2021_03_16_18_33_10
0.872,0.872,248.151,6442051741,2021_03_16_18_33_10
0.439,0.439,248.59,6442051741,2021_03_16_18_33_10
0.438,0.438,249.028,6442051741,2021_03_16_18_33_10
0.437,0.437,249.465,6442051741,2021_03_16_18_33_10
0.444,0.444,249.909,6442051741,2021_03_16_18_33_10
0.447,0.447,250.356,6442051741,2021_03_16_18_33_10
0.443,0.443,250.799,6442051741,2021_03_16_18_33_10
0.445,0.445,251.244,6442051741,2021_03_16_18_33_10
0.449,0.449,251.693,6442051741,2021_03_16_18_33_10
0.445,0.445,252.138,6442051741,2021_03_16_18_33_10
0.443,0.443,252.581,6442051741,2021_03_16_18_33_10
0.454,0.454,253.035,6442051741,2021_03_16_18_33_10
0.452,0.452,253.487,6442051741,2021_03_16_18_33_10
0.449,0.449,253.936,6442051741,2021_03_16_18_33_10
0.453,0.453,254.389,6442051741,2021_03_16_18_33_10
0.454,0.454,254.843,6442051741,2021_03_16_18_33_10
0.461,0.461,255.304,6442051741,2021_03_16_18_33_10
0.456,0.456,255.76,6442051741,2021_03_16_18_33_10
0.466,0.466,256.226,6442051741,2021_03_16_18_33_10
0.469,0.469,256.695,6442051741,2021_03_16_18_33_10
0.462,0.462,257.157,6442051741,2021_03_16_18_33_10
0.471,0.471,257.628,6442051741,2021_03_16_18_33_10
0.467,0.467,258.095,6442051741,2021_03_16_18_33_10
0.47,0.47,258.565,6442051741,2021_03_16_18_33_10
0.474,0.474,259.039,6442051741,2021_03_16_18_33_10
0.479,0.479,259.518,6442051741,2021_03_16_18_33_10
0.475,0.475,259.993,6442051741,2021_03_16_18_33_10
0.475,0.475,260.468,6442051741,2021_03_16_18_33_10
0.476,0.476,260.944,6442051741,2021_03_16_18_33_10
0.473,0.473,261.417,6442051741,2021_03_16_18_33_10
0.487,0.487,261.904,6442051741,2021_03_16_18_33_10
0.473,0.473,262.377,6442051741,2021_03_16_18_33_10
0.487,0.487,262.864,6442051741,2021_03_16_18_33_10
0.489,0.489,263.353,6442051741,2021_03_16_18_33_10
0.487,0.487,263.84,6442051741,2021_03_16_18_33_10
0.981,0.981,264.821,6442051741,2021_03_16_18_33_10
0.496,0.496,265.317,6442051741,2021_03_16_18_33_10
0.5,0.5,265.817,6442051741,2021_03_16_18_33_10
0.495,0.495,266.312,6442051741,2021_03_16_18_33_10
0.499,0.499,266.811,6442051741,2021_03_16_18_33_10
0.501,0.501,267.312,6442051741,2021_03_16_18_33_10
0.502,0.502,267.814,6442051741,2021_03_16_18_33_10
0.502,0.502,268.316,6442051741,2021_03_16_18_33_10
0.495,0.495,268.811,6442051741,2021_03_16_18_33_10
0.503,0.503,269.314,6442051741,2021_03_16_18_33_10
0.511,0.511,269.825,6442051741,2021_03_16_18_33_10
0.504,0.504,270.329,6442051741,2021_03_16_18_33_10
0.52,0.52,270.849,6442051741,2021_03_16_18_33_10
0.517,0.517,271.366,6442051741,2021_03_16_18_33_10
0.524,0.524,271.89,6442051741,2021_03_16_18_33_10
0.521,0.521,272.411,6442051741,2021_03_16_18_33_10
0.536,0.536,272.947,6442051741,2021_03_16_18_33_10
0.536,0.536,273.483,6442051741,2021_03_16_18_33_10
0.541,0.541,274.024,6442051741,2021_03_16_18_33_10
0.543,0.543,274.567,6442051741,2021_03_16_18_33_10
0.537,0.537,275.104,6442051741,2021_03_16_18_33_10
0.548,0.548,275.652,6442051741,2021_03_16_18_33_10
0.546,0.546,276.198,6442051741,2021_03_16_18_33_10
0.543,0.543,276.741,6442051741,2021_03_16_18_33_10
0.549,0.549,277.29,6442051741,2021_03_16_18_33_10
0.552,0.552,277.842,6442051741,2021_03_16_18_33_10
0.548,0.548,278.39,6442051741,2021_03_16_18_33_10
0.55,0.55,278.94,6442051741,2021_03_16_18_33_10
0.553,0.553,279.493,6442051741,2021_03_16_18_33_10
0.559,0.559,280.052,6442051741,2021_03_16_18_33_10
0.553,0.553,280.605,6442051741,2021_03_16_18_33_10
0.563,0.563,281.168,6442051741,2021_03_16_18_33_10
0.548,0.548,281.716,6442051741,2021_03_16_18_33_10
0.546,0.546,282.262,6442051741,2021_03_16_18_33_10
0.544,0.544,282.806,6442051741,2021_03_16_18_33_10
0.549,0.549,283.355,6442051741,2021_03_16_18_33_10
0.549,0.549,283.904,6442051741,2021_03_16_18_33_10
0.546,0.546,284.45,6442051741,2021_03_16_18_33_10
0.563,0.563,285.013,6442051741,2021_03_16_18_33_10
0.571,0.571,285.584,6442051741,2021_03_16_18_33_10
0.591,0.591,286.175,6442051741,2021_03_16_18_33_10
0.588,0.588,286.763,6442051741,2021_03_16_18_33_10
0.586,0.586,287.349,6442051741,2021_03_16_18_33_10
0.594,0.594,287.943,6442051741,2021_03_16_18_33_10
0.583,0.583,288.526,6442051741,2021_03_16_18_33_10
0.583,0.583,289.109,6442051741,2021_03_16_18_33_10
0.585,0.585,289.694,6442051741,2021_03_16_18_33_10
0.578,0.578,290.272,6442051741,2021_03_16_18_33_10
0.579,0.579,290.851,6442051741,2021_03_16_18_33_10
0.585,0.585,291.436,6442051741,2021_03_16_18_33_10
0.576,0.576,292.012,6442051741,2021_03_16_18_33_10
0.573,0.573,292.585,6442051741,2021_03_16_18_33_10
0.581,0.581,293.166,6442051741,2021_03_16_18_33_10
0.577,0.577,293.743,6442051741,2021_03_16_18_33_10
0.581,0.581,294.324,6442051741,2021_03_16_18_33_10
0.577,0.577,294.901,6442051741,2021_03_16_18_33_10
0.582,0.582,295.483,6442051741,2021_03_16_18_33_10
0.584,0.584,296.067,6442051741,2021_03_16_18_33_10
0.583,0.583,296.65,6442051741,2021_03_16_18_33_10
0.574,0.574,297.224,6442051741,2021_03_16_18_33_10
0.592,0.592,297.816,6442051741,2021_03_16_18_33_10
0.585,0.585,298.401,6442051741,2021_03_16_18_33_10
0.585,0.585,298.986,6442051741,2021_03_16_18_33_10
0.587,0.587,299.573,6442051741,2021_03_16_18_33_10
0.579,0.579,300.152,6442051741,2021_03_16_18_33_10
0.57,0.57,300.722,6442051741,2021_03_16_18_33_10
0.569,0.569,301.291,6442051741,2021_03_16_18_33_10
0.581,0.581,301.872,6442051741,2021_03_16_18_33_10
0.576,0.576,302.448,6442051741,2021_03_16_18_33_10
0.572,0.572,303.02,6442051741,2021_03_16_18_33_10
0.571,0.571,303.591,6442051741,2021_03_16_18_33_10
0.567,0.567,304.158,6442051741,2021_03_16_18_33_10
0.575,0.575,304.733,6442051741,2021_03_16_18_33_10
1.146,1.146,305.879,6442051741,2021_03_16_18_33_10
0.584,0.584,306.463,6442051741,2021_03_16_18_33_10
0.586,0.586,307.049,6442051741,2021_03_16_18_33_10
0.585,0.585,307.634,6442051741,2021_03_16_18_33_10
0.601,0.601,308.235,6442051741,2021_03_16_18_33_10
0.605,0.605,308.84,6442051741,2021_03_16_18_33_10
0.614,0.614,309.454,6442051741,2021_03_16_18_33_10
0.616,0.616,310.07,6442051741,2021_03_16_18_33_10
0.613,0.613,310.683,6442051741,2021_03_16_18_33_10
0.612,0.612,311.295,6442051741,2021_03_16_18_33_10
0.609,0.609,311.904,6442051741,2021_03_16_18_33_10
0.616,0.616,312.52,6442051741,2021_03_16_18_33_10
0.605,0.605,313.125,6442051741,2021_03_16_18_33_10
0.608,0.608,313.733,6442051741,2021_03_16_18_33_10
0.59,0.59,314.323,6442051741,2021_03_16_18_33_10
0.585,0.585,314.908,6442051741,2021_03_16_18_33_10
0.578,0.578,315.486,6442051741,2021_03_16_18_33_10
0.576,0.576,316.062,6442051741,2021_03_16_18_33_10
0.579,0.579,316.641,6442051741,2021_03_16_18_33_10
0.581,0.581,317.222,6442051741,2021_03_16_18_33_10
0.581,0.581,317.803,6442051741,2021_03_16_18_33_10
0.603,0.603,318.406,6442051741,2021_03_16_18_33_10
0.601,0.601,319.007,6442051741,2021_03_16_18_33_10
0.595,0.595,319.602,6442051741,2021_03_16_18_33_10
0.584,0.584,320.186,6442051741,2021_03_16_18_33_10
0.582,0.582,320.768,6442051741,2021_03_16_18_33_10
0.594,0.594,321.362,6442051741,2021_03_16_18_33_10
0.59,0.59,321.952,6442051741,2021_03_16_18_33_10
0.591,0.591,322.543,6442051741,2021_03_16_18_33_10
0.602,0.602,323.145,6442051741,2021_03_16_18_33_10
0.604,0.604,323.749,6442051741,2021_03_16_18_33_10
0.584,0.584,324.33299999999997,6442051741,2021_03_16_18_33_10
0.587,0.587,324.92,6442051741,2021_03_16_18_33_10
0.572,0.572,325.492,6442051741,2021_03_16_18_33_10
0.575,0.575,326.067,6442051741,2021_03_16_18_33_10
0.57,0.57,326.637,6442051741,2021_03_16_18_33_10
0.575,0.575,327.212,6442051741,2021_03_16_18_33_10
0.559,0.559,327.771,6442051741,2021_03_16_18_33_10
1.112,1.112,328.883,6442051741,2021_03_16_18_33_10
0.568,0.568,329.451,6442051741,2021_03_16_18_33_10
0.555,0.555,330.006,6442051741,2021_03_16_18_33_10
0.567,0.567,330.573,6442051741,2021_03_16_18_33_10
0.563,0.563,331.136,6442051741,2021_03_16_18_33_10
0.57,0.57,331.706,6442051741,2021_03_16_18_33_10
0.567,0.567,332.273,6442051741,2021_03_16_18_33_10
0.578,0.578,332.851,6442051741,2021_03_16_18_33_10
0.582,0.582,333.433,6442051741,2021_03_16_18_33_10
0.589,0.589,334.022,6442051741,2021_03_16_18_33_10
0.588,0.588,334.61,6442051741,2021_03_16_18_33_10
0.596,0.596,335.206,6442051741,2021_03_16_18_33_10
0.587,0.587,335.793,6442051741,2021_03_16_18_33_10
0.598,0.598,336.391,6442051741,2021_03_16_18_33_10
0.586,0.586,336.977,6442051741,2021_03_16_18_33_10
0.6,0.6,337.577,6442051741,2021_03_16_18_33_10
0.596,0.596,338.173,6442051741,2021_03_16_18_33_10
0.595,0.595,338.768,6442051741,2021_03_16_18_33_10
0.599,0.599,339.367,6442051741,2021_03_16_18_33_10
0.59,0.59,339.957,6442051741,2021_03_16_18_33_10
0.592,0.592,340.549,6442051741,2021_03_16_18_33_10
0.594,0.594,341.143,6442051741,2021_03_16_18_33_10
0.594,0.594,341.737,6442051741,2021_03_16_18_33_10
0.598,0.598,342.335,6442051741,2021_03_16_18_33_10
0.6,0.6,342.935,6442051741,2021_03_16_18_33_10
0.591,0.591,343.526,6442051741,2021_03_16_18_33_10
0.596,0.596,344.122,6442051741,2021_03_16_18_33_10
0.595,0.595,344.717,6442051741,2021_03_16_18_33_10
0.604,0.604,345.32099999999997,6442051741,2021_03_16_18_33_10
0.597,0.597,345.918,6442051741,2021_03_16_18_33_10
0.592,0.592,346.51,6442051741,2021_03_16_18_33_10
0.587,0.587,347.097,6442051741,2021_03_16_18_33_10
0.595,0.595,347.692,6442051741,2021_03_16_18_33_10
0.578,0.578,348.27,6442051741,2021_03_16_18_33_10
0.593,0.593,348.863,6442051741,2021_03_16_18_33_10
0.587,0.587,349.45,6442051741,2021_03_16_18_33_10
0.587,0.587,350.037,6442051741,2021_03_16_18_33_10
0.606,0.606,350.643,6442051741,2021_03_16_18_33_10
0.608,0.608,351.251,6442051741,2021_03_16_18_33_10
0.621,0.621,351.872,6442051741,2021_03_16_18_33_10
0.615,0.615,352.487,6442051741,2021_03_16_18_33_10
1.225,1.225,353.712,6442051741,2021_03_16_18_33_10
0.597,0.597,354.30899999999997,6442051741,2021_03_16_18_33_10
0.598,0.598,354.907,6442051741,2021_03_16_18_33_10
0.581,0.581,355.488,6442051741,2021_03_16_18_33_10
0.575,0.575,356.063,6442051741,2021_03_16_18_33_10
0.573,0.573,356.636,6442051741,2021_03_16_18_33_10
0.554,0.554,357.19,6442051741,2021_03_16_18_33_10
0.569,0.569,357.759,6442051741,2021_03_16_18_33_10
0.551,0.551,358.31,6442051741,2021_03_16_18_33_10
0.575,0.575,358.885,6442051741,2021_03_16_18_33_10
0.579,0.579,359.464,6442051741,2021_03_16_18_33_10
0.561,0.561,360.025,6442051741,2021_03_16_18_33_10
0.593,0.593,360.618,6442051741,2021_03_16_18_33_10
0.586,0.586,361.204,6442051741,2021_03_16_18_33_10
0.59,0.59,361.794,6442051741,2021_03_16_18_33_10
0.589,0.589,362.383,6442051741,2021_03_16_18_33_10
0.606,0.606,362.989,6442051741,2021_03_16_18_33_10
0.595,0.595,363.584,6442051741,2021_03_16_18_33_10
0.607,0.607,364.191,6442051741,2021_03_16_18_33_10
0.6,0.6,364.791,6442051741,2021_03_16_18_33_10
0.597,0.597,365.388,6442051741,2021_03_16_18_33_10
0.603,0.603,365.991,6442051741,2021_03_16_18_33_10
0.591,0.591,366.582,6442051741,2021_03_16_18_33_10
0.599,0.599,367.181,6442051741,2021_03_16_18_33_10
0.588,0.588,367.769,6442051741,2021_03_16_18_33_10
0.559,0.559,368.328,6442051741,2021_03_16_18_33_10
0.596,0.596,368.924,6442051741,2021_03_16_18_33_10
0.554,0.554,369.478,6442051741,2021_03_16_18_33_10
0.587,0.587,370.065,6442051741,2021_03_16_18_33_10
0.581,0.581,370.646,6442051741,2021_03_16_18_33_10
0.579,0.579,371.225,6442051741,2021_03_16_18_33_10
0.594,0.594,371.819,6442051741,2021_03_16_18_33_10
0.596,0.596,372.415,6442051741,2021_03_16_18_33_10
0.609,0.609,373.024,6442051741,2021_03_16_18_33_10
0.571,0.571,373.59499999999997,6442051741,2021_03_16_18_33_10
0.614,0.614,374.209,6442051741,2021_03_16_18_33_10
0.6,0.6,374.80899999999997,6442051741,2021_03_16_18_33_10
0.607,0.607,375.416,6442051741,2021_03_16_18_33_10
0.604,0.604,376.02,6442051741,2021_03_16_18_33_10
0.614,0.614,376.634,6442051741,2021_03_16_18_33_10
0.616,0.616,377.25,6442051741,2021_03_16_18_33_10
0.606,0.606,377.856,6442051741,2021_03_16_18_33_10
0.609,0.609,378.465,6442051741,2021_03_16_18_33_10
0.569,0.569,379.034,6442051741,2021_03_16_18_33_10
0.609,0.609,379.643,6442051741,2021_03_16_18_33_10
0.561,0.561,380.204,6442051741,2021_03_16_18_33_10
0.584,0.584,380.788,6442051741,2021_03_16_18_33_10
0.568,0.568,381.356,6442051741,2021_03_16_18_33_10
0.568,0.568,381.924,6442051741,2021_03_16_18_33_10
0.585,0.585,382.509,6442051741,2021_03_16_18_33_10
0.594,0.594,383.103,6442051741,2021_03_16_18_33_10
0.613,0.613,383.716,6442051741,2021_03_16_18_33_10
0.621,0.621,384.337,6442051741,2021_03_16_18_33_10
0.624,0.624,384.961,6442051741,2021_03_16_18_33_10
0.617,0.617,385.578,6442051741,2021_03_16_18_33_10
0.626,0.626,386.204,6442051741,2021_03_16_18_33_10
0.639,0.639,386.843,6442051741,2021_03_16_18_33_10
0.622,0.622,387.465,6442051741,2021_03_16_18_33_10
0.615,0.615,388.08,6442051741,2021_03_16_18_33_10
0.604,0.604,388.68399999999997,6442051741,2021_03_16_18_33_10
0.595,0.595,389.279,6442051741,2021_03_16_18_33_10
0.582,0.582,389.861,6442051741,2021_03_16_18_33_10
0.578,0.578,390.439,6442051741,2021_03_16_18_33_10
0.573,0.573,391.012,6442051741,2021_03_16_18_33_10
0.559,0.559,391.57099999999997,6442051741,2021_03_16_18_33_10
0.556,0.556,392.127,6442051741,2021_03_16_18_33_10
0.563,0.563,392.69,6442051741,2021_03_16_18_33_10
0.542,0.542,393.23199999999997,6442051741,2021_03_16_18_33_10
0.571,0.571,393.803,6442051741,2021_03_16_18_33_10
0.954,0.954,394.757,6442051741,2021_03_16_18_33_10
0.585,0.585,395.342,6442051741,2021_03_16_18_33_10
0.739,0.739,396.081,6442051741,2021_03_16_18_33_10
0.504,0.504,396.585,6442051741,2021_03_16_18_33_10
0.833,0.833,397.418,6442051741,2021_03_16_18_33_10
0.986,0.986,398.404,6442051741,2021_03_16_18_33_10
0.463,0.463,398.867,6442051741,2021_03_16_18_33_10
0.498,0.498,399.365,6442051741,2021_03_16_18_33_10
0.474,0.474,399.839,6442051741,2021_03_16_18_33_10
0.934,0.934,400.77299999999997,6442051741,2021_03_16_18_33_10
0.912,0.912,401.685,6442051741,2021_03_16_18_33_10
1.337,1.337,403.022,6442051741,2021_03_16_18_33_10
0.443,0.443,403.465,6442051741,2021_03_16_18_33_10
0.436,0.436,403.901,6442051741,2021_03_16_18_33_10
0.865,0.865,404.766,6442051741,2021_03_16_18_33_10
0.431,0.431,405.197,6442051741,2021_03_16_18_33_10
0.842,0.842,406.039,6442051741,2021_03_16_18_33_10
0.841,0.841,406.88,6442051741,2021_03_16_18_33_10
0.807,0.807,407.687,6442051741,2021_03_16_18_33_10
1.218,1.218,408.905,6442051741,2021_03_16_18_33_10
0.412,0.412,409.317,6442051741,2021_03_16_18_33_10
0.4,0.4,409.717,6442051741,2021_03_16_18_33_10
0.386,0.386,410.103,6442051741,2021_03_16_18_33_10
0.406,0.406,410.509,6442051741,2021_03_16_18_33_10
0.394,0.394,410.903,6442051741,2021_03_16_18_33_10
0.387,0.387,411.29,6442051741,2021_03_16_18_33_10
0.399,0.399,411.689,6442051741,2021_03_16_18_33_10
0.392,0.392,412.081,6442051741,2021_03_16_18_33_10
0.769,0.769,412.85,6442051741,2021_03_16_18_33_10
0.389,0.389,413.239,6442051741,2021_03_16_18_33_10
0.383,0.383,413.622,6442051741,2021_03_16_18_33_10
0.38,0.38,414.002,6442051741,2021_03_16_18_33_10
0.771,0.771,414.77299999999997,6442051741,2021_03_16_18_33_10
0.382,0.382,415.155,6442051741,2021_03_16_18_33_10
0.766,0.766,415.921,6442051741,2021_03_16_18_33_10
0.385,0.385,416.306,6442051741,2021_03_16_18_33_10
0.386,0.386,416.692,6442051741,2021_03_16_18_33_10
0.38,0.38,417.072,6442051741,2021_03_16_18_33_10
0.385,0.385,417.457,6442051741,2021_03_16_18_33_10
0.382,0.382,417.839,6442051741,2021_03_16_18_33_10
0.385,0.385,418.224,6442051741,2021_03_16_18_33_10
0.386,0.386,418.61,6442051741,2021_03_16_18_33_10
0.382,0.382,418.992,6442051741,2021_03_16_18_33_10
0.389,0.389,419.381,6442051741,2021_03_16_18_33_10
0.389,0.389,419.77,6442051741,2021_03_16_18_33_10
0.383,0.383,420.153,6442051741,2021_03_16_18_33_10
0.391,0.391,420.544,6442051741,2021_03_16_18_33_10
0.388,0.388,420.932,6442051741,2021_03_16_18_33_10
0.386,0.386,421.318,6442051741,2021_03_16_18_33_10
0.391,0.391,421.709,6442051741,2021_03_16_18_33_10
0.39,0.39,422.099,6442051741,2021_03_16_18_33_10
0.387,0.387,422.486,6442051741,2021_03_16_18_33_10
0.396,0.396,422.882,6442051741,2021_03_16_18_33_10
0.392,0.392,423.274,6442051741,2021_03_16_18_33_10
0.391,0.391,423.665,6442051741,2021_03_16_18_33_10
0.396,0.396,424.061,6442051741,2021_03_16_18_33_10
0.394,0.394,424.455,6442051741,2021_03_16_18_33_10
0.393,0.393,424.848,6442051741,2021_03_16_18_33_10
0.398,0.398,425.246,6442051741,2021_03_16_18_33_10
0.396,0.396,425.642,6442051741,2021_03_16_18_33_10
0.396,0.396,426.038,6442051741,2021_03_16_18_33_10
0.402,0.402,426.44,6442051741,2021_03_16_18_33_10
0.393,0.393,426.83299999999997,6442051741,2021_03_16_18_33_10
0.403,0.403,427.236,6442051741,2021_03_16_18_33_10
0.399,0.399,427.635,6442051741,2021_03_16_18_33_10
0.395,0.395,428.03,6442051741,2021_03_16_18_33_10
0.4,0.4,428.43,6442051741,2021_03_16_18_33_10
0.8,0.8,429.23,6442051741,2021_03_16_18_33_10
0.402,0.402,429.632,6442051741,2021_03_16_18_33_10
0.803,0.803,430.435,6442051741,2021_03_16_18_33_10
0.405,0.405,430.84,6442051741,2021_03_16_18_33_10
0.397,0.397,431.237,6442051741,2021_03_16_18_33_10
0.407,0.407,431.644,6442051741,2021_03_16_18_33_10
0.402,0.402,432.046,6442051741,2021_03_16_18_33_10
0.396,0.396,432.442,6442051741,2021_03_16_18_33_10
0.408,0.408,432.85,6442051741,2021_03_16_18_33_10
0.402,0.402,433.252,6442051741,2021_03_16_18_33_10
0.396,0.396,433.648,6442051741,2021_03_16_18_33_10
0.409,0.409,434.057,6442051741,2021_03_16_18_33_10
0.404,0.404,434.461,6442051741,2021_03_16_18_33_10
0.401,0.401,434.862,6442051741,2021_03_16_18_33_10
0.408,0.408,435.27,6442051741,2021_03_16_18_33_10
0.807,0.807,436.077,6442051741,2021_03_16_18_33_10
0.41,0.41,436.487,6442051741,2021_03_16_18_33_10
0.399,0.399,436.886,6442051741,2021_03_16_18_33_10
0.402,0.402,437.288,6442051741,2021_03_16_18_33_10
0.814,0.814,438.102,6442051741,2021_03_16_18_33_10
0.408,0.408,438.51,6442051741,2021_03_16_18_33_10
0.401,0.401,438.911,6442051741,2021_03_16_18_33_10
0.403,0.403,439.314,6442051741,2021_03_16_18_33_10
0.413,0.413,439.727,6442051741,2021_03_16_18_33_10
0.41,0.41,440.137,6442051741,2021_03_16_18_33_10
0.403,0.403,440.54,6442051741,2021_03_16_18_33_10
0.412,0.412,440.952,6442051741,2021_03_16_18_33_10
0.406,0.406,441.358,6442051741,2021_03_16_18_33_10
0.405,0.405,441.763,6442051741,2021_03_16_18_33_10
1.231,1.231,442.99399999999997,6442051741,2021_03_16_18_33_10
0.408,0.408,443.402,6442051741,2021_03_16_18_33_10
0.414,0.414,443.816,6442051741,2021_03_16_18_33_10
0.411,0.411,444.227,6442051741,2021_03_16_18_33_10
0.41,0.41,444.637,6442051741,2021_03_16_18_33_10
0.413,0.413,445.05,6442051741,2021_03_16_18_33_10
0.41,0.41,445.46,6442051741,2021_03_16_18_33_10
0.417,0.417,445.877,6442051741,2021_03_16_18_33_10
0.41,0.41,446.287,6442051741,2021_03_16_18_33_10
0.825,0.825,447.112,6442051741,2021_03_16_18_33_10
0.416,0.416,447.528,6442051741,2021_03_16_18_33_10
0.409,0.409,447.937,6442051741,2021_03_16_18_33_10
0.421,0.421,448.358,6442051741,2021_03_16_18_33_10
0.419,0.419,448.777,6442051741,2021_03_16_18_33_10
0.836,0.836,449.613,6442051741,2021_03_16_18_33_10
0.427,0.427,450.04,6442051741,2021_03_16_18_33_10
0.424,0.424,450.464,6442051741,2021_03_16_18_33_10
0.421,0.421,450.885,6442051741,2021_03_16_18_33_10
0.43,0.43,451.315,6442051741,2021_03_16_18_33_10
0.423,0.423,451.738,6442051741,2021_03_16_18_33_10
0.432,0.432,452.17,6442051741,2021_03_16_18_33_10
0.43,0.43,452.6,6442051741,2021_03_16_18_33_10
0.421,0.421,453.021,6442051741,2021_03_16_18_33_10
0.434,0.434,453.455,6442051741,2021_03_16_18_33_10
0.429,0.429,453.884,6442051741,2021_03_16_18_33_10
0.424,0.424,454.308,6442051741,2021_03_16_18_33_10
0.434,0.434,454.742,6442051741,2021_03_16_18_33_10
0.425,0.425,455.167,6442051741,2021_03_16_18_33_10
0.379,0.379,455.546,6442051741,2021_03_16_18_33_10
0.486,0.486,456.032,6442051741,2021_03_16_18_33_10
0.867,0.867,456.899,6442051741,2021_03_16_18_33_10
0.438,0.438,457.337,6442051741,2021_03_16_18_33_10
0.441,0.441,457.778,6442051741,2021_03_16_18_33_10
0.444,0.444,458.222,6442051741,2021_03_16_18_33_10
0.437,0.437,458.659,6442051741,2021_03_16_18_33_10
0.45,0.45,459.109,6442051741,2021_03_16_18_33_10
0.447,0.447,459.556,6442051741,2021_03_16_18_33_10
0.444,0.444,460,6442051741,2021_03_16_18_33_10
0.453,0.453,460.453,6442051741,2021_03_16_18_33_10
0.442,0.442,460.895,6442051741,2021_03_16_18_33_10
0.45,0.45,461.34499999999997,6442051741,2021_03_16_18_33_10
0.444,0.444,461.789,6442051741,2021_03_16_18_33_10
0.46,0.46,462.249,6442051741,2021_03_16_18_33_10
0.459,0.459,462.70799999999997,6442051741,2021_03_16_18_33_10
0.453,0.453,463.161,6442051741,2021_03_16_18_33_10
0.458,0.458,463.61899999999997,6442051741,2021_03_16_18_33_10
0.46,0.46,464.079,6442051741,2021_03_16_18_33_10
0.452,0.452,464.531,6442051741,2021_03_16_18_33_10
0.464,0.464,464.995,6442051741,2021_03_16_18_33_10
0.458,0.458,465.453,6442051741,2021_03_16_18_33_10
0.455,0.455,465.908,6442051741,2021_03_16_18_33_10
0.924,0.924,466.832,6442051741,2021_03_16_18_33_10
0.464,0.464,467.296,6442051741,2021_03_16_18_33_10
0.46,0.46,467.756,6442051741,2021_03_16_18_33_10
0.463,0.463,468.219,6442051741,2021_03_16_18_33_10
0.467,0.467,468.686,6442051741,2021_03_16_18_33_10
0.468,0.468,469.154,6442051741,2021_03_16_18_33_10
0.475,0.475,469.629,6442051741,2021_03_16_18_33_10
0.467,0.467,470.096,6442051741,2021_03_16_18_33_10
0.473,0.473,470.569,6442051741,2021_03_16_18_33_10
0.485,0.485,471.054,6442051741,2021_03_16_18_33_10
0.475,0.475,471.529,6442051741,2021_03_16_18_33_10
0.477,0.477,472.006,6442051741,2021_03_16_18_33_10
0.478,0.478,472.484,6442051741,2021_03_16_18_33_10
0.496,0.496,472.98,6442051741,2021_03_16_18_33_10
0.494,0.494,473.474,6442051741,2021_03_16_18_33_10
0.497,0.497,473.971,6442051741,2021_03_16_18_33_10
0.491,0.491,474.462,6442051741,2021_03_16_18_33_10
0.501,0.501,474.963,6442051741,2021_03_16_18_33_10
0.494,0.494,475.457,6442051741,2021_03_16_18_33_10
0.5,0.5,475.957,6442051741,2021_03_16_18_33_10
0.495,0.495,476.452,6442051741,2021_03_16_18_33_10
0.492,0.492,476.944,6442051741,2021_03_16_18_33_10
0.494,0.494,477.438,6442051741,2021_03_16_18_33_10
0.487,0.487,477.925,6442051741,2021_03_16_18_33_10
0.499,0.499,478.424,6442051741,2021_03_16_18_33_10
0.492,0.492,478.916,6442051741,2021_03_16_18_33_10
0.496,0.496,479.412,6442051741,2021_03_16_18_33_10
0.499,0.499,479.911,6442051741,2021_03_16_18_33_10
0.506,0.506,480.417,6442051741,2021_03_16_18_33_10
0.506,0.506,480.923,6442051741,2021_03_16_18_33_10
0.504,0.504,481.427,6442051741,2021_03_16_18_33_10
0.509,0.509,481.936,6442051741,2021_03_16_18_33_10
0.511,0.511,482.447,6442051741,2021_03_16_18_33_10
0.515,0.515,482.962,6442051741,2021_03_16_18_33_10
0.507,0.507,483.469,6442051741,2021_03_16_18_33_10
0.51,0.51,483.979,6442051741,2021_03_16_18_33_10
0.51,0.51,484.489,6442051741,2021_03_16_18_33_10
0.506,0.506,484.995,6442051741,2021_03_16_18_33_10
0.501,0.501,485.496,6442051741,2021_03_16_18_33_10
0.51,0.51,486.006,6442051741,2021_03_16_18_33_10
0.505,0.505,486.511,6442051741,2021_03_16_18_33_10
0.497,0.497,487.008,6442051741,2021_03_16_18_33_10
0.502,0.502,487.51,6442051741,2021_03_16_18_33_10
0.5,0.5,488.01,6442051741,2021_03_16_18_33_10
0.499,0.499,488.509,6442051741,2021_03_16_18_33_10
0.499,0.499,489.008,6442051741,2021_03_16_18_33_10
0.51,0.51,489.518,6442051741,2021_03_16_18_33_10
0.508,0.508,490.026,6442051741,2021_03_16_18_33_10
0.511,0.511,490.537,6442051741,2021_03_16_18_33_10
0.517,0.517,491.054,6442051741,2021_03_16_18_33_10
0.529,0.529,491.58299999999997,6442051741,2021_03_16_18_33_10
0.548,0.548,492.131,6442051741,2021_03_16_18_33_10
0.554,0.554,492.685,6442051741,2021_03_16_18_33_10
0.554,0.554,493.239,6442051741,2021_03_16_18_33_10
0.549,0.549,493.788,6442051741,2021_03_16_18_33_10
0.558,0.558,494.346,6442051741,2021_03_16_18_33_10
0.55,0.55,494.896,6442051741,2021_03_16_18_33_10
0.548,0.548,495.444,6442051741,2021_03_16_18_33_10
0.546,0.546,495.99,6442051741,2021_03_16_18_33_10
0.557,0.557,496.54699999999997,6442051741,2021_03_16_18_33_10
0.542,0.542,497.089,6442051741,2021_03_16_18_33_10
0.545,0.545,497.634,6442051741,2021_03_16_18_33_10
0.529,0.529,498.163,6442051741,2021_03_16_18_33_10
0.547,0.547,498.71,6442051741,2021_03_16_18_33_10
0.546,0.546,499.256,6442051741,2021_03_16_18_33_10
0.539,0.539,499.795,6442051741,2021_03_16_18_33_10
0.533,0.533,500.328,6442051741,2021_03_16_18_33_10
0.532,0.532,500.86,6442051741,2021_03_16_18_33_10
0.522,0.522,501.382,6442051741,2021_03_16_18_33_10
0.523,0.523,501.905,6442051741,2021_03_16_18_33_10
0.521,0.521,502.426,6442051741,2021_03_16_18_33_10
0.516,0.516,502.942,6442051741,2021_03_16_18_33_10
0.531,0.531,503.473,6442051741,2021_03_16_18_33_10
0.531,0.531,504.004,6442051741,2021_03_16_18_33_10
0.545,0.545,504.549,6442051741,2021_03_16_18_33_10
0.552,0.552,505.101,6442051741,2021_03_16_18_33_10
0.561,0.561,505.662,6442051741,2021_03_16_18_33_10
1.152,1.152,506.814,6442051741,2021_03_16_18_33_10
0.594,0.594,507.408,6442051741,2021_03_16_18_33_10
0.594,0.594,508.002,6442051741,2021_03_16_18_33_10
0.577,0.577,508.579,6442051741,2021_03_16_18_33_10
0.562,0.562,509.141,6442051741,2021_03_16_18_33_10
0.568,0.568,509.709,6442051741,2021_03_16_18_33_10
0.563,0.563,510.272,6442051741,2021_03_16_18_33_10
0.547,0.547,510.819,6442051741,2021_03_16_18_33_10
0.552,0.552,511.371,6442051741,2021_03_16_18_33_10
0.545,0.545,511.916,6442051741,2021_03_16_18_33_10
0.54,0.54,512.456,6442051741,2021_03_16_18_33_10
0.534,0.534,512.99,6442051741,2021_03_16_18_33_10
0.536,0.536,513.526,6442051741,2021_03_16_18_33_10
0.541,0.541,514.067,6442051741,2021_03_16_18_33_10
0.541,0.541,514.608,6442051741,2021_03_16_18_33_10
0.547,0.547,515.155,6442051741,2021_03_16_18_33_10
0.549,0.549,515.704,6442051741,2021_03_16_18_33_10
0.544,0.544,516.248,6442051741,2021_03_16_18_33_10
0.565,0.565,516.813,6442051741,2021_03_16_18_33_10
0.567,0.567,517.38,6442051741,2021_03_16_18_33_10
0.567,0.567,517.947,6442051741,2021_03_16_18_33_10
0.557,0.557,518.504,6442051741,2021_03_16_18_33_10
0.56,0.56,519.064,6442051741,2021_03_16_18_33_10
0.547,0.547,519.611,6442051741,2021_03_16_18_33_10
1.102,1.102,520.713,6442051741,2021_03_16_18_33_10
0.567,0.567,521.28,6442051741,2021_03_16_18_33_10
0.551,0.551,521.831,6442051741,2021_03_16_18_33_10
0.557,0.557,522.388,6442051741,2021_03_16_18_33_10
0.549,0.549,522.937,6442051741,2021_03_16_18_33_10
0.551,0.551,523.4879999999999,6442051741,2021_03_16_18_33_10
0.538,0.538,524.026,6442051741,2021_03_16_18_33_10
0.54,0.54,524.566,6442051741,2021_03_16_18_33_10
0.537,0.537,525.103,6442051741,2021_03_16_18_33_10
0.547,0.547,525.65,6442051741,2021_03_16_18_33_10
0.561,0.561,526.211,6442051741,2021_03_16_18_33_10
0.571,0.571,526.782,6442051741,2021_03_16_18_33_10
0.565,0.565,527.347,6442051741,2021_03_16_18_33_10
0.59,0.59,527.937,6442051741,2021_03_16_18_33_10
0.596,0.596,528.533,6442051741,2021_03_16_18_33_10
0.602,0.602,529.135,6442051741,2021_03_16_18_33_10
0.587,0.587,529.722,6442051741,2021_03_16_18_33_10
0.586,0.586,530.308,6442051741,2021_03_16_18_33_10
0.575,0.575,530.883,6442051741,2021_03_16_18_33_10
0.569,0.569,531.452,6442051741,2021_03_16_18_33_10
0.565,0.565,532.017,6442051741,2021_03_16_18_33_10
0.563,0.563,532.58,6442051741,2021_03_16_18_33_10
0.555,0.555,533.135,6442051741,2021_03_16_18_33_10
0.56,0.56,533.695,6442051741,2021_03_16_18_33_10
0.559,0.559,534.254,6442051741,2021_03_16_18_33_10
0.554,0.554,534.808,6442051741,2021_03_16_18_33_10
0.553,0.553,535.361,6442051741,2021_03_16_18_33_10
0.551,0.551,535.912,6442051741,2021_03_16_18_33_10
0.563,0.563,536.475,6442051741,2021_03_16_18_33_10
0.564,0.564,537.039,6442051741,2021_03_16_18_33_10
0.571,0.571,537.61,6442051741,2021_03_16_18_33_10
0.59,0.59,538.2,6442051741,2021_03_16_18_33_10
0.574,0.574,538.774,6442051741,2021_03_16_18_33_10
0.566,0.566,539.34,6442051741,2021_03_16_18_33_10
0.571,0.571,539.911,6442051741,2021_03_16_18_33_10
0.562,0.562,540.473,6442051741,2021_03_16_18_33_10
0.554,0.554,541.027,6442051741,2021_03_16_18_33_10
0.552,0.552,541.579,6442051741,2021_03_16_18_33_10
0.55,0.55,542.129,6442051741,2021_03_16_18_33_10
0.538,0.538,542.667,6442051741,2021_03_16_18_33_10
0.555,0.555,543.222,6442051741,2021_03_16_18_33_10
0.564,0.564,543.786,6442051741,2021_03_16_18_33_10
0.539,0.539,544.325,6442051741,2021_03_16_18_33_10
0.579,0.579,544.904,6442051741,2021_03_16_18_33_10
0.572,0.572,545.476,6442051741,2021_03_16_18_33_10
0.586,0.586,546.062,6442051741,2021_03_16_18_33_10
0.587,0.587,546.649,6442051741,2021_03_16_18_33_10
0.588,0.588,547.237,6442051741,2021_03_16_18_33_10
0.591,0.591,547.828,6442051741,2021_03_16_18_33_10
0.585,0.585,548.413,6442051741,2021_03_16_18_33_10
0.587,0.587,549,6442051741,2021_03_16_18_33_10
0.551,0.551,549.551,6442051741,2021_03_16_18_33_10
1.17,1.17,550.721,6442051741,2021_03_16_18_33_10
0.577,0.577,551.298,6442051741,2021_03_16_18_33_10
0.548,0.548,551.846,6442051741,2021_03_16_18_33_10
0.586,0.586,552.432,6442051741,2021_03_16_18_33_10
0.566,0.566,552.998,6442051741,2021_03_16_18_33_10
0.545,0.545,553.543,6442051741,2021_03_16_18_33_10
0.554,0.554,554.097,6442051741,2021_03_16_18_33_10
0.547,0.547,554.644,6442051741,2021_03_16_18_33_10
0.538,0.538,555.182,6442051741,2021_03_16_18_33_10
1.058,1.058,556.24,6442051741,2021_03_16_18_33_10
0.542,0.542,556.782,6442051741,2021_03_16_18_33_10
0.529,0.529,557.311,6442051741,2021_03_16_18_33_10
0.543,0.543,557.854,6442051741,2021_03_16_18_33_10
0.532,0.532,558.386,6442051741,2021_03_16_18_33_10
0.546,0.546,558.932,6442051741,2021_03_16_18_33_10
0.54,0.54,559.472,6442051741,2021_03_16_18_33_10
0.549,0.549,560.021,6442051741,2021_03_16_18_33_10
0.552,0.552,560.573,6442051741,2021_03_16_18_33_10
0.536,0.536,561.109,6442051741,2021_03_16_18_33_10
0.538,0.538,561.647,6442051741,2021_03_16_18_33_10
0.536,0.536,562.183,6442051741,2021_03_16_18_33_10
0.539,0.539,562.722,6442051741,2021_03_16_18_33_10
0.549,0.549,563.271,6442051741,2021_03_16_18_33_10
0.537,0.537,563.808,6442051741,2021_03_16_18_33_10
0.544,0.544,564.352,6442051741,2021_03_16_18_33_10
0.539,0.539,564.891,6442051741,2021_03_16_18_33_10
0.538,0.538,565.429,6442051741,2021_03_16_18_33_10
0.537,0.537,565.966,6442051741,2021_03_16_18_33_10
0.542,0.542,566.508,6442051741,2021_03_16_18_33_10
0.528,0.528,567.036,6442051741,2021_03_16_18_33_10
0.539,0.539,567.575,6442051741,2021_03_16_18_33_10
0.533,0.533,568.108,6442051741,2021_03_16_18_33_10
0.541,0.541,568.649,6442051741,2021_03_16_18_33_10
0.532,0.532,569.181,6442051741,2021_03_16_18_33_10
0.535,0.535,569.716,6442051741,2021_03_16_18_33_10
0.534,0.534,570.25,6442051741,2021_03_16_18_33_10
0.542,0.542,570.792,6442051741,2021_03_16_18_33_10
0.536,0.536,571.328,6442051741,2021_03_16_18_33_10
0.537,0.537,571.865,6442051741,2021_03_16_18_33_10
0.535,0.535,572.4,6442051741,2021_03_16_18_33_10
0.541,0.541,572.941,6442051741,2021_03_16_18_33_10
0.537,0.537,573.478,6442051741,2021_03_16_18_33_10
0.537,0.537,574.015,6442051741,2021_03_16_18_33_10
0.534,0.534,574.549,6442051741,2021_03_16_18_33_10
0.541,0.541,575.09,6442051741,2021_03_16_18_33_10
0.543,0.543,575.633,6442051741,2021_03_16_18_33_10
0.542,0.542,576.175,6442051741,2021_03_16_18_33_10
0.548,0.548,576.723,6442051741,2021_03_16_18_33_10
0.55,0.55,577.273,6442051741,2021_03_16_18_33_10
0.543,0.543,577.816,6442051741,2021_03_16_18_33_10
0.54,0.54,578.356,6442051741,2021_03_16_18_33_10
0.537,0.537,578.893,6442051741,2021_03_16_18_33_10
0.542,0.542,579.435,6442051741,2021_03_16_18_33_10
0.535,0.535,579.97,6442051741,2021_03_16_18_33_10
0.53,0.53,580.5,6442051741,2021_03_16_18_33_10
0.528,0.528,581.028,6442051741,2021_03_16_18_33_10
0.526,0.526,581.554,6442051741,2021_03_16_18_33_10
0.528,0.528,582.082,6442051741,2021_03_16_18_33_10
0.532,0.532,582.614,6442051741,2021_03_16_18_33_10
0.548,0.548,583.162,6442051741,2021_03_16_18_33_10
0.516,0.516,583.678,6442051741,2021_03_16_18_33_10
1.069,1.069,584.747,6442051741,2021_03_16_18_33_10
0.536,0.536,585.283,6442051741,2021_03_16_18_33_10
0.529,0.529,585.812,6442051741,2021_03_16_18_33_10
0.532,0.532,586.344,6442051741,2021_03_16_18_33_10
0.519,0.519,586.8629999999999,6442051741,2021_03_16_18_33_10
0.52,0.52,587.383,6442051741,2021_03_16_18_33_10
0.516,0.516,587.899,6442051741,2021_03_16_18_33_10
0.509,0.509,588.408,6442051741,2021_03_16_18_33_10
0.508,0.508,588.916,6442051741,2021_03_16_18_33_10
0.516,0.516,589.432,6442051741,2021_03_16_18_33_10
0.504,0.504,589.936,6442051741,2021_03_16_18_33_10
0.488,0.488,590.424,6442051741,2021_03_16_18_33_10
0.504,0.504,590.928,6442051741,2021_03_16_18_33_10
0.493,0.493,591.421,6442051741,2021_03_16_18_33_10
0.98,0.98,592.401,6442051741,2021_03_16_18_33_10
0.938,0.938,593.339,6442051741,2021_03_16_18_33_10
0.466,0.466,593.805,6442051741,2021_03_16_18_33_10
0.45,0.45,594.255,6442051741,2021_03_16_18_33_10
0.47,0.47,594.725,6442051741,2021_03_16_18_33_10
0.452,0.452,595.177,6442051741,2021_03_16_18_33_10
0.903,0.903,596.08,6442051741,2021_03_16_18_33_10
0.446,0.446,596.526,6442051741,2021_03_16_18_33_10
0.438,0.438,596.964,6442051741,2021_03_16_18_33_10
0.439,0.439,597.403,6442051741,2021_03_16_18_33_10
0.422,0.422,597.825,6442051741,2021_03_16_18_33_10
0.442,0.442,598.267,6442051741,2021_03_16_18_33_10
0.844,0.844,599.111,6442051741,2021_03_16_18_33_10
0.417,0.417,599.528,6442051741,2021_03_16_18_33_10
0.429,0.429,599.957,6442051741,2021_03_16_18_33_10
0.409,0.409,600.366,6442051741,2021_03_16_18_33_10
0.405,0.405,600.771,6442051741,2021_03_16_18_33_10
0.422,0.422,601.193,6442051741,2021_03_16_18_33_10
0.415,0.415,601.608,6442051741,2021_03_16_18_33_10
0.4,0.4,602.008,6442051741,2021_03_16_18_33_10
0.397,0.397,602.405,6442051741,2021_03_16_18_33_10
0.41,0.41,602.815,6442051741,2021_03_16_18_33_10
0.395,0.395,603.21,6442051741,2021_03_16_18_33_10
0.39,0.39,603.6,6442051741,2021_03_16_18_33_10
0.405,0.405,604.005,6442051741,2021_03_16_18_33_10
0.284,0.284,604.289,6442051741,2021_03_16_18_33_10
0.896,0.896,605.185,6442051741,2021_03_16_18_33_10
0.771,0.771,605.956,6442051741,2021_03_16_18_33_10
0.389,0.389,606.345,6442051741,2021_03_16_18_33_10
0.388,0.388,606.733,6442051741,2021_03_16_18_33_10
0.38,0.38,607.1129999999999,6442051741,2021_03_16_18_33_10
0.383,0.383,607.496,6442051741,2021_03_16_18_33_10
0.377,0.377,607.873,6442051741,2021_03_16_18_33_10
0.393,0.393,608.266,6442051741,2021_03_16_18_33_10
0.382,0.382,608.648,6442051741,2021_03_16_18_33_10
0.369,0.369,609.017,6442051741,2021_03_16_18_33_10
0.393,0.393,609.41,6442051741,2021_03_16_18_33_10
0.37,0.37,609.78,6442051741,2021_03_16_18_33_10
0.388,0.388,610.168,6442051741,2021_03_16_18_33_10
0.368,0.368,610.536,6442051741,2021_03_16_18_33_10
0.752,0.752,611.288,6442051741,2021_03_16_18_33_10
0.38,0.38,611.668,6442051741,2021_03_16_18_33_10
0.37,0.37,612.038,6442051741,2021_03_16_18_33_10
0.378,0.378,612.416,6442051741,2021_03_16_18_33_10
0.36,0.36,612.776,6442051741,2021_03_16_18_33_10
0.38,0.38,613.156,6442051741,2021_03_16_18_33_10
0.376,0.376,613.532,6442051741,2021_03_16_18_33_10
0.375,0.375,613.907,6442051741,2021_03_16_18_33_10
1.131,1.131,615.038,6442051741,2021_03_16_18_33_10
0.755,0.755,615.793,6442051741,2021_03_16_18_33_10
0.381,0.381,616.174,6442051741,2021_03_16_18_33_10
0.378,0.378,616.552,6442051741,2021_03_16_18_33_10
0.382,0.382,616.934,6442051741,2021_03_16_18_33_10
0.383,0.383,617.317,6442051741,2021_03_16_18_33_10
0.768,0.768,618.085,6442051741,2021_03_16_18_33_10
0.386,0.386,618.471,6442051741,2021_03_16_18_33_10
0.38,0.38,618.851,6442051741,2021_03_16_18_33_10
0.772,0.772,619.623,6442051741,2021_03_16_18_33_10
0.381,0.381,620.004,6442051741,2021_03_16_18_33_10
0.385,0.385,620.389,6442051741,2021_03_16_18_33_10
0.391,0.391,620.78,6442051741,2021_03_16_18_33_10
0.388,0.388,621.168,6442051741,2021_03_16_18_33_10
0.388,0.388,621.556,6442051741,2021_03_16_18_33_10
0.392,0.392,621.948,6442051741,2021_03_16_18_33_10
0.393,0.393,622.341,6442051741,2021_03_16_18_33_10
0.384,0.384,622.725,6442051741,2021_03_16_18_33_10
0.789,0.789,623.514,6442051741,2021_03_16_18_33_10
0.396,0.396,623.91,6442051741,2021_03_16_18_33_10
0.394,0.394,624.304,6442051741,2021_03_16_18_33_10
0.394,0.394,624.698,6442051741,2021_03_16_18_33_10
0.389,0.389,625.087,6442051741,2021_03_16_18_33_10
0.393,0.393,625.48,6442051741,2021_03_16_18_33_10
0.393,0.393,625.873,6442051741,2021_03_16_18_33_10
0.396,0.396,626.269,6442051741,2021_03_16_18_33_10
0.394,0.394,626.663,6442051741,2021_03_16_18_33_10
0.402,0.402,627.065,6442051741,2021_03_16_18_33_10
