"","HRVtime$datetime","size","SDNN","SDANN","SDNNIDX","pNN50","SDSD","rMSSD","IRRR","MADRR","TINN","HRVi","max_time"
"1",2019-12-11 15:22:46,5,80.974274503944,NA,NA,14.6979260595131,39.3830527962055,39.3741789672092,111.99999999991,19.0000000000006,258.745335820896,16.5597014925373,4351.181
"2",2019-12-12 08:51:38,5,86.7724752426417,NA,NA,11.199207135778,31.193780964511,31.1899492400599,121.999999999844,16.9999999998254,368.877923976608,23.6081871345029,4547.044
"3",2019-12-12 16:15:17,5,97.8090470913816,NA,NA,24.3595714951095,54.8488577664489,54.8362681244506,134.000000000015,23.9999999996598,299.665178571429,19.1785714285714,4847.155
"4",2019-12-13 08:54:14,5,14.3877915254827,NA,NA,0.142450142450142,9.90324394263969,9.90172507920527,16.9999999999391,3.99999999996226,63.6322463768116,4.07246376811594,1345.339
"5",2019-12-13 11:29:35,5,46.9209525898492,NA,NA,5.62060889929742,26.8500549562959,26.8347357821276,67.9999999999268,15.9999999999627,215.473790322581,13.7903225806452,3854.796
"6",2019-12-13 12:40:36,5,71.382380936769,NA,NA,18.3529411764706,57.1315685634998,57.0660298663371,77.0000000001403,16.0000000000196,105.654761904762,6.76190476190476,2753.321
"7",2019-12-13 13:32:33,5,174.510046646426,NA,NA,37.5598086124402,171.597970170757,171.394296243166,89.0000000000555,30.9999999999775,136.393229166667,8.72916666666667,4169.37
"8",2019-12-17 08:54:02,5,76.7503871997378,NA,NA,10.8512020792723,36.9957629332495,36.9838223945045,123.999999999974,16.9999999998254,175.638686131387,11.2408759124088,3804.714
"9",2019-12-25 12:49:35,5,166.37015894937,143.124389566869,86.5112484738263,68.6274509803922,117.525379820534,116.468206551208,237.499999999996,84.0000000000015,270.833333333333,17.3333333333333,59.906
"10",2019-12-25 15:45:13,5,94.2762390323705,NA,NA,21.6216216216216,71.6537910076629,71.0353927773403,86.2500000000146,26.0000000000105,148.4375,9.5,2460.428
"11",2019-12-26 07:37:55,5,163.38654450903,143.031145448436,68.7962464943,59.7826086956522,92.8785612403603,92.3730621377017,189.000000000001,66.4999999999942,290.625,18.6,120.722
"12",2019-12-27 08:35:14,5,347.121155269516,641.712559359778,NA,61,317.892595260116,317.678343611899,251.999999999995,69.4999999999907,394.53125,25.25,122.128
"13",2019-12-27 10:11:06,5,209.180511592975,NA,NA,42.4242424242424,179.953006790201,179.649921447502,132.500000000036,35.000000000025,232.8125,14.9,2110.838
"14",2019-12-27 17:05:59,5,82.6583599827812,NA,NA,26.5060240963855,51.6236693043208,51.408006502198,107.499999999997,28.0000000000058,218.75,14,2653.325
"15",2019-12-28 09:55:53,5,125.686347730694,83.487904808011,89.5760107308943,63.953488372093,134.887333033384,134.112153690267,171.999999999992,71.5000000000075,169.921875,10.875,120.17
"16",2019-12-29 07:42:48,5,44.2426220752228,27.3370280529321,36.2201647735579,25.8928571428571,46.3122411552667,46.105081839516,45.0000000000016,31.0000000000059,135.817307692308,8.69230769230769,119.783
"17",2019-12-30 07:33:23,5,68.2838457334608,36.2527579857348,58.638400217884,56.043956043956,87.6603655168047,87.177852818122,99.5000000000027,52.9999999999973,143.75,9.2,119.509
"18",2019-12-30 09:05:04,5,81.7555746227824,NA,NA,19.6078431372549,59.5560503832837,58.9857078069891,121.249999999987,24.9999999999204,135.416666666667,8.66666666666667,1230.228
"19",2019-12-31 17:40:49,5,80.708031866519,25.7465706300759,83.8119013336717,70.873786407767,94.0946277532146,93.6369253361504,137.75000000001,84.0000000000173,232.142857142857,14.8571428571429,119.708
"20",2020-01-02 06:07:27,5,89.1934440626834,69.890796241061,57.9271749520302,40.5660377358491,69.5018321489264,69.1805813085487,128.999999999998,39.9999999999991,278.645833333333,17.8333333333333,120.575
"21",2020-01-02 19:19:36,5,74.334945185832,NA,NA,8.06451612903226,84.7471368709646,84.4782850510165,11.5000000000407,3.00000000004275,30.76171875,1.96875,1867.605
"22",2020-01-03 05:33:07,5,60.883518806439,57.2748684272577,24.9024938976022,7.75193798449612,26.6192491150596,26.515901328369,71.5000000000031,16.0000000000052,169.270833333333,10.8333333333333,120.093
"23",2020-01-04 11:03:23,5,87.4472483691973,68.0204888208623,54.7197608386004,33.3333333333333,59.6254595669623,59.4003099772792,113.999999999998,33.9999999999989,283.482142857143,18.1428571428571,120.198
"24",2020-01-05 08:02:35,5,82.0135953641919,57.7375424930027,64.8247963921533,65.2631578947368,84.8144381209583,84.3670551815107,116.25000000001,67.0000000000073,250,16,119.816
"25",2020-01-06 06:08:24,5,75.8602839016377,62.2538668100732,48.7523312199585,44.6601941747573,70.9023789754247,70.5830090393477,120.25,46.9999999999968,232.142857142857,14.8571428571429,121.191
"26",2020-01-07 10:02:17,5,113.046624801826,58.3312660142702,92.34525503695,65.9259259259259,131.508043922653,131.022559550297,156.750000000004,80.9999999999891,303.571428571429,19.4285714285714,150.141
"27",2020-01-09 07:06:32,5,110.282842331628,104.57108253567,31.5819642242157,18.8811188811189,38.1726884255361,38.0404642857703,196.000000000001,26,321.428571428571,20.5714285714286,150.497
"28",2020-01-10 06:24:53,5,63.5497044451429,42.1893705387175,53.5018616531986,50.7575757575758,68.1873715449889,67.930166905122,84.0000000000316,50.5000000000138,207.8125,13.3,150.813
"29",2020-01-11 07:41:15,5,79.2006256221662,66.0464740652609,40.9800368503358,32.4786324786325,63.5923492628074,63.3397432653718,87.249999999992,24,167.613636363636,10.7272727272727,149.784
"30",2020-01-12 09:41:20,5,92.8209234929333,55.9692258226775,76.0690253013904,64.3478260869565,107.71916406395,107.252404452626,141.249999999999,67.0000000000002,258.928571428571,16.5714285714286,150.274
"31",2020-01-13 06:38:00,5,107.297608009479,NA,NA,32.5581395348837,64.0425287928733,63.8182982678041,174.25,34.0000000000061,253.90625,16.25,149.711
"32",2020-01-16 08:16:04,5,74.2516843127085,65.6914467314037,34.2429751768041,17.2619047619048,40.4152627490378,40.2958552754606,87.0000000000033,20.5000000000055,203.125,13,150.683
"33",2020-01-17 08:46:43,5,113.074394586839,99.958662699282,53.4968164917679,27.5,59.7620859595687,59.5775754793688,157.000000000004,32.0000000000249,419.270833333333,26.8333333333333,150.822
"34",2020-01-22 05:44:29,5,117.772362682272,101.48447354964,65.0855100504763,39.2592592592593,71.007973765688,70.7651829017016,167.499999999995,39.999999999992,265.625,17,150.495
"35",2020-01-23 08:27:57,5,95.6994031015845,71.5744752285473,69.9514156430574,64.2276422764228,88.3675329046335,88.0079911375393,139.250000000001,67.999999999998,242.1875,15.5,149.597
"36",2020-01-24 08:32:46,5,73.0666475495277,43.5481950189543,59.8437230091907,65.6,86.770864740082,86.4305501544429,101.249999999987,65.9999999999884,246.09375,15.75,150.816
"37",2020-01-25 07:37:47,5,88.4566750825137,65.0163770682639,66.4768510620287,63.9344262295082,93.2752953400291,92.913409362397,117.5,77.0000000000017,240.234375,15.375,149.947
"38",2020-01-26 08:09:35,5,77.6809077524361,52.3786904245525,58.535619528294,46.9230769230769,73.7902489142304,73.5096016753018,96.4999999999955,48.4999999999972,227.430555555556,14.5555555555556,149.169
"39",2020-01-27 06:01:06,5,64.841347010509,50.6422045846576,45.5028024567307,57.5471698113208,75.5955712085264,75.2532830099375,89.9999999999998,60.5000000000189,208.984375,13.375,150.539
"40",2020-01-28 06:05:07,5,79.8341893402233,59.1348836036082,57.435302829132,59.8214285714286,85.0606448622145,84.68412947958,112.000000000009,65.4999999999974,220.703125,14.125,151.3
"41",2020-01-29 06:31:02,5,57.8817881596644,31.6506055436666,53.6576159640111,61.3445378151261,79.7034374623394,79.3679866881131,87.4999999999995,63.0000000000164,208.333333333333,13.3333333333333,149.287
"42",2020-01-30 09:03:38,5,57.1346501318625,39.0621793998884,49.1768501131231,56.4102564102564,74.7673353517621,74.4473082750603,77.5000000000016,61.0000000000068,153.645833333333,9.83333333333333,150.609
"43",2020-01-31 07:12:05,5,54.3859324275837,31.4434534834789,47.1583494951603,54.4642857142857,77.4460994944121,77.1163314183749,80.0000000000125,57.5000000000036,220.703125,14.125,149.057
"44",2020-02-01 06:15:17,5,61.2278418702006,36.0828228309298,49.6803508587593,48.4615384615385,70.8038136250605,70.5311169735646,89.0000000000045,49.0000000000067,170.572916666667,10.9166666666667,151.918
"45",2020-02-02 08:21:08,5,80.1504287453915,60.2980468791808,60.6562539947997,68.4210526315789,84.3594824495085,83.9895565772009,106.000000000005,66.9999999999978,199.652777777778,12.7777777777778,150.081
"46",2020-02-03 06:27:28,5,64.3514559020273,44.6202421000038,51.2998762876346,54.5454545454545,71.4302632424612,71.1366395579912,88.500000000007,52.9999999999832,211.805555555556,13.5555555555556,149.777
"47",2020-02-04 06:02:14,5,77.0530120544721,44.170315910214,64.8649478547932,66.6666666666667,90.9052682033047,90.5259631266076,97.9999999999918,75.5000000000016,157.552083333333,10.0833333333333,149.241
"48",2020-02-05 06:24:15,5,75.8723801169409,57.0569973619063,55.3788086315115,60.6837606837607,80.6947698961593,80.3598211465206,97.7500000000066,61.0000000000141,230.46875,14.75,151.601
"49",2020-02-06 07:11:47,5,68.4194834406523,39.7361103626005,59.6798608166368,59.2,80.7600811643805,80.4413823849386,105.250000000009,58.0000000000016,218.75,14,149.672
"50",2020-02-07 06:18:37,5,72.7886370214977,54.2852445047085,55.2834213748232,63.6363636363636,85.124119393269,84.7760784129259,109.000000000003,68.0000000000014,211.805555555556,13.5555555555556,151.172
"51",2020-02-08 09:49:10,5,88.5217679502576,67.2335924297711,62.1893258497999,59.3103448275862,82.9973543178028,82.7272210547918,94.0000000000011,64.0000000000072,253.472222222222,16.2222222222222,150.218
"52",2020-02-09 09:06:42,5,76.4361054529775,64.1542333186935,47.0617288384275,44.2857142857143,61.927652315218,61.7186010396042,97.9999999999955,44.0000000000075,220.3125,14.1,150.51
"53",2020-02-10 05:34:02,5,48.8269022088275,36.3314436715785,32.9648782802305,17.3611111111111,38.4449771550696,38.3192909062212,61.9999999999975,25.0000000000003,174.278846153846,11.1538461538462,150.15
"54",2020-02-12 05:11:31,5,89.1859379209356,73.5892525099649,51.1119902084636,44.3609022556391,61.8845629717081,61.6574334346195,127.000000000006,42.0000000000016,232.638888888889,14.8888888888889,150.156
"55",2020-02-13 06:36:52,5,64.1614269732234,46.8313038788002,47.0009911136253,51.5625,62.221149098816,61.9830495982565,88.9999999999975,52.999999999976,251.953125,16.125,151.501
"56",2020-02-14 06:41:32,5,101.466526500121,84.2604053593977,57.9693521788726,52.8,80.5555284340562,80.2373977643824,142.500000000002,52.9999999999688,246.09375,15.75,151.099
"57",2020-02-15 10:41:22,5,78.7721336663307,65.4180947100257,47.9679729190552,29.4478527607362,52.7913533288461,52.6328876169242,98.7500000000025,34.0000000000025,256.25,16.4,150.722
"58",2020-02-16 07:52:53,5,104.496422323558,84.6953168688058,64.247449837752,59.0909090909091,84.6042302766708,84.2831627025921,139.999999999999,66.0000000000011,346.354166666667,22.1666666666667,150.321
"59",2020-02-17 07:30:28,5,67.667102969527,38.9977126871254,59.4067409138779,59.8540145985401,76.8785231435834,76.59763103577,93.2499999999936,60.0000000000165,239.583333333333,15.3333333333333,149.855
"60",2020-02-18 05:33:20,5,77.0614231379517,53.477247072316,59.6152499412048,57.8125,76.005329019549,75.7166799655124,103.999999999999,55.000000000014,223.958333333333,14.3333333333333,149.721
"61",2020-02-19 05:30:14,5,63.4462891214983,50.1446742854651,42.1212993646967,38.8489208633094,56.0876708092549,55.8872194241577,91.5000000000089,41.0000000000039,218.75,14,151.366
"62",2020-02-20 06:46:46,5,78.6488149967058,59.8015859076181,52.5347412953124,40.8163265306122,59.8851905324088,59.7220888043644,99.9999999999948,39.9999999999991,210.227272727273,13.4545454545455,150.299
"63",2020-02-21 07:56:31,5,41.4631259892137,34.3086992446412,22.9861131319668,1.52284263959391,20.0416612598899,19.9960656028612,55.7499999999962,9.99999999999807,134.510869565217,8.60869565217391,149.376
"64",2020-02-22 15:37:42,5,76.8374948903305,49.5023405994311,58.9010867904247,55.7522123893805,95.8775829061156,95.452995428552,100.500000000004,59.0000000000011,178.125,11.4,149.3
"65",2020-02-23 07:34:16,5,71.448576100326,52.7697146989526,42.7083671935916,41.6058394160584,56.5741997873618,56.3724579435631,73.5000000000059,38.9999999999943,215.625,13.8,150.33
"66",2020-02-24 06:34:15,5,62.5714940246241,49.556352147604,41.2076474213959,37.3239436619718,53.7510586506291,53.5619951452865,90.0000000000015,40.000000000008,248.263888888889,15.8888888888889,150.077
"67",2020-02-25 06:22:46,5,87.8427943324271,67.1169772338182,62.8319674223951,54.8387096774194,80.6351816537009,80.3093816075911,115.000000000009,64.5000000000024,217.013888888889,13.8888888888889,149.991
"68",2020-02-26 06:10:54,5,71.3566970705525,62.3572803986772,37.3417819092401,25,46.768753898438,46.6251005360837,88.999999999999,31.9999999999893,220.3125,14.1,149.925
"69",2020-02-27 07:08:59,5,66.0551934770969,56.4393516490561,32.8486943627024,20.9424083769633,39.3948093761957,39.3016259338872,90.500000000004,25.0000000000057,187.5,12,180.395
"70",2020-02-28 07:26:43,5,69.1863616600236,52.6316036396446,48.6606427521707,38.125,62.3468236167199,62.1553497295288,99.9999999999961,35.99999999998,251.5625,16.1,179.751
"71",2020-02-29 08:41:20,5,76.050852606027,66.7955665346395,37.9564791100841,21.5384615384615,46.3892306360667,46.2741551613592,94.249999999999,26.0000000000034,218.75,14,180.081
"72",2020-03-01 06:32:42,5,69.5832031572996,53.05430098438,47.877647429752,46.2962962962963,60.4925948961296,60.3057026969917,93.5000000000095,45.9999999999994,195.913461538462,12.5384615384615,180.436
"73",2020-03-02 06:06:32,5,103.161085383284,77.0910873441229,70.6771063800022,50,79.0875046204121,78.8368367924727,143.499999999996,51.0000000000019,310.546875,19.875,179.762
"74",2020-03-03 05:45:09,5,83.7472797398157,63.2574784498399,55.04875286194,40.6060606060606,61.8168043083785,61.6528895338972,123.25,43.999999999997,259.375,16.6,179.166
"75",2020-03-04 06:36:27,5,58.390661601417,35.9626736606916,48.1466745615696,43.312101910828,64.3435710316491,64.1466274165477,86.4999999999973,41.0000000000109,205.729166666667,13.1666666666667,181.445
"76",2020-03-05 06:49:14,5,71.4139144039887,61.3649144959269,42.7361854972697,40,56.6612044669751,56.4973584794164,101.00000000001,40.0000000000063,259.375,16.6,179.321
"77",2020-03-06 07:27:13,5,74.120328525894,53.3407016618783,55.9024236060679,59.6385542168675,79.4348787592107,79.1967962112146,102.499999999988,64.499999999999,200.721153846154,12.8461538461538,179.723
"78",2020-03-07 09:03:31,5,77.2438876663918,59.0050319389593,53.3578520496056,53.8961038961039,73.2333337332121,72.9954188208493,105.000000000004,53.0000000000026,186.298076923077,11.9230769230769,179.806
"79",2020-03-08 07:50:35,5,68.3935191770644,52.8375407093916,46.616870070491,41.958041958042,69.083505126674,68.8437472720778,91.9999999999986,37.0000000000009,250,16,179.773
"80",2020-03-09 07:11:59,5,67.4587868217554,44.6395220939147,53.2008647147723,56.7567567567568,73.3978105998101,73.152607978485,97.9999999999991,61.0000000000069,194.010416666667,12.4166666666667,179.349
"81",2020-03-11 07:11:39,5,54.4382563893213,36.7328815164346,39.2997621602842,23.0337078651685,43.6902386316658,43.5707483566637,68.9999999999956,32.0000000000072,174.8046875,11.1875,180.438
"82",2020-03-12 05:52:25,5,61.6967225341921,40.7673241516707,42.9910349946631,38.8888888888889,54.07538325903,53.9085874649789,77.4999999999968,37.5000000000087,195.913461538462,12.5384615384615,180.492
"83",2020-03-13 07:06:33,5,58.4929604121427,45.9063666392351,38.9112616905236,30.6748466257669,50.5415465582642,50.388429872648,82.5000000000014,33.9999999999918,213.541666666667,13.6666666666667,181.619
"84",2020-03-14 08:02:40,5,86.2365464418693,76.1005302270475,45.7586871231121,31.3609467455621,51.294612014836,51.1482356668758,106.249999999976,32.0000000000107,241.477272727273,15.4545454545455,181.159
"85",2020-03-15 08:14:17,5,96.0742826124827,79.3740016604251,51.7842453959083,40.625,68.3186206166094,68.1066718464515,129.999999999995,42.9999999999957,251.5625,16.1,180.44
"86",2020-03-16 07:54:14,5,53.5413414901139,37.2619483591264,37.1384216982801,22.0512820512821,41.7241295541006,41.6211854339005,68.4999999999931,27.0000000000009,204.166666666667,13.0666666666667,180.579
"87",2020-03-17 12:41:37,5,101.834022490199,84.2693600649226,60.3945154980025,55.1282051282051,80.5797384672314,80.3507933999406,123.999999999995,53.9999999999985,245.3125,15.7,180.298
"88",2020-03-18 06:36:18,5,76.2369984454585,59.0779343596064,51.3201559111365,44.2176870748299,65.7676830050595,65.5498460175559,102.250000000003,44.0000000000111,192.708333333333,12.3333333333333,180.123
"89",2020-03-19 06:59:25,5,82.9556354497379,65.9175074294705,53.9538639723904,40.2597402597403,69.2589020863567,69.0349995931877,106.500000000011,38.5000000000009,220.170454545455,14.0909090909091,180.679
"90",2020-03-24 06:50:22,5,85.6514773396802,66.4861754127004,55.5543629888164,55.7046979865772,71.1326397632473,70.89717480953,119.249999999992,54.9999999999995,260.416666666667,16.6666666666667,180.331
"91",2020-03-25 07:57:32,5,79.7188394587541,69.4846694394875,NA,60,80.0402626768176,79.7390937804234,90.0000000000036,65.5000000000001,255.859375,16.375,181.397
"92",2020-03-26 07:23:11,5,38.764852388736,29.7506243608423,13.4661741318226,7.5187969924812,26.8556069983541,26.7545231928789,29.4999999999989,8.99999999998613,95.1704545454545,6.09090909090909,180.625
"93",2020-03-27 07:39:03,5,83.8910986844918,60.9154466457897,63.4997892390775,61.2676056338028,89.069339943385,88.7551625159882,115.499999999994,63.0000000000077,248.263888888889,15.8888888888889,179.716
"94",2020-03-28 08:05:03,5,106.167474938982,97.2494542088466,40.7668990426582,23.0337078651685,45.3072150032726,45.1918507121199,131,24.9999999999897,254.261363636364,16.2727272727273,179.992
"95",2020-03-29 08:27:55,5,97.9956975294902,89.6684835939954,40.4719554935017,31.547619047619,50.2914428121838,50.1495976340502,115.000000000002,35.0000000000002,293.402777777778,18.7777777777778,179.453
"96",2020-03-30 07:26:58,5,72.2150015765346,49.4800785724605,55.2989482310268,60.1503759398496,80.3802041286702,80.0857153586786,96.9999999999898,63.0000000000166,190.340909090909,12.1818181818182,181.131
"97",2020-03-31 06:36:51,5,157.056803308773,139.895776911811,68.9813210951122,58.273381294964,97.7651977236013,97.4210250156918,200.499999999997,63.9999999999927,364.583333333333,23.3333333333333,180.17
"98",2020-04-12 21:33:37,5,120.021306235874,74.7348459386849,86.5799784515966,66.2337662337662,118.383531604405,118.003466821183,157.000000000005,74.9999999999886,302.734375,19.375,181.171
"99",2020-04-13 08:05:58,5,85.7176941691846,58.8646776947942,68.3917952728061,69.6296296296296,92.6340708864689,92.2951385100672,127.249999999997,79.0000000000077,303.571428571429,19.4285714285714,180.551
"100",2020-04-14 07:16:37,5,84.2355037493881,62.2185715269734,56.5067154491432,52.2292993630573,82.098549385501,81.8370292902743,111.500000000006,51.0000000000055,246.875,15.8,181.059
"101",2020-04-15 08:33:59,5,87.7632309937925,59.2836376267153,64.3642237349711,51.4705882352941,94.9427895043493,94.5960063203769,109.000000000009,57.0000000000093,237.847222222222,15.2222222222222,181.555
"102",2020-04-16 07:21:21,5,98.9609780809375,95.8789499960086,34.4902594287612,22.4852071005917,49.7239590621883,49.5769678343169,99.0000000000125,26.0000000000034,204.326923076923,13.0769230769231,174.424
"103",2020-04-17 08:41:43,5,104.900240672546,91.3155917324489,53.267990148604,44.6280991735537,68.518393500825,68.2871913016474,147.749999999996,44.9999999999875,317.708333333333,20.3333333333333,138.355
"104",2020-04-18 04:43:25,5,88.8497941462757,68.9907926711193,61.32627609735,58.9928057553957,87.2907904523733,86.9811027190157,131.25,64.0000000000073,273.4375,17.5,180.344
"105",2020-04-19 13:58:38,5,63.3172335689267,44.3491083483968,50.0449094518567,60.1398601398601,70.1004949012717,69.8649546490355,95.2499999999945,59.9999999999882,204.545454545455,13.0909090909091,181.091
"106",2020-04-20 14:39:46,5,85.2636407369699,64.5136338560668,57.7540380927502,57.3643410852713,95.7568484809679,95.3849808598959,103.000000000001,57.9999999999927,225.694444444444,14.4444444444444,179.27
"107",2020-04-21 15:36:08,5,76.7194989685597,46.7417840711204,NA,50.7575757575758,77.9246787077121,77.6497087742589,94.9999999999991,52.9999999999973,188.920454545455,12.0909090909091,178.834
"108",2020-04-22 15:32:36,5,126.502125793305,112.219353935759,69.503674207853,63.6363636363636,91.0716644440579,90.7637754672126,228.249999999999,66.0000000000007,281.25,18,181.015
"109",2020-04-23 12:03:01,5,60.5316735619873,40.2972104833045,50.548543546295,57.5757575757576,75.917317174396,75.6312826090542,83.999999999997,59.9999999999917,173.177083333333,11.0833333333333,179.998
"110",2020-04-24 11:00:11,5,121.369929126799,74.2146811281836,63.4001878017089,28.8343558282209,111.399700206462,111.07469989631,102.499999999995,33.9999999999634,232.954545454545,14.9090909090909,179.31
"111",2020-04-25 05:21:50,5,129.304956029868,103.430686689749,74.4425826917289,56.2913907284768,91.1159240280127,90.8142708393291,160.750000000011,59.0000000000117,296.875,19,180.276
"112",2020-04-26 05:57:20,5,88.5666216990105,53.9748348441376,76.2961019125551,63.9705882352941,104.152807966983,103.770391334171,118.999999999985,76.0000000000041,305.803571428571,19.5714285714286,179.937
"113",2020-04-27 11:54:46,5,108.916477862113,92.037528265614,60.1029658357625,56.3758389261745,76.7271916890929,76.4707690787134,182.749999999988,55.0000000000068,334.821428571429,21.4285714285714,180.727
"114",2020-05-21 08:43:31,5,64.8105320067138,50.8365545340743,45.160560648486,43.7908496732026,61.9111767619506,61.7090474399635,76.7499999999879,42.999999999992,200.520833333333,12.8333333333333,181.955
"115",2020-07-05 08:00:55,5,104.239546637864,82.3120674419191,67.5001648752738,53.639846743295,88.9307399635373,88.7651341583235,141.249999999985,56.0000000000045,314.903846153846,20.1538461538462,302.68
"116",2020-07-06 09:44:19,5,132.714747126497,115.063420810166,68.2537517489364,43.6860068259386,83.4792539968201,83.3448979461356,201.000000000047,45.0000000000018,353.365384615385,22.6153846153846,301.805
"117",2020-07-07 05:58:37,5,97.5434314180847,88.8769353938882,42.2026705827049,41.7322834645669,64.1245739777757,64.0044597363488,110.999999999994,43.9999999999827,284.598214285714,18.2142857142857,302.905
"118",2020-07-08 05:14:52,5,81.8073509830935,62.6683840840065,54.7224860517814,52.9182879377432,70.6999909620436,70.562911742775,121.249999999968,52.9999999999973,310.096153846154,19.8461538461538,302.186
"119",2020-07-09 04:33:44,5,101.049309998204,82.612333974614,58.4591937926695,53.8167938931298,76.8341571271676,76.6898183872879,133.999999999968,56.0000000000222,256.8359375,16.4375,302.873
"120",2020-07-10 08:03:57,5,132.78259338105,116.9829326768,62.5444603227982,59.4594594594595,92.6179679689936,92.4113161433774,170.000000000016,59.9999999999952,348.4375,22.3,302.886
"121",2020-07-11 08:41:57,5,111.868776709533,85.5411613897197,70.3072511316307,60.4838709677419,92.7981131987216,92.6231090094724,143.999999999995,62.9999999999882,353.693181818182,22.6363636363636,302.192
"122",2020-07-12 07:41:24,5,126.658705432001,105.613933109783,58.7135710315552,54.7619047619048,81.1486066460148,80.9875308842689,124.000000000009,57.0000000000164,304.086538461538,19.4615384615385,302.844
"123",2020-07-13 06:41:14,5,113.418038174707,80.7201928140329,82.8840402780273,68.2608695652174,116.127079916601,115.885400663573,157.50000000002,82.4999999999818,300.78125,19.25,301.426
"124",2020-07-14 10:16:38,5,147.579128079256,117.452124871244,73.0880356398785,63.2034632034632,107.324962877658,107.103744664749,160.750000000012,74.9999999999957,329.545454545455,21.0909090909091,301.691
"125",2020-07-15 08:28:04,5,93.3784943416122,65.110945956491,71.3320296613746,68.8888888888889,102.749099752748,102.526202612905,132.499999999997,73.0000000000075,353.125,22.6,302.065
"126",2020-07-16 09:34:55,5,129.740889117218,105.610712853446,72.5634376364526,65.2719665271967,108.138558278934,107.913125604926,176.500000000008,73.0000000000075,468.75,30,302.988
"127",2020-07-17 06:58:17,5,82.8464229718864,59.1019210851673,59.7948512843231,60.8163265306122,90.10158424489,89.9176947921511,114.749999999995,61.000000000007,256.25,16.4,302.589
"128",2020-07-18 09:18:09,5,107.575428820801,88.8365549826027,62.0786442528347,60.6837606837607,90.0436378562573,89.8598148494989,158.000000000015,63.4999999999977,367.1875,23.5,303.771
"129",2020-07-19 07:13:03,5,143.94614935367,124.342922808679,55.9903408103121,60.7929515418502,86.7509545755046,86.5603097537749,142.249999999999,62.9999999999313,296.875,19,302.833
"130",2020-07-20 04:55:04,5,97.6698924458959,73.8525878205594,67.4694773888174,62.2317596566524,92.7456106673578,92.546473651931,130.749999999994,66.0000000000025,304.6875,19.5,302.182
"131",2020-07-21 07:19:41,5,67.6768178591472,60.6421645920755,32.2169355919883,13.915857605178,44.4851842588432,44.4147851414204,70.999999999998,19.9999999999818,193.75,12.4,303.137
"132",2020-07-21 07:28:57,5,143.681384008229,124.388731617139,80.8425355867179,40.5797101449275,79.3034336721478,79.0224697452406,260.999999999999,37.5000000000054,241.319444444444,15.4444444444444,152.89
"133",2020-07-22 08:09:42,5,83.3453935603246,62.2573828933826,60.9318743821181,68.1818181818182,94.6728577787765,94.4575662304627,113,67.0000000000073,287.760416666667,18.4166666666667,302.65
"134",2020-07-23 08:11:41,5,87.8562119249353,63.7660081995724,62.733574808511,65.3508771929825,97.8984604941393,97.6835429404739,114.999999999995,69.0000000000168,275.240384615385,17.6153846153846,301.035
"135",2020-07-24 04:53:22,5,92.4272643983519,80.2922214037791,50.024944138635,46.2809917355372,67.2122247990885,67.075601850722,129.499999999997,46.0000000000118,292.067307692308,18.6923076923077,302.059
"136",2020-07-25 09:42:04,5,82.3393324926838,61.5506542034948,53.9778667160946,46.0966542750929,69.2346547135542,69.10758812214,113.750000000009,44.0000000000255,301.339285714286,19.2857142857143,301.19
"137",2020-07-26 07:45:24,5,77.0804680778169,65.6840246328197,46.3865912366547,46.09375,65.7372628710654,65.6087777568683,115.999999999985,46.5000000000231,308.894230769231,19.7692307692308,303.059
"138",2020-07-27 07:16:31,5,118.002349821909,95.8847958097783,73.5020463175621,62.9464285714286,110.332992864973,110.090506597333,168.000000000006,69.5000000000193,390.625,25,302.034
"139",2020-07-28 07:12:57,5,134.994799722771,113.550840388915,71.2399109003679,55.6,92.0978069237277,91.9222279973652,200.999999999993,58.4999999999809,435.763888888889,27.8888888888889,302.715
"140",2020-07-29 07:28:16,5,82.5024445275399,67.4192851306877,49.9334014086708,37.7224199288256,69.3294779473733,69.2063807150208,98.9999999999876,34.9999999999966,293.75,18.8,301.48
"141",2020-07-30 07:26:39,5,103.387051074563,85.9797165564863,59.9513097961016,53.4412955465587,82.6003109096132,82.4385183742467,142.749999999998,56.0000000000116,298.076923076923,19.0769230769231,301.656
"142",2020-07-31 05:04:09,5,93.5682758753817,81.6798046097637,49.7852261769856,47.1774193548387,70.7501881114156,70.6151256300088,137,47.4999999999994,353.693181818182,22.6363636363636,302.221
"143",2020-08-01 08:38:25,5,74.5713793958508,55.3572844154511,51.7236009876905,43.1372549019608,71.7344404880811,71.5978146232359,100.49999999999,43.0000000000064,266.666666666667,17.0666666666667,302.291
"144",2020-08-02 08:08:51,5,87.6594256245701,67.7570967537265,56.1666462464892,49.7872340425532,69.837606815352,69.6943173604602,112.249999999997,49.9999999999973,283.653846153846,18.1538461538462,276.746
"145",2020-08-03 06:33:40,5,71.3285753912424,56.380535843103,45.7769282737673,35.5400696864112,55.6168614443329,55.5201567439968,87.2499999999922,36.0000000000014,281.25,18,301.384
"146",2020-08-04 15:48:40,5,74.0582399248278,50.5076828115139,57.4761261258383,59.2307692307692,77.4072334173694,77.1105101087454,103.000000000005,56.4999999999909,255.859375,16.375,154.128
"147",2020-08-05 17:21:42,5,79.7573323568443,73.2411907027251,38.1957649707252,27.8350515463918,49.0141610594155,48.9316094717746,95.25,30.0000000000009,253.472222222222,16.2222222222222,301.027
"148",2020-08-05 22:06:21,5,36.1313978645526,30.3234980327602,20.1878543346034,2.00803212851406,19.1492288463533,19.1107530865249,39.9999999999975,10.9999999999957,108.506944444444,6.94444444444444,181.813
"149",2020-08-06 18:53:32,5,71.8637350859547,58.3456070616005,43.3346591745624,26.1980830670927,43.9906135493206,43.9203825119958,98.0000000000203,26.9999999999868,223.011363636364,14.2727272727273,301.46
"150",2020-08-07 12:13:34,5,103.813280406483,80.6212509583495,63.536339174063,51.4056224899598,82.0590953848523,81.8962513423893,133,51.9999999999925,325.520833333333,20.8333333333333,301.394
"151",2020-08-08 07:39:32,5,73.5933402241877,59.0281456614219,48.5758828559994,52.8225806451613,68.1051462150181,67.9786790578602,91.0000000000082,52.9999999999936,259.375,16.6,303.26
"152",2020-08-09 07:25:40,5,78.6127039537132,58.5853428463287,59.2035793999162,62.5570776255708,84.7286054161253,84.5349891084261,101.500000000028,68.9999999999884,229.166666666667,14.6666666666667,301.821
"153",2020-08-10 07:40:55,5,122.178489796974,86.6058839330602,82.7366824538588,65.4867256637168,108.858083937504,108.618598775715,149.000000000029,74.5000000000005,394.097222222222,25.2222222222222,302.799
"154",2020-08-11 08:29:22,5,85.5984808317169,64.9130061567158,58.9252902154874,58.7628865979381,81.7435177705566,81.5358058086496,106.500000000022,59.5000000000141,304.6875,19.5,241.993
"155",2020-08-12 08:55:11,5,76.1875925824049,52.0195029060814,58.9696173310257,60.2564102564103,85.5947103529747,85.4116977916864,103.500000000002,63.0000000000308,215.992647058824,13.8235294117647,301.075
"156",2020-08-13 10:16:17,5,100.619794493056,86.2056845347619,56.2883247321202,57.2,82.9667858254198,82.8034781878169,148.000000000003,64.0000000000072,326.822916666667,20.9166666666667,301.03
"157",2020-08-14 08:38:17,5,117.735912238769,99.0476320903669,63.9524180989802,60.4081632653061,99.5236592411328,99.3210831144129,176.749999999993,70.9999999999836,427.083333333333,27.3333333333333,303.24
"158",2020-08-15 07:03:36,5,116.76328440387,91.9302456809602,65.3656879197021,62.5954198473282,98.032136090164,97.708868076359,152.000000000005,64.9999999999977,229.166666666667,14.6666666666667,181.222
"159",2020-08-16 07:38:38,5,97.0528148840859,78.6353774255745,60.8388978985781,53.1120331950208,84.0877859143184,83.9143012752065,146.249999999988,52.0000000000209,315.104166666667,20.1666666666667,302.704
"160",2020-08-17 07:35:24,5,100.305421582928,73.3784990273527,72.5558189285658,61.9433198380567,89.2562008973993,89.0755490653588,143.500000000016,67.0000000000002,387.5,24.8,301.417
"161",2020-08-18 09:00:13,5,95.0714059352366,76.1522136891534,66.8361475160877,67.0454545454545,97.8479669837747,97.5712152504788,127.000000000003,78.9999999999972,276.5625,17.7,241.077
"162",2020-08-19 05:34:55,5,121.024960978886,96.2196374199961,77.082083933759,64,106.033556757894,105.799390882512,167.500000000001,73.9999999999841,441.40625,28.25,301.609
"163",2020-08-20 07:12:58,5,110.547625916514,99.8029735851138,55.182284881731,33.1081081081081,58.9083450562802,58.8134074160974,153.999999999996,33.5000000000178,356.971153846154,22.8461538461538,300.869
"164",2020-08-20 14:48:02,5,91.9734595956078,56.853110173179,76.1282648205253,70.5882352941177,113.587057395828,112.467947503661,97.7500000000018,76.0000000000005,135.416666666667,8.66666666666667,61.474
"165",2020-08-21 06:52:44,5,130.571059350363,111.549682361757,64.1851948898688,61.4035087719298,90.5409538759871,90.3429867956447,177.999999999997,65.9999999999883,357.8125,22.9,301.273
"166",2020-08-22 06:27:36,5,71.682731156349,53.5421851477458,51.0652911217126,49.4071146245059,66.873225549365,66.7429734573533,106.000000000018,48.9999999999782,283.482142857143,18.1428571428571,301.599
"167",2020-08-23 08:41:37,5,115.888208422624,96.3236877705684,61.407348504814,51.004016064257,83.013236699267,82.8464006726767,132.250000000006,53.0000000000257,244.140625,15.625,302.087
"168",2020-08-24 07:04:28,5,95.5444707373,83.3591843052277,48.2249731568357,35.0230414746544,58.6988646195923,58.5655723721799,148.250000000022,36.0000000000014,227.083333333333,14.5333333333333,242.125
"169",2020-08-25 06:59:07,5,260.274329954496,NA,NA,12.3893805309735,243.933080269878,243.890643563256,76.500000000003,23.0000000000246,236.458333333333,15.1333333333333,245.027
"170",2020-08-26 06:48:41,5,91.4463584296535,86.162900034409,31.6212237547024,17.6079734219269,41.6068084768338,41.5420373090608,96.4999999999848,21.9999999999914,235.9375,15.1,301.235
"171",2020-08-26 12:22:48,5,81.7419605851287,62.1883945801348,54.0839020582607,50,77.6170335435713,76.9252884297483,107.000000000002,48.9999999999994,222.65625,14.25,64.765
"172",2020-08-26 12:24:17,5,157.506229025416,NA,NA,45.1977401129944,144.854993199948,144.671613339367,180.499999999995,44.0000000000113,309.027777777778,19.7777777777778,303.703
"173",2020-08-26 12:30:09,5,55.1824048866728,43.6659906616794,29.2352111929165,5.63380281690141,25.1458122005908,25.0658288242759,58.4999999999987,15.9999999999983,125,8,62.523
"174",2020-08-27 06:36:13,5,56.9189555160177,41.7378918722287,38.9392144665316,24.9110320284698,46.1757501110957,46.0935533275861,76.0000000000148,30.9999999999987,191.576086956522,12.2608695652174,301.991
"175",2020-08-28 06:36:52,5,68.7726367836219,48.260057787494,48.7055927181834,36.996336996337,58.8508064584903,58.7431236720927,85.4999999999845,38.0000000000393,225.328947368421,14.4210526315789,302.181
"176",2020-08-28 06:48:47,5,109.869746361668,87.5015901289207,70.8107197598462,44.4444444444444,80.9821121455985,80.6831020906055,174.250000000008,43.9999999999827,303.571428571429,19.4285714285714,162.473
"177",2020-08-28 06:53:03,5,95.2896866850735,77.1999060880258,54.4766280605399,32.0754716981132,60.5734030354703,60.0985040469332,159.250000000002,27.9999999999916,210.9375,13.5,61.041
"178",2020-08-29 07:35:53,5,95.2446245510831,84.4202557500319,42.4001744924276,28.0141843971631,48.9584525384568,48.8748220145141,104.49999999998,32.0000000000249,276.3671875,17.6875,301.771
"179",2020-08-30 08:33:56,5,72.5570456556206,58.7168373125838,38.9431127563862,12.6506024096386,41.9667468411004,41.905803721466,77.0000000000124,18.999999999977,226.222826086957,14.4782608695652,301.264
"180",2020-08-31 07:40:28,5,70.7767787591021,61.6423131531629,32.2667113306858,11.0769230769231,35.2639290402814,35.2096577660161,105.499999999992,21.0000000000008,282.986111111111,18.1111111111111,302.551
"181",2020-09-01 07:58:42,5,134.853383895353,118.541746291912,64.2056058353725,45.1957295373665,83.9586955424731,83.8098805953645,175.99999999999,44.0000000000111,367.1875,23.5,302.238
"182",2020-09-02 06:58:19,5,78.7392684544393,67.5303247144721,41.2947247050619,23.8907849829352,45.2078236966834,45.1312080335375,95.7499999999948,29.0000000000248,287.109375,18.375,302.61
"183",2020-09-04 08:01:18,5,288.42978563322,599.014474306221,NA,29.9295774647887,282.893998910403,282.872420603402,142.000000000006,30.0000000000011,296.875,19,306.004
"184",2020-09-05 08:04:02,5,62.2303804860418,52.2498445979965,34.7085944960961,20.4697986577181,42.5627075430599,42.4940580133605,80.0000000000045,28.5000000000082,233.59375,14.95,302.232
"185",2020-09-06 07:29:29,5,64.3311746827466,52.0829797990366,36.5261166142691,19.5744680851064,41.4528795824538,41.3812579634587,83.2499999999907,30.0000000000009,245.833333333333,15.7333333333333,244.189
"186",2020-09-07 05:28:41,5,129.068780687266,113.742745241314,55.0113699414545,45.4545454545455,68.5953785392119,68.4319939724325,191.750000000001,44.9999999999982,298.295454545455,19.0909090909091,245.124
"187",2020-09-08 06:16:40,5,75.4508029626692,60.5786743462264,45.9461925211895,24.1379310344828,46.3465328161571,46.2745994903649,97.4999999999966,27.9999999999916,238.095238095238,15.2380952380952,301.488
"188",2020-09-09 06:39:31,5,102.632880005209,90.8364650568915,47.4265810170416,25.4901960784314,53.2525377439476,53.174795002232,149.499999999993,28.9999999999822,342.633928571429,21.9285714285714,301.855
"189",2020-09-10 07:14:46,5,876.354075687043,NA,NA,59.6590909090909,884.649802823899,884.667734236985,132.000000000012,60.9999999999999,276.5625,17.7,246.404
"190",2020-09-11 07:13:27,5,76.3774761212986,61.1295817215886,46.8721569588184,39.0510948905109,57.4573069027852,57.3538447154986,96.5000000000061,36.500000000025,268.5546875,17.1875,301.625
"191",2020-09-12 07:13:22,5,134.229590953382,NA,NA,53.7777777777778,103.141243309496,102.959474228132,139.750000000038,53.0000000000541,353.125,22.6,301.384
"192",2020-09-13 06:46:47,5,130.384904864352,116.43770420028,63.9537427122,46.8864468864469,86.9614783874761,86.8038713878136,172.749999999997,43.9999999999827,475.694444444444,30.4444444444444,301.694
"193",2020-09-14 06:05:36,5,141.779165553346,126.88627518913,66.6848846177405,45.2554744525547,87.4385313508416,87.2876986508761,190.499999999986,44.0000000000032,358.072916666667,22.9166666666667,301.552
"194",2020-09-15 07:52:25,5,85.9624508793728,67.5855062539498,54.0536633304713,39.3728222996516,61.3180600293107,61.2137114288863,116.24999999998,42.0000000000016,300,19.2,301.479
"195",2020-09-16 06:32:11,5,100.319016630535,77.2731223503657,61.8935257864663,49.6296296296296,81.5610216208162,81.4162600922395,122.999999999983,49.99999999999,264.6484375,16.9375,302.544
"196",2020-09-17 06:24:41,5,80.3603863703025,72.1630754506088,40.2285379274584,16.3987138263666,42.7829950989884,42.7175724589373,92.9999999999928,21.9999999999914,270.833333333333,17.3333333333333,301.772
"197",2020-09-18 07:17:10,5,111.613193109883,106.77616428294,41.0507738439911,20.4892966360856,42.7876374410614,42.7240988653157,164.750000000007,20.9999999999582,366.071428571429,23.4285714285714,301.095
"198",2020-09-19 07:24:16,5,90.052810804038,79.8651221388821,41.5587701901054,17.6470588235294,49.0099825123646,48.9374086874262,102.499999999992,21.000000000015,230.113636363636,14.7272727272727,299.903
"199",2020-09-20 05:18:11,5,107.356701395359,92.1623633391558,58.8702694663222,57.4766355140187,86.4133333648811,86.212463049414,134.499999999999,57.0000000000092,335.9375,21.5,301.639
"200",2020-09-20 08:23:58,5,130.063816207554,NA,NA,30.3846153846154,127.064653311519,126.87663602583,144.000000000005,33.9999999999918,291.294642857143,18.6428571428571,312.873
"201",2020-09-21 06:03:28,5,79.1761861081148,72.153163227482,32.5019172718245,15.4970760233918,35.0951556597379,35.0472112662896,108.999999999995,19.0000000000126,267.96875,17.15,301.388
"202",2020-09-22 06:51:11,5,89.7847564233566,63.6811619147851,68.0887665076412,62.962962962963,95.0626036661503,94.8672887202743,129.999999999997,67.0000000000073,293.269230769231,18.7692307692308,300.99
"203",2020-09-23 06:32:35,5,99.1413165711054,88.6264834430585,45.5878700407557,24.6753246753247,52.1230369389276,52.0400382822257,124.999999999986,27.9999999999969,268.229166666667,17.1666666666667,301.309
"204",2020-09-24 07:57:00,5,69.854039086897,53.4206412581259,46.0336230865882,36.2007168458781,61.7514540501351,61.6407094453977,85.2500000000091,34.9999999999966,218.75,14,301.448
"205",2020-09-25 06:07:23,5,87.8618704822084,71.9938832727035,50.946616874253,32.1917808219178,52.9491339819329,52.8586898805728,121.999999999993,32.0000000000107,305.208333333333,19.5333333333333,300.965
"206",2020-09-26 06:56:09,5,102.800846848476,89.8199557753403,50.213636713593,29.5918367346939,54.4904306300883,54.3976915276513,156.000000000009,27.0000000000011,384.114583333333,24.5833333333333,300.701
"207",2020-09-27 08:27:06,5,84.4838528050287,52.2599988442972,69.6961734662133,66.8085106382979,95.0596839727704,94.8574069831891,117.999999999995,73.0000000000002,263.392857142857,16.8571428571429,301.945
"208",2020-09-28 06:22:59,5,87.0292145131936,78.9477791002305,36.9090275601598,23.6301369863014,48.7493991648914,48.683525102834,106.999999999999,24.9999999999773,254.340277777778,16.2777777777778,301.796
"209",2020-09-29 08:55:00,5,1010.34427464719,NA,NA,8.43373493975904,1006.53712986805,1006.53597634995,110.99999999999,16.0000000000053,236.505681818182,15.1363636363636,323.135
"210",2020-09-30 06:43:13,5,67.9096312820137,59.6675553930961,32.3239267889584,15.112540192926,34.2285260058308,34.1767206079108,89.5000000000081,23.0000000000246,256.578947368421,16.4210526315789,301.518
"211",2020-10-01 07:12:31,5,102.371690886424,88.9779916063983,49.789251065693,23.3974358974359,56.4146792411849,56.324238759125,134.000000000015,26.0000000000105,305.6640625,19.5625,301.122
"212",2020-10-02 07:40:28,5,324.383658251909,705.152837656324,NA,17.7993527508091,296.732011107957,296.769521459522,131.750000000004,19.9999999999961,284.926470588235,18.2352941176471,306.785
"213",2020-10-03 06:11:41,5,115.522666711453,104.843167236718,47.7211764795365,24.3589743589744,48.9967613232401,48.9348074954362,159.999999999997,22.000000000034,349.330357142857,22.3571428571429,302.022
"214",2020-10-04 08:52:58,5,82.5059232756393,59.3835766627429,NA,47.0588235294118,75.5878226870699,75.4487554959161,107.000000000028,48.0000000000001,304.6875,19.5,302.293
"215",2020-10-05 05:31:36,5,105.062137367321,81.9613782314103,65.6180467253991,62.719298245614,91.13756811531,90.9445801940231,115.000000000009,62.9999999999917,275.240384615385,17.6153846153846,301.3
"216",2020-10-06 06:16:39,5,77.8338895648101,71.4114748243021,33.1190195271737,15.6549520766773,37.1425648508494,37.083663290823,110.499999999995,19.0000000000055,233.630952380952,14.952380952381,301.514
"217",2020-10-07 06:57:24,5,66.1843840198557,58.1458871542395,34.3889677284772,13.7931034482759,34.6814873350377,34.6282089150526,91.25000000002,21.000000000015,227.272727272727,14.5454545454545,301.452
"218",2020-10-08 07:32:09,5,106.139596798785,87.8208275781444,49.0563757829459,30.3370786516854,96.7972597673366,96.6159818046419,142.249999999997,31.9999999999823,322.115384615385,20.6153846153846,299.979
"219",2020-10-09 06:44:30,5,77.0569020105483,NA,NA,48.3193277310924,66.7702956588544,66.6300459643414,114.499999999988,48.9999999999782,287.259615384615,18.3846153846154,302.211
"220",2020-10-10 07:13:35,5,78.3076279732185,61.5313271376371,46.6373422191748,28.6184210526316,53.5307862408171,53.4430341086348,96.9999999999978,31.4999999999941,250.822368421053,16.0526315789474,301.87
"221",2020-10-11 08:45:51,5,84.8178855387305,68.8176051988933,52.6272976141064,39.9293286219081,62.4273314855939,62.317011272949,125.250000000012,39.0000000000441,295.833333333333,18.9333333333333,302.224
"222",2020-10-12 06:30:28,5,90.9416929612387,72.0444761945098,56.6217488817822,46.8401486988848,71.1208390713162,70.991334095991,117.249999999995,46.999999999997,301.339285714286,19.2857142857143,301.787
"223",2020-10-13 06:36:40,5,88.1361139906995,67.6965108751351,62.2074544118658,65.8536585365854,85.7219590061312,85.5479706629736,122.5,69.0000000000097,275.669642857143,17.6428571428571,302.306
"224",2020-10-14 07:08:08,5,133.221429593261,128.62482718539,54.526957012525,35.6902356902357,64.3630127914903,64.2560115229318,172.999999999994,35.9999999999872,291.015625,18.625,302.231
"225",2020-10-15 06:37:17,5,117.330691038896,103.675548477766,59.3647315970558,50.3968253968254,85.7423517600667,85.5758505098004,153.000000000077,50.9999999999735,329.427083333333,21.0833333333333,302.126
"226",2020-10-16 08:43:14,5,131.164650204465,110.708130922503,66.7320545728266,56.1264822134387,93.9042088469624,93.7184624160471,190.499999999997,63.0000000000166,396.875,25.4,301.832
"227",2020-10-17 08:41:58,5,99.227902381417,75.9116661245299,67.0324405195102,60.5577689243028,87.4811815848058,87.3075801165993,139.499999999998,61.0000000000034,357.954545454545,22.9090909090909,301.112
"228",2020-10-18 08:22:04,5,115.045327640271,82.0392489335673,84.4517197467988,67.3728813559322,113.081039653119,112.841909812666,167.999999999992,81.0000000000031,308.59375,19.75,301.935
"229",2020-10-19 06:36:06,5,94.1488235336095,68.1118914926894,68.5390254842511,59.765625,90.4391190384515,90.2623346834116,125,62.0000000000153,267.708333333333,17.1333333333333,302.211
"230",2020-10-20 07:42:56,5,108.696664951426,83.0971671663384,72.2941669649802,57.7868852459016,98.0274534844507,97.8263768111668,165.000000000006,59.9999999999916,382.8125,24.5,302.133
"231",2020-10-21 07:02:56,5,66.0474568574162,51.4860231728603,42.7985682491549,35.1851851851852,55.0357004282692,54.9343716190983,76.50000000001,36.0000000000156,222.861842105263,14.2631578947368,302.13
"232",2020-10-22 07:28:09,5,107.01889987215,89.8306892842761,58.4780906346772,44.9438202247191,77.4206558787096,77.2761476540774,144.999999999989,44.9999999999591,380.681818181818,24.3636363636364,302.214
"233",2020-10-23 06:27:09,5,85.4236372022945,66.6781568982272,54.6201224398295,55.4655870445344,80.8636402251165,80.700225004577,109.750000000001,56.9999999999879,227.941176470588,14.5882352941176,301.775
"234",2020-10-24 06:35:13,5,87.6586359199913,65.3100415234918,57.9216810578103,39.5104895104895,67.1615875106658,67.0460127984366,114.999999999988,40.9999999999897,213.541666666667,13.6666666666667,300.407
"235",2020-10-25 08:44:17,5,63.925113840801,49.013337484137,41.2691550889613,20.3883495145631,45.2492573721712,45.1770698202117,81.499999999977,26.9999999999975,220.170454545455,14.0909090909091,302.115
"236",2020-10-26 05:10:39,5,109.06845193601,78.7386661021635,75.7360031312037,62.1399176954733,104.578331823524,104.371763521444,153.250000000021,66.0000000000025,317.708333333333,20.3333333333333,302.31
"237",2020-10-27 05:55:44,5,115.90849747519,93.7976748078358,60.4020549060205,48.4732824427481,75.8522760436041,75.7092671327039,135.500000000005,47.0000000000005,342.447916666667,21.9166666666667,301.449
"238",2020-10-28 05:54:10,5,78.0322506774103,67.3219432013761,39.2789275983737,24.6621621621622,45.5578081121307,45.4822507703299,112.000000000009,28.0000000000058,272.977941176471,17.4705882352941,302.183
"239",2020-10-29 08:03:15,5,121.908133173357,107.969153904422,59.810000055544,50.5747126436782,79.6808005323399,79.5355049756012,182.25,50.9999999999877,409.375,26.2,301.924
"240",2020-10-30 07:12:37,5,104.192388106637,75.8142344169143,70.9937370326664,73.1601731601732,102.445059484026,102.23955402351,132.500000000022,81.0000000000014,302.083333333333,19.3333333333333,302.239
"241",2020-10-31 08:39:42,5,87.6273219377638,75.5247586912895,49.4096848592721,33.6734693877551,64.691376970329,64.5261377193745,117.000000000004,36.5000000000038,181.066176470588,11.5882352941176,214.446
"242",2020-11-01 05:36:02,5,128.973299487331,NA,NA,46.2151394422311,72.2408064705955,72.1109426356977,174.749999999982,46.9999999999686,328.125,21,301.9
"243",2020-11-02 05:55:00,5,70.6426533255834,63.7016659563071,32.3300871596024,9.34844192634561,35.342736181183,35.2927056319239,77.7499999999734,15.9999999999911,212.740384615385,13.6153846153846,301.334
"244",2020-11-03 07:17:44,5,54.5210717946719,44.3249976552448,32.3594816788098,11.377245508982,33.7946224220411,33.7466343409425,70.999999999998,20.4999999999984,209.375,13.4,301.244
"245",2020-11-04 06:40:40,5,57.8836293544002,47.2632736962814,35.0359936624971,17.3913043478261,35.947530609867,35.891745448003,67.4999999999919,22.9999999999961,210.286458333333,13.4583333333333,302.313
"246",2020-11-05 10:03:59,5,102.687703242835,72.4769575673349,76.192535755738,63.4615384615385,95.8492449353563,95.6665281871606,132.000000000019,65.5000000000143,271.875,17.4,302.167
"247",2020-11-06 06:58:05,5,61.1490948269237,53.598277432066,27.5144501636863,6.26865671641791,28.883040826201,28.8451863595895,63.4999999999924,16.0000000000196,187.5,12,301.132
"248",2020-11-07 08:06:29,5,70.0183029790526,63.3843504649761,31.7542375720308,16.4556962025316,37.6663016673241,37.6067678396014,91.0000000000082,20.0000000000102,215.353260869565,13.7826086956522,301.69
"249",2020-11-08 08:36:19,5,101.353532576053,86.345972925491,50.8281132304905,36.0824742268041,59.385173360236,59.2920722203104,138.499999999983,36.0000000000014,304.166666666667,19.4666666666667,301.247
"250",2020-11-09 06:20:22,5,112.847214402968,93.9019808582454,54.7147443659786,43.1654676258993,68.356034772402,68.2331487616386,130.499999999984,44.0000000000005,363.28125,23.25,301.67
"251",2020-11-10 06:54:25,5,77.5032414474721,59.2441969924108,55.1177384744442,42.0168067226891,72.2313777282302,72.079525409046,117,43.4999999999945,219.669117647059,14.0588235294118,302.015
"252",2020-11-11 06:20:25,5,76.7416306611687,60.1569570099331,50.3252294472407,44.1176470588235,63.9323199321589,63.8149035239,99.9999999999943,43.9999999999968,250.919117647059,16.0588235294118,301.533
"253",2020-11-12 06:37:39,5,97.1455824837577,83.2586149676843,46.3504295111092,36.2007168458781,58.9745992114987,58.8691215893564,119.99999999998,35.0000000000001,336.538461538462,21.5384615384615,301.401
"254",2020-11-13 07:28:09,5,79.0267361950432,64.9526620951404,43.0770452131913,24.6527777777778,48.8131848291332,48.728627793801,108.000000000018,30.0000000000011,282.2265625,18.0625,301.872
"255",2020-11-14 08:48:24,5,74.0867771329353,62.8995753784085,37.828671446126,32.280701754386,50.9374469215726,50.8539705017163,99.0000000000146,33.9999999999634,223.4375,14.3,302.15
"256",2020-11-15 09:38:48,5,86.948879222444,70.5229166052482,53.3083583800323,50.1960784313725,71.0316886143172,70.8934024420021,129.499999999991,51.0000000000161,285.714285714286,18.2857142857143,301.088
"257",2020-11-16 07:01:15,5,80.4226298952645,NA,NA,47.4576271186441,78.6558027403225,78.4919838290773,131,48.4999999999953,246.875,15.8,301.788
"258",2020-11-17 07:43:03,5,101.212352874541,81.5372119919636,62.3642926888808,53.6290322580645,80.9928074398776,80.8293702609001,135.999999999999,54.4999999999901,353.693181818182,22.6363636363636,301.267
"259",2020-11-18 08:39:12,5,99.3641908194597,79.4381206154895,44.3914160927656,19.8473282442748,85.4665047092576,85.4552916455668,86.0000000000127,27.9999999999916,293.526785714286,18.7857142857143,278.883
"260",2020-11-19 07:11:20,5,122.003854495345,108.302505325415,55.0613573801705,45.7564575645756,68.0689253461956,67.9489443670053,185.500000000008,43.9999999999827,425,27.2,301.636
"261",2020-11-20 09:18:49,5,92.474471211174,76.0059737400793,53.5634773289767,44.4866920152091,72.6430082439854,72.5065356959687,106.49999999997,44.0000000000005,242.647058823529,15.5294117647059,303.049
"262",2020-11-21 08:19:59,5,93.9755408355824,74.8754799645489,57.0203138821204,35.5311355311355,66.5017417670222,66.3803558920222,132.750000000037,36.0000000000014,285.416666666667,18.2666666666667,301.834
"263",2020-11-22 07:52:42,5,104.876687370382,88.1254854910431,62.0725235444412,53.2,85.9674315841346,85.801724924387,152.499999999996,54.4999999999902,217.881944444444,13.9444444444444,302.027
"264",2020-11-23 07:46:33,5,97.0014986529777,81.1192265488396,57.8575346288481,47.5609756097561,76.3780208829771,76.223169343157,143.000000000008,48.0000000000018,321.614583333333,20.5833333333333,301.942
"265",2020-11-24 07:48:13,5,82.0345175233791,63.9068625075972,53.8659052447938,40.7942238267148,61.6067807766342,61.4976739309463,111.5,39.0000000000157,241.319444444444,15.4444444444444,301.769
"266",2020-11-25 08:00:20,5,102.793116490568,86.9924646425342,54.968282811506,41.1320754716981,70.1017236456425,69.9698587398543,127.499999999998,40.9999999999968,319.711538461538,20.4615384615385,302.737
"267",2020-11-26 08:44:46,5,192.833098808345,162.396575274941,NA,19.4092827004219,167.652460125439,167.346402905473,101.499999999998,21.9999999999914,206.597222222222,13.2222222222222,296.006
"268",2020-11-27 09:01:56,5,119.607375092739,90.7663523422316,59.1034492170905,28.8888888888889,118.99229470239,118.772346825219,110.999999999997,31.0000000000059,325.721153846154,20.8461538461538,302.698
"269",2020-11-28 08:34:09,5,84.1808380628106,76.5244865675344,NA,17.4887892376682,46.1032751368724,46.0022908378695,113.000000000008,21.000000000015,269.230769230769,17.2307692307692,242.417
"270",2020-11-29 06:42:12,5,90.4168268050216,70.3503351402617,56.5281812443396,40.4411764705882,63.6033599710675,63.4863347964131,111.000000000004,42.0000000000157,250.919117647059,16.0588235294118,301.657
"271",2020-11-30 07:49:57,5,86.3941855057288,70.1421731922964,49.2828239606892,36.8231046931408,61.6970898438678,61.5863691609277,95.2500000000002,37.0000000000027,271.484375,17.375,301.333
"272",2020-12-01 08:14:50,5,106.142762687237,89.4315067042921,55.4722158446752,48.0916030534351,76.6468827833358,76.500910536915,139.499999999991,46.9999999999686,293.526785714286,18.7857142857143,301.27
"273",2020-12-02 07:26:07,5,102.617599695974,78.5654524274422,68.4476205509118,60.8695652173913,89.4900602036969,89.2953818368651,123.999999999992,64.9999999999977,277.644230769231,17.7692307692308,302.041
"274",2020-12-03 07:16:58,5,84.4852201264752,71.8323256070599,48.0070166429279,32.2463768115942,53.2969253612661,53.2009793415355,97.0000000000084,34.4999999999977,254.595588235294,16.2941176470588,301.886
"275",2020-12-04 07:44:03,5,68.597780239144,59.3492167338153,35.8060799984255,21.2328767123288,42.1111836270455,42.039283650687,96.0000000000232,24.9999999999773,240.953947368421,15.4210526315789,300.654
"276",2020-12-05 08:29:27,5,75.4142935687812,57.7582215330511,51.8217134629519,43.4108527131783,62.6824776805612,62.56423056137,108.000000000004,43.9999999999685,252.9296875,16.1875,302.449
"277",2020-12-06 07:43:22,5,90.4768860991291,64.6369075366165,63.2813448964629,48.6590038314176,74.5119750363242,74.3702037315026,142.250000000004,48.0000000000018,314.903846153846,20.1538461538462,300.975
"278",2020-12-07 06:47:45,5,98.8844787010982,76.9818639136904,61.8422592041224,58.3333333333333,84.0502355070319,83.8848653507917,138.000000000005,55.9999999999911,304.086538461538,19.4615384615385,302.514
"279",2020-12-08 06:56:44,5,99.3305810756978,76.6078680120915,65.9999764788385,47.4747474747475,79.5618764921055,79.360894117642,125.000000000008,45.9999999999923,345.486111111111,22.1111111111111,231.144
"280",2020-12-09 06:58:19,5,69.0623788022195,47.416965150034,53.5957559918,45.8498023715415,68.3850939925439,68.2502660377921,83.7500000000091,46.0000000000066,233.455882352941,14.9411764705882,302.026
"281",2020-12-10 06:46:41,5,95.3724834631446,76.1920872269229,61.4595218757995,62.3931623931624,86.4331093105683,86.2485228413106,135.500000000008,69.9999999999861,305.989583333333,19.5833333333333,303.334
"282",2020-12-11 06:17:35,5,104.043410663332,86.2614394549092,58.7638122164206,53.2520325203252,77.699508826055,77.541858614547,120.999999999995,52.999999999984,275.669642857143,17.6428571428571,302.897
"283",2020-12-12 09:45:32,5,91.5871222670021,66.5006373689777,68.6893360154063,60.0806451612903,88.9401891992542,88.7635950514129,126.000000000005,68.499999999986,299.278846153846,19.1538461538462,301.729
"284",2020-12-13 07:07:15,5,108.164892623629,85.3851636380198,64.909253854182,62.7118644067797,91.543134402231,91.3577666398649,138.999999999982,64.9999999999977,336.647727272727,21.5454545454545,301.505
"285",2020-12-14 05:47:41,5,136.232566997258,118.613120064072,62.9685217720134,49.4208494208494,88.1505155616941,87.980210129991,199.749999999994,49.9999999999829,406.25,26,302.618
"286",2020-12-15 06:26:12,5,100.769509687031,83.9275383307277,56.1181866082838,56.1643835616438,78.1218359774982,77.8738882152003,137.999999999995,57.0000000000084,287.109375,18.375,182.355
"287",2020-12-16 07:26:38,5,56.2936946581767,49.5586134274195,27.2475235466474,11.7460317460317,29.794162245864,29.74692194294,67.9999999999907,16.0000000000018,214.673913043478,13.7391304347826,300.618
"288",2020-12-17 06:51:20,5,58.8623941186897,43.5013465276367,41.4165227855159,30.1526717557252,49.2680431402913,49.1746769685571,78.9999999999866,33.9999999999918,205.46875,13.15,301.71
"289",2020-12-18 06:52:55,5,75.4745669382043,64.5503000478542,38.5796499693137,25.7042253521127,45.4169843892091,45.3370398581386,92.9999999999964,25.9999999999962,212.053571428571,13.5714285714286,301.823
"290",2020-12-19 08:12:58,5,65.90381742207,52.8009620683086,39.8029713789754,26.4150943396226,48.6833671815868,48.5914426816777,79.749999999997,32.0000000000107,207.8125,13.3,301.627
"291",2020-12-20 08:53:26,5,109.436482247989,84.2390835351192,69.7193814898453,64.2533936651584,96.3907226393818,96.1779788720356,127.750000000003,74.0000000000123,346.875,22.2,302.088
"292",2020-12-21 06:43:12,5,140.251871007205,123.935946159265,55.3518240051503,49.1735537190083,78.3877171705917,78.2283159826904,195.000000000015,46.999999999997,316.40625,20.25,302.352
"293",2020-12-22 07:34:53,5,82.3744268105001,72.3925194517186,37.8919412683999,25.0909090909091,47.3212999399091,47.2358492518727,102.499999999976,29.9999999999727,287.5,18.4,301.693
"294",2020-12-23 07:19:27,5,84.1434623163716,73.4533642718287,39.7694135874622,30.2158273381295,47.8459465900274,47.7701330489129,110.999999999987,34.5000000000084,272.4609375,17.4375,301.919
"295",2020-12-24 07:27:12,5,80.3526779238159,61.0874723626786,53.9607949069831,43.7037037037037,65.9847571256519,65.8624548810849,104.999999999983,43.0000000000206,264.6484375,16.9375,302.363
"296",2020-12-25 07:30:21,5,64.4806639095578,57.0625437110369,27.831804596433,7.54716981132075,33.5515609122518,33.4988031326623,78.0000000000048,19.0000000000055,237.35119047619,15.1904761904762,302.028
"297",2020-12-26 09:05:24,5,59.386059294901,48.53063763312,34.5282973037115,17.1428571428571,39.5547742224038,39.4927761125936,77.2499999999993,23.0000000000033,197.5,12.64,301.298
"298",2020-12-27 05:14:16,5,99.3356731930506,85.7125202727863,47.3573529336531,29.6551724137931,54.7306105641861,54.6381198242659,131.500000000021,32.0000000000054,303.125,19.4,301.6
"299",2020-12-28 07:10:38,5,70.4699880482855,58.4455757448973,41.4915634703967,37.7777777777778,54.244062204591,54.1435677243936,90.0000000000177,35.9999999999872,192.471590909091,12.3181818181818,302.724
"300",2020-12-28 13:39:34,5,93.1203425146472,69.2946529800384,70.474310430659,74.5098039215686,107.66679900435,106.610892280953,109.749999999998,78.0000000000027,162.5,10.4,74.489
"301",2020-12-28 13:40:54,5,141.497267615443,110.900322429677,85.3053704442126,40.9836065573771,102.07019721345,101.654590342517,198.499999999996,31.0000000000059,160.15625,10.25,152.736
"302",2020-12-29 07:08:54,5,68.9461209229173,57.5337302872211,38.9951466821515,22.972972972973,43.0756037516679,43.003024720769,96.99999999998,27.9999999999916,257.8125,16.5,302.539
"303",2020-12-30 08:13:26,5,56.554474775905,48.9508909108581,28.9097322419763,12.3417721518987,33.8309386373147,33.7791599298976,82.0000000000505,21.9999999999843,235.863095238095,15.0952380952381,301.451
"304",2020-12-31 08:35:18,5,61.5224607879251,52.474568868611,33.0785795429079,20.3389830508475,39.5379814532961,39.4719381118427,84.9999999999884,27.9999999999918,220.238095238095,14.0952380952381,300.962
"305",2021-01-01 09:55:08,5,98.9670784677684,73.8357026788487,74.8906946070552,60.958904109589,99.877519702378,99.5349460212444,130.000000000003,69.4999999999943,255.208333333333,16.3333333333333,181.832
"306",2021-01-02 07:11:30,5,69.8160383961148,59.6740805948553,35.1891202044136,19.6531791907514,40.7460099922232,40.6327838252231,95.5000000000034,22.0000000000056,226.5625,14.5,182.467
"307",2021-01-02 13:25:18,5,25.1872049951474,19.8464675731546,16.2703515540044,1.20481927710843,17.0480212317014,16.9499617940358,30.2500000000006,10.9999999999992,87.5,5.6,61.553
"308",2021-01-02 13:26:30,5,77.2477002237422,63.7119823480752,48.5704817564637,11.6915422885572,38.7144011129936,38.6664522210553,106.999999999992,18.9999999999948,190.814393939394,12.2121212121212,301.294
"309",2021-01-02 22:24:35,5,92.2609934321702,65.9581632494601,71.472591506021,59.2592592592593,99.7705701430375,98.9398433018402,149.5,63.0000000000006,214.84375,13.75,62.324
"310",2021-01-02 22:25:50,5,163.828826205814,124.38855036612,108.138880250124,60.1226993865031,109.452763188222,109.121028097273,290.749999999997,56.9999999999879,427.083333333333,27.3333333333333,180.556
"311",2021-01-03 08:20:58,5,51.7025153130389,41.8648158481139,33.2347210827994,23.6994219653179,40.8206011883938,40.703282735346,70.2500000000016,28.0000000000059,169.921875,10.875,181.613
"312",2021-01-03 21:10:59,5,81.3753194952303,60.6053771568157,56.490305244946,58.3333333333333,76.1820948906032,75.6896073887732,94.0000000000048,61.5000000000006,238.28125,15.25,61.826
"313",2021-01-03 21:12:07,5,160.359818060673,128.987862729821,107.603536117061,52.6595744680851,98.2297959627427,97.9682156446445,254.000000000005,52.0000000000209,328.125,21,180.863
"314",2021-01-04 06:27:50,5,86.7421126123129,60.4103070088309,70.9416285183814,51.9736842105263,72.8507737093111,72.6136586397668,121.000000000009,51.0000000000092,217.329545454545,13.9090909090909,181.71
"315",2021-01-05 07:20:52,5,129.34787448976,103.235701543566,52.9597201789954,26.9736842105263,97.915766566367,97.8019951900657,131,30.9999999999917,239.0625,15.3,183.325
"316",2021-01-06 06:57:14,5,67.4623938770372,51.4601452843809,47.1085132376902,33.974358974359,59.0348595339967,58.8471509887045,77.0000000000123,35.500000000006,204.427083333333,13.0833333333333,181.792
"317",2021-01-06 22:11:08,5,136.927220217032,124.884095254259,56.2697811940568,47.2727272727273,84.1572281936559,83.5680452195586,265.749999999999,48.9999999999986,218.75,14,62.513
"318",2021-01-06 22:12:14,5,159.287649731996,122.257075211658,104.099852395606,61.875,110.594539476186,110.255980563414,268.000000000015,65.5000000000001,359.375,23,180.567
"319",2021-01-07 07:05:55,5,78.399173592964,60.8196050230412,50.6663795293211,41.4012738853503,67.7733274219892,67.5607770731372,84.7499999999998,38.9999999999873,205.729166666667,13.1666666666667,182.183
"320",2021-01-07 23:13:05,5,74.5851346294443,58.6643841383336,56.2328447371975,66.6666666666667,98.4855478598511,97.5179219325316,89.2499999999998,73.0000000000005,135.416666666667,8.66666666666667,65.96
"321",2021-01-07 23:14:19,5,149.800851088047,116.031307566827,89.4273587906674,44.3661971830986,121.922741027841,121.530585033527,229.500000000005,46.0000000000064,372.395833333333,23.8333333333333,180.695
"322",2021-01-08 08:10:52,5,61.3120476143347,50.3727343975051,35.9039575356836,23.5294117647059,43.2719763834758,43.1476943695905,78.5000000000055,27.0000000000002,242.897727272727,15.5454545454545,180.946
"323",2021-01-09 07:37:19,5,80.3725321206547,52.2789098839182,67.5570121826876,61.6438356164384,81.0104237593908,80.735361708096,123.999999999995,64.4999999999918,287.109375,18.375,182.991
"324",2021-01-10 08:28:09,5,92.2796516295191,72.028239763392,64.4818087325482,53.7931034482759,79.9613035003263,79.6881421542756,131.250000000001,55.9999999999832,207.386363636364,13.2727272727273,181.453
"325",2021-01-11 08:24:18,5,71.8302175193931,48.4653201071283,54.6186579951111,48.3870967741936,68.5497920061059,68.3329137149452,98.4999999999854,47.9999999999945,243.75,15.6,181.901
"326",2021-01-12 08:04:39,5,85.6909343405728,62.7988707277653,64.6900425580619,65.4676258992806,96.4944874693889,96.1627816545447,114.000000000003,69.9999999999932,168.269230769231,10.7692307692308,182.453
"327",2021-01-13 08:55:18,5,76.7975779799886,62.5581804498864,35.5499790520683,8.33333333333333,42.908152038323,42.7971231509787,88.9999999999986,18.0000000000078,231.971153846154,14.8461538461538,181.919
"328",2021-01-13 22:49:51,5,44.1854147563763,28.445882630644,37.1215331818641,29.8245614035088,47.6010664672765,47.247389234472,58.5000000000005,37.0000000000061,151.041666666667,9.66666666666667,61.959
"329",2021-01-13 22:51:40,5,175.986688454582,136.458651930779,118.647926009051,64.7058823529412,104.166989829136,103.998994464723,314.499999999988,66.5000000000013,299.8046875,19.1875,300.798
"330",2021-01-14 07:46:04,5,70.2094506523727,62.4058345643666,30.5323971322021,15.3846153846154,35.3028275108276,35.234458034246,92.0000000000058,18.9999999999984,204.241071428571,13.0714285714286,177.974
"331",2021-01-14 07:56:11,5,63.7901087856407,34.5443969656672,59.5256710726609,60.7843137254902,84.7188707362393,83.9241020324964,78.4999999999964,59.9999999999952,162.5,10.4,73.783
"332",2021-01-15 07:01:10,5,74.5570447642378,60.0292109283682,46.9043365831785,35.5263157894737,56.0994047376657,55.9147024258229,108.999999999995,35.4999999999955,217.329545454545,13.9090909090909,181.888
"333",2021-01-16 08:27:46,5,67.3164339700188,46.598143569535,53.3725682820921,57.3426573426573,80.1165511916557,79.8359331615566,94.4999999999968,63.0000000000023,204.545454545455,13.0909090909091,182.448
"334",2021-01-17 07:21:15,5,97.7573565839601,79.4995421922306,63.5592910589802,64.5833333333333,87.4500179145534,87.1524048243463,147.000000000005,66.5000000000156,251.736111111111,16.1111111111111,181.321
"335",2021-01-18 07:45:37,5,86.4091319672931,60.1676097333352,70.2637793919186,69.4029850746269,94.516589862172,94.1815886561223,106.499999999997,80.5000000000078,234.375,15,181.352
"336",2021-01-19 06:05:47,5,78.8488047105772,47.5919776778162,64.201595683298,56.8493150684931,79.0388987782322,78.7825601311735,112.500000000006,61.000000000007,255.208333333333,16.3333333333333,182.916
"337",2021-01-20 06:38:29,5,74.5213871765956,52.9996223968284,51.4788283948306,43.0379746835443,66.1060258343875,65.9066754844901,104.999999999993,42.000000000023,276.041666666667,17.6666666666667,182.888
"338",2021-01-21 06:57:59,5,90.9818229946417,63.0720078879081,61.7672071076901,40.7407407407407,75.2686194862446,75.0385908946643,124.499999999994,40.5000000000088,195.913461538462,12.5384615384615,181.209
"339",2021-01-22 08:24:22,5,99.2395688070294,76.9898405450496,65.3638788836134,55.1724137931034,92.3912014188402,92.0782650604993,126.250000000001,57.0000000000093,253.472222222222,16.2222222222222,181.183
"340",2021-01-23 08:08:35,5,75.3031711246886,62.419289617955,42.4961874747248,23.8754325259516,47.539989035314,47.4583408648779,95.4999999999852,28.9999999999964,238.486842105263,15.2631578947368,300.834
"341",2021-01-23 15:04:52,5,147.033680128078,120.414368479694,87.4980967577187,62.7450980392157,137.856907911151,136.569956217231,189.249999999997,81.000000000003,270.833333333333,17.3333333333333,60.995
"342",2021-01-23 15:06:41,5,126.824796621609,82.0602853223686,100.880865711471,64.9122807017544,147.37585574694,146.091055479889,172.000000000001,85.9999999999914,226.5625,14.5,61.817
"343",2021-01-23 15:08:04,5,140.747558050257,106.879747221715,93.3550370289736,40.4255319148936,102.28639875286,102.105303034668,200.500000000023,39.9999999999778,340.144230769231,21.7692307692308,259.385
"344",2021-01-24 08:03:59,5,189.696160728536,175.603898304244,105.372919673069,51.5923566878981,198.924503335087,198.792597486141,115.750000000016,51.9999999999995,274.305555555556,17.5555555555556,183.103
"345",2021-01-25 06:13:50,5,81.9476579430466,59.5523799552404,58.3245710383488,52.1428571428571,72.8672260418777,72.6065227294161,121.000000000006,53.0000000000186,220.3125,14.1,183.464
"346",2021-01-26 07:50:59,5,90.4533973071274,69.5901764940256,57.4184208019404,56.9506726457399,79.2651548408686,79.0959569357846,115.250000000014,57.0000000000164,250,16,301.959
"347",2021-01-27 08:58:07,5,53.7844228411546,44.4646792811218,29.3265295113938,12.8834355828221,33.3204144472285,33.218093229314,70.9999999999984,19.9999999999961,213.541666666667,13.6666666666667,164.431
"348",2021-01-28 06:47:22,5,86.4738648341979,71.5085662703715,49.2623076708318,34.3949044585987,63.9698944431507,63.7735843723272,104.500000000006,39.999999999992,224.431818181818,14.3636363636364,182.364
"349",2021-01-29 08:41:39,5,69.3216187000254,62.6636869788623,30.4344590633655,13.7362637362637,34.4599382092861,34.3652009010126,96.9999999999941,17.0000000000065,238.28125,15.25,181.168
"350",2021-01-30 08:47:21,5,68.2599043950592,55.5507481947811,36.6756234051963,13.6363636363636,48.4652010651527,48.3274813594234,70.0000000000074,24.4999999999997,197.544642857143,12.6428571428571,181.54
"351",2021-01-30 23:18:46,5,67.2062486994582,38.5209871757131,61.7827395423114,68.6274509803922,91.953304432622,91.1119759244786,86.7499999999995,85.9999999999986,116.071428571429,7.42857142857143,66.541
"352",2021-01-31 07:39:14,5,70.8593055359787,55.3009437837859,48.5231454202068,48.2517482517483,67.7718869552807,67.535641975648,89.0000000000075,48.0000000000018,225,14.4,182.524
"353",2021-01-31 12:46:21,5,20.7340681900685,18.1656284454511,8.76460005952525,0,11.0403893082827,10.9866228820759,31.7500000000007,8.00000000000091,81.25,5.2,65.819
"354",2021-01-31 14:37:20,5,26.3693994096418,22.2594515242798,16.2462815167725,1.35135135135135,19.5926113206878,19.4609796703481,35.9999999999995,12.9999999999998,97.65625,6.25,61.282
"355",2021-01-31 16:28:40,5,48.5374609951454,30.8060086403638,39.5025496411596,21.2121212121212,43.0513679192693,42.7294164517027,62.4999999999989,27.000000000001,149.553571428571,9.57142857142857,62.219
"356",2021-01-31 21:08:16,5,131.581123883916,90.9655871587604,100.450526517817,82.6923076923077,130.278937026985,129.060138039479,195,90.4999999999969,276.041666666667,17.6666666666667,62.571
"357",2021-02-01 05:39:18,5,82.1318786671501,64.2150580806662,56.933867684178,55.9440559440559,77.0460796832858,76.7807249267664,112.249999999996,56.999999999995,225,14.4,181.592
"358",2021-02-01 16:02:23,5,18.8297424465478,15.4072043033266,9.9218367251344,3.92156862745098,17.0171539750858,16.8668371687891,23.250000000002,7.99999999999568,73.8636363636364,4.72727272727273,67.45
"359",2021-02-01 16:59:56,5,99.6224056108031,66.3192482761918,75.7670598997508,25.7575757575758,95.2557653854125,94.5322616086614,70.9999999999995,26.9999999999993,174.479166666667,11.1666666666667,60.753
"360",2021-02-01 18:56:13,5,77.5407829845434,45.3819347317849,62.7106985355302,45.2830188679245,78.0674181120534,77.4610066237834,97.7499999999991,41.0000000000039,168.75,10.8,61.274
"361",2021-02-01 21:36:17,5,75.4638247017233,43.424898123836,67.265730063847,68.6274509803922,99.1189105638913,98.1775103035919,123.500000000001,77.0000000000055,162.5,10.4,69.671
"362",2021-02-02 06:20:51,5,104.801111580488,80.0464095747441,66.5058129516663,56.9444444444444,87.3852216448946,87.1353512900753,120.000000000005,59.4999999999928,283.203125,18.125,179.735
"363",2021-02-02 14:46:44,5,69.2171973440365,38.1738157423822,60.8022692125163,73.469387755102,101.876146126853,100.847227355571,102.499999999996,76.0000000000077,195.3125,12.5,63.934
"364",2021-02-02 16:03:14,5,78.3753850414286,53.8009633110658,65.5108479045734,58.8235294117647,94.974700449595,94.0843384687279,123.500000000001,62.9999999999989,162.5,10.4,66.205
"365",2021-02-02 18:07:30,5,70.4674437842338,51.735128029437,44.7024354417136,27.4509803921569,62.2996994296085,61.7823504208877,61.2500000000048,21.0000000000007,116.071428571429,7.42857142857143,67.028
"366",2021-02-02 22:14:44,5,77.1224834336937,55.7830847874217,58.7587970442457,62.7450980392157,88.4775589139552,87.6080845047311,85.5000000000025,63.0000000000016,270.833333333333,17.3333333333333,66.047
"367",2021-02-03 08:30:15,5,90.8833267043396,68.1626211574933,64.633695661156,52.6666666666667,72.9947134244639,72.7512657392764,134.000000000004,54.4999999999973,235.9375,15.1,181.872
"368",2021-02-03 16:37:15,5,26.6614124601201,20.9243333073954,18.2393059943293,3.84615384615385,22.7461149783064,22.5375754617108,33.0000000000043,14.0000000000027,75.2840909090909,4.81818181818182,67.925
"369",2021-02-03 17:48:28,5,44.0438642943825,37.7896558745278,27.4450412478547,10.8108108108108,38.5542910454278,38.3181912906101,31.0000000000025,14.9999999999961,73.2421875,4.6875,60.442
"370",2021-02-03 19:56:22,5,68.8146879631181,38.5102651495095,63.7713857535012,66.6666666666667,81.7938213457625,81.0331436535105,86.0000000000009,65.5000000000038,171.875,11,61.298
"371",2021-02-03 21:56:54,5,132.566627148329,79.0841133637597,114.711916281135,74.5098039215686,144.435781238448,143.160817292453,212.250000000004,95.9999999999895,203.125,13,60.998
"372",2021-02-04 06:02:42,5,69.4739345700235,58.4482889582139,38.4518107012255,27.7777777777778,46.9861802542237,46.8443047647096,92.999999999998,28.4999999999903,195.913461538462,12.5384615384615,181.783
"373",2021-02-04 10:38:25,5,118.423688763405,53.7614497511436,96.9994591102795,64.7058823529412,133.171020812764,131.861781467432,138.750000000001,76.0000000000005,162.5,10.4,67.846
"374",2021-02-04 12:44:13,5,57.9409455308944,36.1241474914846,45.1976460500691,21.1267605633803,44.250462376377,43.9450681429045,78.5,23.0000000000015,187.5,12,61.966
"375",2021-02-04 14:48:59,5,134.332958199688,66.4265600403022,113.73497443102,60.3448275862069,127.70074762404,126.623661786168,172.499999999996,63.4999999999981,184.375,11.8,61.333
"376",2021-02-05 07:54:51,5,75.7403559521394,53.1100065469251,57.1767535253451,57.1428571428571,77.3433406523668,77.0666223842339,114.000000000001,55.4999999999808,244.791666666667,15.6666666666667,182.063
"377",2021-02-05 17:09:18,5,22.1632500570649,16.3932297235543,15.1914892200196,0,19.9454157099602,19.7732241214439,36.2499999999973,14.9999999999934,81.25,5.2,68.815
"378",2021-02-05 17:59:41,5,122.344267604446,105.862777688458,62.5464181493941,32.258064516129,81.5141285083964,81.0125438315853,229.000000000002,39.9999999999956,164.0625,10.5,62.304
"379",2021-02-05 20:06:44,5,43.4631869654094,36.430571161478,15.6983445837306,5.76923076923077,38.0519015248003,37.684418326616,21.9999999999984,6.00000000000216,75.2840909090909,4.81818181818182,62.641
"380",2021-02-05 21:18:45,5,62.6869060493916,49.7455464441356,38.832326392831,37.2549019607843,63.9138083825458,63.2946734431461,84.4999999999982,24.000000000008,135.416666666667,8.66666666666667,69.253
"381",2021-02-06 06:48:33,5,42.1191393018312,37.3080400046143,13.3468123414839,8.69565217391304,24.1398653807965,24.0569975357437,46.4999999999875,6.99999999999443,98.7215909090909,6.31818181818182,182.262
"382",2021-02-06 21:54:17,5,101.629558294599,60.7677597057694,86.3966681014721,72.5490196078431,108.649160144017,107.62052067607,123.249999999999,81.9999999999999,162.5,10.4,66.432
"383",2021-02-07 07:36:22,5,65.0753362810923,45.4975518751437,50.1140944011032,51.4285714285714,69.4737227306222,69.2253050346681,90.9999999999941,52.9999999999902,169.471153846154,10.8461538461538,181.846
"384",2021-02-07 14:31:06,5,99.848603343981,71.9985554273018,68.5334920036537,76.4705882352941,98.2476382992109,97.4279019502699,117.25,76.0000000000075,135.416666666667,8.66666666666667,70.689
"385",2021-02-07 15:55:51,5,191.602021034631,157.212646877991,97.9062892895277,60.7843137254902,157.606011630142,156.341506538304,330.750000000001,58.0000000000007,270.833333333333,17.3333333333333,61.34
"386",2021-02-07 22:11:25,5,80.8741282605232,61.1276661747337,54.8339151888008,52.6315789473684,72.8845174382425,72.2636498366867,96.000000000003,50.0000000000041,181.25,11.6,62.938
"387",2021-02-08 06:32:48,5,117.058010466623,102.182446111993,63.4759872317506,55.3191489361702,84.1484545986874,83.8585012205095,204,55.0000000000352,277.34375,17.75,181.532
"388",2021-02-08 19:19:22,5,77.6266735889718,63.5659377273191,54.7661916789896,54.9019607843137,78.5841824128139,77.8295019420607,105.75,58.9999999999977,135.416666666667,8.66666666666667,79.665
"389",2021-02-08 20:21:50,5,84.8950077310925,57.4429908428322,72.3553897915739,67.2727272727273,111.648715578082,110.638395439622,107.499999999999,95.0000000000006,218.75,14,62.613
"390",2021-02-09 07:18:41,5,103.397480397577,66.7977417401764,83.0558500197907,67.1232876712329,110.061613053447,109.68707045344,129.500000000003,70.5000000000097,255.208333333333,16.3333333333333,182.539
"391",2021-02-09 15:29:56,5,93.6499853639748,55.6394940142302,79.806002425821,66.6666666666667,106.394994722312,105.376170242147,136.250000000001,69.9999999999968,203.125,13,69.655
"392",2021-02-09 16:43:19,5,48.4107915329021,32.0529406116705,35.9213587306594,24,40.9486736521938,40.6751357301566,49.0000000000008,20.9999999999936,148.4375,9.5,61.076
"393",2021-02-09 18:55:50,5,99.4875861501314,53.3911396008625,88.0433753355232,59.2592592592593,98.7321231684651,97.8924201658432,137.500000000001,59.4999999999999,214.84375,13.75,61.981
"394",2021-02-10 06:52:23,5,97.0340342414431,81.2010134568514,54.4678965344402,52.6315789473684,68.0167102543453,67.7959884700527,108.99999999999,51.4999999999936,265.625,17,181.808
"395",2021-02-10 09:23:49,5,128.782561844739,72.0649339197277,108.372627883827,80,138.730006465355,137.352684720758,182.999999999997,98.0000000000026,199.21875,12.75,66.646
"396",2021-02-10 11:40:21,5,94.5462351082916,60.8371705849831,75.0416846000964,45.0980392156863,112.949518482773,111.879048836802,92.2500000000066,43.9999999999968,162.5,10.4,69.991
"397",2021-02-10 13:32:17,5,115.571886888469,64.6494144173925,87.7444874570429,67.2727272727273,123.214772388217,122.315761267898,135.499999999999,69.9999999999968,175,11.2,61.519
"398",2021-02-10 21:04:34,5,89.4064128268635,64.7538607425119,68.2574458510374,52.6315789473684,82.0943127779045,81.3737316984205,124.499999999996,56.9999999999995,129.464285714286,8.28571428571429,61.825
"399",2021-02-11 05:26:38,5,121.851968451198,102.682091897627,66.6770243340955,54.2483660130719,97.0096903971955,96.6925928721525,187.250000000009,57.0000000000023,267.361111111111,17.1111111111111,183.066
"400",2021-02-11 06:56:05,5,155.188327148394,103.508744771192,114.99356547904,56.3636363636364,121.753468413459,121.056786073915,178.250000000004,64,218.75,14,61.376
"401",2021-02-11 22:30:35,5,132.800280002153,110.996430805297,83.93529109626,63.4615384615385,105.646926133741,104.825496017832,232.999999999997,83.9999999999961,165.625,10.6,64.109
"402",2021-02-12 07:04:26,5,81.4614420056984,68.6923212144357,52.0216662466776,43.2432432432432,67.2167328185727,66.9901162536356,137,43.9999999999969,258.680555555556,16.5555555555556,181.203
"403",2021-02-13 08:15:59,5,91.7184476557054,75.1812394087701,45.0002522185102,34.6153846153846,61.1209634011136,60.9741958872981,79.9999999999982,36.4999999999967,175.223214285714,11.2142857142857,181.535
"404",2021-02-14 08:19:03,5,129.999681172633,87.1460103104174,92.6242521986798,70.1030927835052,120.424588914058,119.867624580952,168.500000000005,79.9999999999841,191.40625,12.25,122.787
"405",2021-02-15 06:13:05,5,85.5318803459217,61.7182866799971,60.903627340756,56.4935064935065,74.1532548395118,73.912197822911,110.999999999988,53.0000000000043,345.982142857143,22.1428571428571,181.621
"406",2021-02-16 06:55:25,5,61.830422036675,45.9533303271985,43.3066778494142,29.2207792207792,56.7629224875135,56.5787578880609,68.4999999999966,32.0000000000019,172.991071428571,11.0714285714286,180.953
"407",2021-02-17 06:55:40,5,73.896726520707,62.2651642777858,40.2259415015905,29.7619047619048,49.0462119075539,48.9012001995074,106.999999999971,30.9999999999988,264.0625,16.9,182.918
"408",2021-02-18 06:46:21,5,95.5062954781822,83.7209546043218,52.9182791200918,50.6756756756757,75.9475426417129,75.7028329649477,126.000000000012,50.5000000000138,291.015625,18.625,182.236
"409",2021-02-19 07:52:23,5,69.8438408787993,41.3689511235599,59.6857574530471,55.9210526315789,73.1115399411658,72.8714170374947,93.0000000000107,58.5000000000022,239.0625,15.3,182.127
"410",2021-02-20 05:08:41,5,84.1372635459327,63.8413725907966,55.5177356516065,52.6666666666667,68.4653781772105,68.242801818213,109.499999999997,52.4999999999984,214.488636363636,13.7272727272727,182.447
"411",2021-02-21 08:37:49,5,84.5726068650738,60.0247470276377,64.8709338333646,59.1836734693878,91.5617196449099,91.249899822887,121.999999999995,67.0000000000002,231.25,14.8,182.519
"412",2021-02-22 06:14:16,5,78.7575504103865,58.8757608214241,53.8684309809358,42.1768707482993,64.754021574234,64.5364949751184,118.749999999984,40.9999999999968,210.227272727273,13.4545454545455,181.674
"413",2021-02-23 07:16:04,5,96.8173054948074,69.099558086066,70.0266725562589,57.8947368421053,84.9576050652181,84.6780668178012,136.00000000001,60.4999999999833,398.4375,25.5,181.893
"414",2021-02-24 07:02:40,5,106.218675902552,72.3787083377073,82.5593227491584,57.6158940397351,104.842507767024,104.495603380371,155.749999999987,67.0000000000073,296.875,19,182.112
"415",2021-02-25 05:52:49,5,81.592935207238,50.8257793741118,70.096802187326,61.9402985074627,95.9469788329294,95.5891784920045,127.00000000001,76.0000000000041,301.339285714286,19.2857142857143,182.633
"416",2021-02-26 07:35:11,5,73.0896913895619,52.2730487440704,50.6446975548642,44.0251572327044,66.3496058874291,66.1444483710806,92.4999999999995,46.0000000000209,208.333333333333,13.3333333333333,182.376
"417",2021-02-27 09:05:29,5,85.1447257779615,67.9513905390497,52.1916044795742,43.2098765432099,66.5527612723388,66.3490117335946,111.500000000007,41.5000000000061,231.534090909091,14.8181818181818,180.991
