"ID","altitude","cadence","distance","fractional_cadence","heart_rate","position_lat","position_long","speed","timestamp"
2021-01-27 14:28:02,769.4,0,2.02,0,84,536696319,-1112322006,0.019,2021-01-27 14:10:36
2021-01-27 14:28:02,768.4,0,7.05,0,85,536695775,-1112322240,1.549,2021-01-27 14:10:38
2021-01-27 14:28:02,768.4,91,7.05,0,85,536695775,-1112322240,1.549,2021-01-27 14:10:39
2021-01-27 14:28:02,767.8,91,11,0,86,536695362,-1112322416,3.06,2021-01-27 14:10:40
2021-01-27 14:28:02,766.8,91,16.13,0,87,536694827,-1112322635,3.098,2021-01-27 14:10:41
2021-01-27 14:28:02,766,91,24.23,0,89,536694034,-1112323141,3.854,2021-01-27 14:10:42
2021-01-27 14:28:02,766,91,24.23,0,90,536694034,-1112323141,3.854,2021-01-27 14:10:43
2021-01-27 14:28:02,765.2,91,28.36,0,93,536693630,-1112323401,3.816,2021-01-27 14:10:44
2021-01-27 14:28:02,764.4,92,32.58,0,94,536693217,-1112323663,3.742,2021-01-27 14:10:45
2021-01-27 14:28:02,763.6,92,36.44,0,97,536692799,-1112323740,3.732,2021-01-27 14:10:46
2021-01-27 14:28:02,762,91,40.2,0,98,536692335,-1112323654,3.583,2021-01-27 14:10:47
2021-01-27 14:28:02,761.6,91,43.69,0,100,536692061,-1112323277,3.574,2021-01-27 14:10:48
2021-01-27 14:28:02,761,91,47.14,0,102,536691826,-1112322856,3.527,2021-01-27 14:10:49
2021-01-27 14:28:02,760.6,91,54.68,0,104,536691365,-1112321912,3.508,2021-01-27 14:10:50
2021-01-27 14:28:02,760.6,90,54.68,0,106,536691365,-1112321912,3.508,2021-01-27 14:10:51
2021-01-27 14:28:02,760.6,90,62.14,0,108,536690939,-1112320952,3.592,2021-01-27 14:10:52
2021-01-27 14:28:02,760.8,89,65.74,0.5,110,536690727,-1112320494,3.592,2021-01-27 14:10:53
2021-01-27 14:28:02,760.6,89,69.17,0.5,110,536690551,-1112320035,3.602,2021-01-27 14:10:54
2021-01-27 14:28:02,760.6,89,69.17,0.5,111,536690551,-1112320035,3.602,2021-01-27 14:10:55
2021-01-27 14:28:02,760.4,90,72.65,0,112,536690373,-1112319570,3.592,2021-01-27 14:10:56
2021-01-27 14:28:02,760.6,90,76.23,0,112,536690211,-1112319075,3.592,2021-01-27 14:10:57
2021-01-27 14:28:02,760.4,90,83.18,0,113,536689881,-1112318133,3.592,2021-01-27 14:10:58
2021-01-27 14:28:02,760.4,90,83.18,0,113,536689881,-1112318133,3.592,2021-01-27 14:10:59
2021-01-27 14:28:02,760.2,89,86.28,0.5,113,536689713,-1112317727,3.583,2021-01-27 14:11:00
2021-01-27 14:28:02,760.2,89,89.63,0.5,115,536689538,-1112317284,3.574,2021-01-27 14:11:01
2021-01-27 14:28:02,760,89,93.19,0,115,536689354,-1112316811,3.564,2021-01-27 14:11:02
2021-01-27 14:28:02,759.8,89,97.03,0,116,536689143,-1112316311,3.564,2021-01-27 14:11:03
2021-01-27 14:28:02,759.6,91,100.87,0,117,536688921,-1112315821,3.564,2021-01-27 14:11:04
2021-01-27 14:28:02,759.4,91,108.38,0,117,536688535,-1112314821,3.574,2021-01-27 14:11:05
2021-01-27 14:28:02,759.4,93,108.38,0.5,118,536688535,-1112314821,3.583,2021-01-27 14:11:06
2021-01-27 14:28:02,759.2,93,111.82,0.5,118,536688368,-1112314355,3.592,2021-01-27 14:11:07
2021-01-27 14:28:02,759.4,93,115.17,0,119,536688217,-1112313891,3.592,2021-01-27 14:11:08
2021-01-27 14:28:02,759.2,92,122.34,0,119,536687871,-1112312921,3.592,2021-01-27 14:11:09
2021-01-27 14:28:02,759.2,91,122.34,0,119,536687871,-1112312921,3.592,2021-01-27 14:11:10
2021-01-27 14:28:02,759.4,91,125.72,0,121,536687682,-1112312478,3.592,2021-01-27 14:11:11
2021-01-27 14:28:02,759.2,90,129.23,0,122,536687507,-1112312006,3.592,2021-01-27 14:11:12
2021-01-27 14:28:02,759,89,132.92,0.5,123,536687302,-1112311529,3.592,2021-01-27 14:11:13
2021-01-27 14:28:02,759,89,136.69,0.5,124,536687079,-1112311051,3.592,2021-01-27 14:11:14
2021-01-27 14:28:02,758.6,88,144.26,0,125,536686608,-1112310117,3.592,2021-01-27 14:11:15
2021-01-27 14:28:02,758.4,88,148.1,0,126,536686353,-1112309658,3.583,2021-01-27 14:11:16
2021-01-27 14:28:02,758.4,88,148.1,0,126,536686353,-1112309658,3.592,2021-01-27 14:11:17
2021-01-27 14:28:02,758.4,88,155.24,0,126,536685853,-1112308833,3.583,2021-01-27 14:11:18
2021-01-27 14:28:02,758.4,88,155.24,0,127,536685853,-1112308833,3.583,2021-01-27 14:11:19
2021-01-27 14:28:02,758.6,88,158.74,0,127,536685631,-1112308398,3.583,2021-01-27 14:11:20
2021-01-27 14:28:02,758.4,88,162.31,0,128,536685445,-1112307926,3.583,2021-01-27 14:11:21
2021-01-27 14:28:02,758.4,89,165.76,0.5,129,536685268,-1112307467,3.574,2021-01-27 14:11:22
2021-01-27 14:28:02,758.4,89,169.12,0.5,129,536685083,-1112307030,3.574,2021-01-27 14:11:23
2021-01-27 14:28:02,758.6,89,176.07,0.5,130,536684764,-1112306077,3.564,2021-01-27 14:11:24
2021-01-27 14:28:02,758.6,89,176.07,0.5,128,536684764,-1112306077,3.564,2021-01-27 14:11:25
2021-01-27 14:28:02,758.4,89,183.15,0.5,127,536684407,-1112305132,3.564,2021-01-27 14:11:26
2021-01-27 14:28:02,758.4,89,186.56,0.5,129,536684227,-1112304682,3.564,2021-01-27 14:11:27
2021-01-27 14:28:02,758.4,89,186.56,0.5,132,536684227,-1112304682,3.564,2021-01-27 14:11:28
2021-01-27 14:28:02,758,88,193.02,0,133,536683880,-1112303833,3.555,2021-01-27 14:11:29
2021-01-27 14:28:02,758,88,196.37,0,133,536683691,-1112303401,3.546,2021-01-27 14:11:30
2021-01-27 14:28:02,758,88,199.68,0,133,536683513,-1112302969,3.536,2021-01-27 14:11:31
2021-01-27 14:28:02,758,88,199.68,0,134,536683513,-1112302969,3.536,2021-01-27 14:11:32
2021-01-27 14:28:02,758.2,88,202.77,0,134,536683341,-1112302568,3.527,2021-01-27 14:11:33
2021-01-27 14:28:02,758.2,88,205.8,0,134,536683171,-1112302176,3.518,2021-01-27 14:11:34
2021-01-27 14:28:02,758.2,89,212.4,0,134,536682846,-1112301288,3.508,2021-01-27 14:11:35
2021-01-27 14:28:02,758.2,89,215.9,0,134,536682728,-1112300785,3.49,2021-01-27 14:11:36
2021-01-27 14:28:02,758.2,89,219.38,0,135,536682592,-1112300296,3.49,2021-01-27 14:11:37
2021-01-27 14:28:02,758.2,88,219.38,0,135,536682592,-1112300296,3.49,2021-01-27 14:11:38
2021-01-27 14:28:02,758.2,88,222.83,0,135,536682405,-1112299844,3.49,2021-01-27 14:11:39
2021-01-27 14:28:02,758.2,87,230.19,0,136,536681965,-1112298919,3.49,2021-01-27 14:11:40
2021-01-27 14:28:02,758.4,87,234,0,136,536681745,-1112298432,3.49,2021-01-27 14:11:41
2021-01-27 14:28:02,758.4,87,237.69,0,136,536681549,-1112297945,3.499,2021-01-27 14:11:42
2021-01-27 14:28:02,758.4,87,237.69,0,137,536681549,-1112297945,3.499,2021-01-27 14:11:43
2021-01-27 14:28:02,758.2,87,241.29,0,137,536681381,-1112297455,3.499,2021-01-27 14:11:44
2021-01-27 14:28:02,758,87,244.76,0,136,536681210,-1112296988,3.499,2021-01-27 14:11:45
2021-01-27 14:28:02,757.6,88,251.49,0,137,536680835,-1112296113,3.499,2021-01-27 14:11:46
2021-01-27 14:28:02,757.6,88,254.91,0,137,536680651,-1112295664,3.49,2021-01-27 14:11:47
2021-01-27 14:28:02,757.2,88,258.34,0,137,536680483,-1112295203,3.48,2021-01-27 14:11:48
2021-01-27 14:28:02,757.2,88,261.63,0,137,536680343,-1112294744,3.49,2021-01-27 14:11:49
2021-01-27 14:28:02,757.2,88,261.63,0,137,536680343,-1112294744,3.48,2021-01-27 14:11:50
2021-01-27 14:28:02,757.4,88,265,0,138,536680159,-1112294302,3.48,2021-01-27 14:11:51
2021-01-27 14:28:02,757.6,87,268.09,0,137,536679936,-1112293922,3.471,2021-01-27 14:11:52
2021-01-27 14:28:02,757.8,86,270.96,0.5,137,536679896,-1112293484,3.452,2021-01-27 14:11:53
2021-01-27 14:28:02,757.8,86,274,0.5,138,536680024,-1112293058,3.443,2021-01-27 14:11:54
2021-01-27 14:28:02,757.8,87,277.58,0,137,536680314,-1112292704,3.434,2021-01-27 14:11:55
2021-01-27 14:28:02,757.8,87,285.25,0,137,536681023,-1112292114,3.434,2021-01-27 14:11:56
2021-01-27 14:28:02,757.6,87,289.12,0,137,536681389,-1112291839,3.434,2021-01-27 14:11:57
2021-01-27 14:28:02,757.6,87,289.12,0,136,536681389,-1112291839,3.443,2021-01-27 14:11:58
2021-01-27 14:28:02,757.6,87,296.83,0,137,536682154,-1112291392,3.452,2021-01-27 14:11:59
2021-01-27 14:28:02,757.6,86,300.72,0.5,136,536682547,-1112291188,3.452,2021-01-27 14:12:00
2021-01-27 14:28:02,757.6,85,300.72,0.5,137,536682547,-1112291188,3.471,2021-01-27 14:12:01
2021-01-27 14:28:02,757.6,85,308.15,0.5,137,536683312,-1112290875,3.49,2021-01-27 14:12:02
2021-01-27 14:28:02,757.6,85,311.38,0.5,137,536683653,-1112290785,3.49,2021-01-27 14:12:03
2021-01-27 14:28:02,757.6,86,311.38,0.5,137,536683653,-1112290785,3.48,2021-01-27 14:12:04
2021-01-27 14:28:02,757.6,86,314.41,0.5,137,536683970,-1112290666,3.462,2021-01-27 14:12:05
2021-01-27 14:28:02,757.4,85,317.01,0.5,136,536684245,-1112290594,3.452,2021-01-27 14:12:06
2021-01-27 14:28:02,757.2,85,321.51,0.5,137,536684722,-1112290460,3.443,2021-01-27 14:12:07
2021-01-27 14:28:02,757,85,323.51,0.5,137,536684722,-1112290460,3.424,2021-01-27 14:12:08
2021-01-27 14:28:02,756.8,86,325.95,0.5,137,536685177,-1112290251,3.406,2021-01-27 14:12:09
2021-01-27 14:28:02,756.6,86,328.51,0.5,137,536685426,-1112290082,3.378,2021-01-27 14:12:10
2021-01-27 14:28:02,756.4,86,330.93,0.5,137,536685650,-1112289888,3.359,2021-01-27 14:12:11
2021-01-27 14:28:02,756,86,333.26,0.5,137,536685864,-1112289702,3.34,2021-01-27 14:12:12
2021-01-27 14:28:02,755.4,85,335.85,0.5,137,536686081,-1112289453,3.34,2021-01-27 14:12:13
2021-01-27 14:28:02,755,85,337.68,0.5,138,536686238,-1112289274,3.322,2021-01-27 14:12:14
2021-01-27 14:28:02,754.6,85,339.29,0.5,138,536686254,-1112288897,3.303,2021-01-27 14:12:15
2021-01-27 14:28:02,753.8,86,341.28,0.5,138,536686419,-1112288673,3.266,2021-01-27 14:12:16
2021-01-27 14:28:02,753.4,87,348.84,0,139,536687268,-1112288824,3.247,2021-01-27 14:12:17
2021-01-27 14:28:02,753.2,88,353.6,0,139,536687711,-1112288224,3.2,2021-01-27 14:12:18
2021-01-27 14:28:02,752.8,88,358.53,0,138,536688096,-1112287422,3.2,2021-01-27 14:12:19
2021-01-27 14:28:02,752.8,89,362.81,0.5,139,536688446,-1112286893,3.256,2021-01-27 14:12:20
2021-01-27 14:28:02,752.6,89,367.66,0.5,139,536688878,-1112286440,3.378,2021-01-27 14:12:21
2021-01-27 14:28:02,752.8,89,371.44,0.5,139,536689226,-1112286096,3.611,2021-01-27 14:12:22
2021-01-27 14:28:02,752.8,89,375.22,0.5,139,536689567,-1112285754,3.611,2021-01-27 14:12:23
2021-01-27 14:28:02,753.2,89,378.66,0.5,139,536689880,-1112285461,3.611,2021-01-27 14:12:24
2021-01-27 14:28:02,753,89,382.28,0.5,140,536690226,-1112285204,3.48,2021-01-27 14:12:25
2021-01-27 14:28:02,753,89,385.85,0.5,140,536690567,-1112284950,3.378,2021-01-27 14:12:26
2021-01-27 14:28:02,753,89,389.17,0.5,139,536690902,-1112284761,3.378,2021-01-27 14:12:27
2021-01-27 14:28:02,753,89,392.3,0.5,139,536691212,-1112284566,3.378,2021-01-27 14:12:28
2021-01-27 14:28:02,752.8,89,395.72,0.5,139,536691557,-1112284386,3.35,2021-01-27 14:12:29
2021-01-27 14:28:02,752.8,89,399.34,0.5,140,536691919,-1112284178,3.34,2021-01-27 14:12:30
2021-01-27 14:28:02,752.6,89,402.95,0.5,140,536692290,-1112283968,3.34,2021-01-27 14:12:31
2021-01-27 14:28:02,752.4,89,406.58,0.5,140,536692662,-1112283779,3.368,2021-01-27 14:12:32
2021-01-27 14:28:02,752.4,89,409.6,0.5,140,536692979,-1112283632,3.396,2021-01-27 14:12:33
2021-01-27 14:28:02,752.4,89,412.67,0,140,536693305,-1112283533,3.396,2021-01-27 14:12:34
2021-01-27 14:28:02,752.2,89,415.44,0,140,536693585,-1112283366,3.359,2021-01-27 14:12:35
2021-01-27 14:28:02,751.8,88,418.59,0,140,536693919,-1112283282,3.331,2021-01-27 14:12:36
2021-01-27 14:28:02,751.4,86,421.42,0.5,140,536694224,-1112283256,3.284,2021-01-27 14:12:37
2021-01-27 14:28:02,751.2,86,424.24,0.5,141,536694527,-1112283242,3.275,2021-01-27 14:12:38
2021-01-27 14:28:02,751.4,86,427.57,0.5,141,536694886,-1112283228,3.228,2021-01-27 14:12:39
2021-01-27 14:28:02,751.2,86,431.12,0.5,141,536695267,-1112283188,3.191,2021-01-27 14:12:40
2021-01-27 14:28:02,751.2,88,434.74,0,141,536695645,-1112283045,3.191,2021-01-27 14:12:41
2021-01-27 14:28:02,751.4,88,438.16,0,141,536696011,-1112282958,3.219,2021-01-27 14:12:42
2021-01-27 14:28:02,751.6,88,441.88,0,142,536696409,-1112282910,3.219,2021-01-27 14:12:43
2021-01-27 14:28:02,752,89,445.47,0,142,536696795,-1112282908,3.238,2021-01-27 14:12:44
2021-01-27 14:28:02,752.2,89,449.26,0,142,536697200,-1112282963,3.256,2021-01-27 14:12:45
2021-01-27 14:28:02,752.2,89,452.68,0.5,142,536697568,-1112282983,3.266,2021-01-27 14:12:46
2021-01-27 14:28:02,752.6,89,456.23,0.5,143,536697948,-1112283002,3.284,2021-01-27 14:12:47
2021-01-27 14:28:02,752.6,89,459.62,0,142,536698313,-1112283001,3.294,2021-01-27 14:12:48
2021-01-27 14:28:02,752.2,89,462.91,0,143,536698667,-1112282997,3.303,2021-01-27 14:12:49
2021-01-27 14:28:02,752.2,89,466.14,0.5,143,536699014,-1112283043,3.303,2021-01-27 14:12:50
2021-01-27 14:28:02,752,89,469.78,0.5,143,536699400,-1112283118,3.303,2021-01-27 14:12:51
2021-01-27 14:28:02,751.8,89,472.86,0.5,143,536699733,-1112283150,3.303,2021-01-27 14:12:52
2021-01-27 14:28:02,751.4,89,476.06,0,143,536700078,-1112283117,3.312,2021-01-27 14:12:53
2021-01-27 14:28:02,751.6,89,479.27,0,143,536700423,-1112283047,3.312,2021-01-27 14:12:54
2021-01-27 14:28:02,752.2,89,482.55,0,143,536700775,-1112282971,3.312,2021-01-27 14:12:55
2021-01-27 14:28:02,754,88,486.14,0,144,536701160,-1112282905,3.312,2021-01-27 14:12:56
2021-01-27 14:28:02,755,88,489.89,0,144,536701563,-1112282912,3.312,2021-01-27 14:12:57
2021-01-27 14:28:02,756,89,493.09,0,143,536701907,-1112282897,3.322,2021-01-27 14:12:58
2021-01-27 14:28:02,756.6,89,496.31,0,144,536702252,-1112282927,3.322,2021-01-27 14:12:59
2021-01-27 14:28:02,757.2,89,499.73,0,144,536702619,-1112282942,3.322,2021-01-27 14:13:00
2021-01-27 14:28:02,758,89,503.21,0,143,536702993,-1112282923,3.312,2021-01-27 14:13:01
2021-01-27 14:28:02,758.2,89,506.68,0.5,142,536703364,-1112282972,3.312,2021-01-27 14:13:02
2021-01-27 14:28:02,758.4,89,510.57,0,143,536703778,-1112283050,3.312,2021-01-27 14:13:03
2021-01-27 14:28:02,758.4,90,513.91,0,143,536704134,-1112283126,3.312,2021-01-27 14:13:04
2021-01-27 14:28:02,758.4,90,517.52,0,142,536704520,-1112283183,3.322,2021-01-27 14:13:05
2021-01-27 14:28:02,758.6,90,521.15,0,142,536704909,-1112283159,3.322,2021-01-27 14:13:06
2021-01-27 14:28:02,759,90,524.8,0,142,536705301,-1112283171,3.331,2021-01-27 14:13:07
2021-01-27 14:28:02,759.4,90,528.21,0,142,536705667,-1112283151,3.34,2021-01-27 14:13:08
2021-01-27 14:28:02,760,90,531.29,0.5,141,536705999,-1112283148,3.34,2021-01-27 14:13:09
2021-01-27 14:28:02,760.4,90,534.7,0.5,141,536706365,-1112283164,3.34,2021-01-27 14:13:10
2021-01-27 14:28:02,760.8,89,538.18,0.5,141,536706739,-1112283178,3.34,2021-01-27 14:13:11
2021-01-27 14:28:02,761,89,541.4,0.5,142,536707086,-1112283190,3.35,2021-01-27 14:13:12
2021-01-27 14:28:02,760.8,89,544.5,0.5,141,536707418,-1112283170,3.35,2021-01-27 14:13:13
2021-01-27 14:28:02,761,89,547.59,0.5,141,536707750,-1112283188,3.34,2021-01-27 14:13:14
2021-01-27 14:28:02,761.8,89,551.05,0,141,536708120,-1112283228,3.331,2021-01-27 14:13:15
2021-01-27 14:28:02,762.4,89,554.67,0,141,536708506,-1112283284,3.322,2021-01-27 14:13:16
2021-01-27 14:28:02,763.8,89,558.11,0,142,536708873,-1112283352,3.322,2021-01-27 14:13:17
2021-01-27 14:28:02,764.6,89,561.53,0,142,536709240,-1112283377,3.322,2021-01-27 14:13:18
2021-01-27 14:28:02,765.2,90,565.03,0,142,536709616,-1112283370,3.322,2021-01-27 14:13:19
2021-01-27 14:28:02,765.8,90,568.53,0,143,536709992,-1112283383,3.331,2021-01-27 14:13:20
2021-01-27 14:28:02,766.2,92,571.81,0,143,536710345,-1112283392,3.331,2021-01-27 14:13:21
2021-01-27 14:28:02,766.8,92,575.22,0,143,536710711,-1112283390,3.34,2021-01-27 14:13:22
2021-01-27 14:28:02,766.4,92,578.38,0,143,536711051,-1112283298,3.34,2021-01-27 14:13:23
2021-01-27 14:28:02,766.2,92,581.89,0,143,536711423,-1112283210,3.34,2021-01-27 14:13:24
2021-01-27 14:28:02,765.4,92,584.86,0,143,536711746,-1112283120,3.34,2021-01-27 14:13:25
2021-01-27 14:28:02,765,89,588.2,0,143,536712105,-1112283137,3.35,2021-01-27 14:13:26
2021-01-27 14:28:02,764.6,89,591.37,0,143,536712448,-1112283144,3.35,2021-01-27 14:13:27
2021-01-27 14:28:02,764.4,89,594.76,0.5,143,536712811,-1112283190,3.35,2021-01-27 14:13:28
2021-01-27 14:28:02,763.4,90,598.02,0.5,141,536713163,-1112283178,3.35,2021-01-27 14:13:29
2021-01-27 14:28:02,763.2,90,601.61,0.5,140,536713548,-1112283160,3.359,2021-01-27 14:13:30
2021-01-27 14:28:02,762.6,90,604.91,0.5,139,536713906,-1112283136,3.359,2021-01-27 14:13:31
2021-01-27 14:28:02,762.4,90,608.39,0.5,140,536714279,-1112283161,3.368,2021-01-27 14:13:32
2021-01-27 14:28:02,762,89,611.73,0.5,141,536714637,-1112283196,3.368,2021-01-27 14:13:33
2021-01-27 14:28:02,761.4,89,615.13,0.5,142,536715001,-1112283208,3.378,2021-01-27 14:13:34
2021-01-27 14:28:02,761.2,88,618.39,0,142,536715352,-1112283189,3.378,2021-01-27 14:13:35
2021-01-27 14:28:02,760.8,88,621.75,0,142,536715712,-1112283215,3.378,2021-01-27 14:13:36
2021-01-27 14:28:02,760.4,88,625.11,0,142,536716073,-1112283214,3.378,2021-01-27 14:13:37
2021-01-27 14:28:02,759.8,88,628.42,0,142,536716429,-1112283214,3.378,2021-01-27 14:13:38
2021-01-27 14:28:02,759.2,87,631.61,0.5,143,536716771,-1112283175,3.378,2021-01-27 14:13:39
2021-01-27 14:28:02,758.6,87,634.86,0.5,143,536717119,-1112283128,3.378,2021-01-27 14:13:40
2021-01-27 14:28:02,758.4,88,638.23,0,143,536717481,-1112283090,3.368,2021-01-27 14:13:41
2021-01-27 14:28:02,758.2,87,645,0.5,144,536718209,-1112283085,3.368,2021-01-27 14:13:42
2021-01-27 14:28:02,758.2,87,645,0.5,144,536718209,-1112283085,3.368,2021-01-27 14:13:43
2021-01-27 14:28:02,758.2,87,645,0.5,144,536718209,-1112283085,3.368,2021-01-27 14:13:44
2021-01-27 14:28:02,758.2,87,648.41,0.5,144,536718576,-1112283096,3.368,2021-01-27 14:13:45
2021-01-27 14:28:02,758.6,87,655.41,0.5,143,536719329,-1112283098,3.368,2021-01-27 14:13:46
2021-01-27 14:28:02,758.4,87,658.92,0.5,143,536719706,-1112283110,3.368,2021-01-27 14:13:47
2021-01-27 14:28:02,758.4,87,662.35,0.5,143,536720074,-1112283093,3.378,2021-01-27 14:13:48
2021-01-27 14:28:02,758.2,87,665.94,0.5,143,536720461,-1112283089,3.378,2021-01-27 14:13:49
2021-01-27 14:28:02,758.2,88,669.18,0,143,536720810,-1112283068,3.378,2021-01-27 14:13:50
2021-01-27 14:28:02,758.2,88,669.18,0,143,536720810,-1112283068,3.378,2021-01-27 14:13:51
2021-01-27 14:28:02,758.2,89,676.15,0,143,536721559,-1112283043,3.387,2021-01-27 14:13:52
2021-01-27 14:28:02,758,91,679.89,0.5,141,536721961,-1112283042,3.387,2021-01-27 14:13:53
2021-01-27 14:28:02,757.8,93,683.32,0,140,536722329,-1112283030,3.387,2021-01-27 14:13:54
2021-01-27 14:28:02,757.8,93,683.32,0,141,536722329,-1112283030,3.396,2021-01-27 14:13:55
2021-01-27 14:28:02,758,92,687.03,0,141,536722728,-1112283036,3.406,2021-01-27 14:13:56
2021-01-27 14:28:02,759,91,694,0.5,141,536723477,-1112283086,3.415,2021-01-27 14:13:57
2021-01-27 14:28:02,759.2,90,697.27,0.5,141,536723828,-1112283108,3.424,2021-01-27 14:13:58
2021-01-27 14:28:02,759.6,90,700.56,0.5,141,536724181,-1112283154,3.434,2021-01-27 14:13:59
2021-01-27 14:28:02,759.8,90,703.81,0.5,142,536724529,-1112283191,3.434,2021-01-27 14:14:00
2021-01-27 14:28:02,759.8,89,706.26,0.5,142,536724793,-1112283103,3.424,2021-01-27 14:14:01
2021-01-27 14:28:02,760,88,708.37,0,141,536725019,-1112283070,3.387,2021-01-27 14:14:02
2021-01-27 14:28:02,762,58,709.69,0.5,132,536725219,-1112282759,0.028,2021-01-27 14:14:14
2021-01-27 14:28:02,761.8,88,712.93,0,131,536725052,-1112282321,1.857,2021-01-27 14:14:15
2021-01-27 14:28:02,761.6,88,715.86,0,131,536724914,-1112281923,1.857,2021-01-27 14:14:16
2021-01-27 14:28:02,761.6,88,715.86,0,131,536724914,-1112281923,2.426,2021-01-27 14:14:17
2021-01-27 14:28:02,761.6,91,719.25,0,132,536724834,-1112281420,2.958,2021-01-27 14:14:18
2021-01-27 14:28:02,761.6,91,725.83,0,130,536724939,-1112280439,3.2,2021-01-27 14:14:19
2021-01-27 14:28:02,761.8,91,728.98,0,129,536725052,-1112279990,3.34,2021-01-27 14:14:20
2021-01-27 14:28:02,761.8,91,732.18,0,129,536725178,-1112279538,3.34,2021-01-27 14:14:21
2021-01-27 14:28:02,762,91,735.39,0,129,536725254,-1112279065,3.266,2021-01-27 14:14:22
2021-01-27 14:28:02,762.2,91,738.58,0,129,536725299,-1112278586,3.266,2021-01-27 14:14:23
2021-01-27 14:28:02,762.2,90,738.58,0,129,536725299,-1112278586,3.294,2021-01-27 14:14:24
2021-01-27 14:28:02,762,89,742.04,0.5,129,536725281,-1112278064,3.294,2021-01-27 14:14:25
2021-01-27 14:28:02,762.2,89,749.05,0.5,129,536725207,-1112277008,3.303,2021-01-27 14:14:26
2021-01-27 14:28:02,762.4,88,752.47,0,129,536725168,-1112276493,3.266,2021-01-27 14:14:27
2021-01-27 14:28:02,762.4,88,752.47,0,129,536725168,-1112276493,3.266,2021-01-27 14:14:28
2021-01-27 14:28:02,762.6,88,755.76,0,130,536725111,-1112275999,3.247,2021-01-27 14:14:29
2021-01-27 14:28:02,762.8,88,761.89,0,130,536725113,-1112275063,3.21,2021-01-27 14:14:30
2021-01-27 14:28:02,762.8,87,761.89,0.5,131,536725113,-1112275063,3.172,2021-01-27 14:14:31
2021-01-27 14:28:02,763.2,87,768.9,0.5,133,536725163,-1112273999,3.172,2021-01-27 14:14:32
2021-01-27 14:28:02,763.2,86,772.47,0.5,134,536725236,-1112273458,3.182,2021-01-27 14:14:33
2021-01-27 14:28:02,763,86,776.01,0.5,135,536725285,-1112272924,3.21,2021-01-27 14:14:34
2021-01-27 14:28:02,762.8,86,780.14,0.5,135,536725286,-1112272299,3.219,2021-01-27 14:14:35
2021-01-27 14:28:02,763.2,86,784.42,0.5,135,536725271,-1112271652,3.238,2021-01-27 14:14:36
2021-01-27 14:28:02,763.2,86,788.25,0.5,135,536725274,-1112271073,3.266,2021-01-27 14:14:37
2021-01-27 14:28:02,763.2,86,792.05,0.5,136,536725271,-1112270499,3.312,2021-01-27 14:14:38
2021-01-27 14:28:02,763,86,795.95,0.5,135,536725239,-1112269910,3.34,2021-01-27 14:14:39
2021-01-27 14:28:02,763,85,799.79,0.5,135,536725178,-1112269336,3.378,2021-01-27 14:14:40
2021-01-27 14:28:02,763,85,803.64,0.5,135,536725148,-1112268754,3.396,2021-01-27 14:14:41
2021-01-27 14:28:02,762.8,85,807.27,0.5,135,536725146,-1112268206,3.415,2021-01-27 14:14:42
2021-01-27 14:28:02,762.6,85,810.86,0.5,135,536725168,-1112267663,3.415,2021-01-27 14:14:43
2021-01-27 14:28:02,762.2,86,814.53,0.5,135,536725172,-1112267107,3.415,2021-01-27 14:14:44
2021-01-27 14:28:02,762.2,86,818.16,0.5,135,536725183,-1112266558,3.424,2021-01-27 14:14:45
2021-01-27 14:28:02,762.4,86,821.86,0.5,135,536725179,-1112265999,3.424,2021-01-27 14:14:46
2021-01-27 14:28:02,762.4,86,825.63,0.5,136,536725177,-1112265428,3.424,2021-01-27 14:14:47
2021-01-27 14:28:02,762.4,86,829.04,0.5,135,536725193,-1112264911,3.434,2021-01-27 14:14:48
2021-01-27 14:28:02,762.4,86,829.04,0.5,136,536725193,-1112264911,3.443,2021-01-27 14:14:49
2021-01-27 14:28:02,762.4,86,832.8,0.5,135,536725170,-1112264344,3.443,2021-01-27 14:14:50
2021-01-27 14:28:02,762.6,86,836.51,0.5,135,536725159,-1112263783,3.452,2021-01-27 14:14:51
2021-01-27 14:28:02,762.6,86,844.13,0.5,135,536725116,-1112262633,3.462,2021-01-27 14:14:52
2021-01-27 14:28:02,762.8,86,847.92,0.5,136,536725124,-1112262058,3.471,2021-01-27 14:14:53
2021-01-27 14:28:02,762.8,86,847.92,0.5,136,536725124,-1112262058,3.48,2021-01-27 14:14:54
2021-01-27 14:28:02,763.2,87,855.59,0.5,136,536725141,-1112260899,3.49,2021-01-27 14:14:55
2021-01-27 14:28:02,763.2,87,855.59,0.5,137,536725141,-1112260899,3.508,2021-01-27 14:14:56
2021-01-27 14:28:02,763,86,862.92,0.5,137,536725137,-1112259789,3.518,2021-01-27 14:14:57
2021-01-27 14:28:02,763,86,862.92,0.5,137,536725137,-1112259789,3.518,2021-01-27 14:14:58
2021-01-27 14:28:02,763.2,86,870.32,0.5,137,536725079,-1112258673,3.518,2021-01-27 14:14:59
2021-01-27 14:28:02,763,86,874.08,0.5,137,536725057,-1112258105,3.527,2021-01-27 14:15:00
2021-01-27 14:28:02,763,87,877.61,0.5,137,536725057,-1112258105,3.536,2021-01-27 14:15:01
2021-01-27 14:28:02,763,87,877.61,0.5,137,536725059,-1112257571,3.536,2021-01-27 14:15:02
2021-01-27 14:28:02,762.8,87,884.94,0.5,137,536725074,-1112256462,3.536,2021-01-27 14:15:03
2021-01-27 14:28:02,762.6,87,888.74,0.5,137,536725083,-1112255888,3.536,2021-01-27 14:15:04
2021-01-27 14:28:02,762.6,87,892.52,0.5,138,536725090,-1112255316,3.546,2021-01-27 14:15:05
2021-01-27 14:28:02,762.6,87,892.52,0.5,138,536725090,-1112255316,3.546,2021-01-27 14:15:06
2021-01-27 14:28:02,762.4,87,899.63,0.5,138,536725130,-1112254241,3.555,2021-01-27 14:15:07
2021-01-27 14:28:02,762.4,87,903.19,0.5,138,536725130,-1112253703,3.555,2021-01-27 14:15:08
2021-01-27 14:28:02,762.8,87,906.8,0.5,137,536725109,-1112253157,3.546,2021-01-27 14:15:09
2021-01-27 14:28:02,762.8,87,906.8,0.5,138,536725109,-1112253157,3.546,2021-01-27 14:15:10
2021-01-27 14:28:02,763.4,87,914.13,0.5,139,536725085,-1112252049,3.555,2021-01-27 14:15:11
2021-01-27 14:28:02,763.4,86,914.13,0.5,138,536725085,-1112252049,3.564,2021-01-27 14:15:12
2021-01-27 14:28:02,763.6,86,917.42,0.5,139,536725084,-1112251550,3.564,2021-01-27 14:15:13
2021-01-27 14:28:02,764.2,86,924.11,0.5,139,536725041,-1112250540,3.555,2021-01-27 14:15:14
2021-01-27 14:28:02,764.4,86,927.49,0.5,138,536725016,-1112250030,3.555,2021-01-27 14:15:15
2021-01-27 14:28:02,764.8,86,930.88,0.5,139,536724994,-1112249519,3.555,2021-01-27 14:15:16
2021-01-27 14:28:02,765.2,85,934.05,0.5,139,536724989,-1112249038,3.546,2021-01-27 14:15:17
2021-01-27 14:28:02,765.4,85,937.21,0.5,140,536724987,-1112248561,3.536,2021-01-27 14:15:18
2021-01-27 14:28:02,765.8,85,940.4,0.5,140,536725019,-1112248079,3.527,2021-01-27 14:15:19
2021-01-27 14:28:02,766,85,944.01,0.5,140,536725044,-1112247535,3.518,2021-01-27 14:15:20
2021-01-27 14:28:02,766.4,84,947.59,0.5,140,536725058,-1112246993,3.518,2021-01-27 14:15:21
2021-01-27 14:28:02,767,84,951.09,0.5,139,536725056,-1112246462,3.518,2021-01-27 14:15:22
2021-01-27 14:28:02,767.4,85,954.5,0.5,140,536725051,-1112245945,3.518,2021-01-27 14:15:23
2021-01-27 14:28:02,768,85,958.13,0.5,140,536725061,-1112245396,3.518,2021-01-27 14:15:24
2021-01-27 14:28:02,768,85,961.69,0.5,140,536725067,-1112244857,3.518,2021-01-27 14:15:25
2021-01-27 14:28:02,768.2,85,965.17,0.5,141,536725087,-1112244331,3.518,2021-01-27 14:15:26
2021-01-27 14:28:02,768.4,85,968.53,0.5,140,536725102,-1112243822,3.518,2021-01-27 14:15:27
2021-01-27 14:28:02,768.4,85,971.68,0.5,141,536725113,-1112243347,3.518,2021-01-27 14:15:28
2021-01-27 14:28:02,768,85,974.66,0.5,141,536725104,-1112242896,3.518,2021-01-27 14:15:29
2021-01-27 14:28:02,768,84,977.38,0.5,142,536725102,-1112242484,3.508,2021-01-27 14:15:30
2021-01-27 14:28:02,767.8,84,980.04,0.5,141,536725085,-1112242083,3.49,2021-01-27 14:15:31
2021-01-27 14:28:02,767.8,84,983.16,0.5,142,536725059,-1112241612,3.462,2021-01-27 14:15:32
2021-01-27 14:28:02,767.6,84,986.64,0.5,142,536725040,-1112241086,3.443,2021-01-27 14:15:33
2021-01-27 14:28:02,767.6,84,986.64,0.5,142,536725040,-1112241086,3.434,2021-01-27 14:15:34
2021-01-27 14:28:02,767.8,84,990.06,0.5,141,536725059,-1112240568,3.434,2021-01-27 14:15:35
2021-01-27 14:28:02,767.4,85,996.63,0.5,143,536725122,-1112239578,3.434,2021-01-27 14:15:36
2021-01-27 14:28:02,767.6,85,1000.03,0.5,142,536725131,-1112239063,3.424,2021-01-27 14:15:37
2021-01-27 14:28:02,767.8,86,1003.71,0.5,142,536725156,-1112238507,3.424,2021-01-27 14:15:38
2021-01-27 14:28:02,767.6,86,1007.09,0.5,143,536725173,-1112237997,3.424,2021-01-27 14:15:39
2021-01-27 14:28:02,767.4,86,1010.54,0.5,143,536725190,-1112237475,3.424,2021-01-27 14:15:40
2021-01-27 14:28:02,767.4,86,1014,0.5,142,536725196,-1112236953,3.424,2021-01-27 14:15:41
2021-01-27 14:28:02,767.8,86,1017.51,0.5,143,536725211,-1112236422,3.424,2021-01-27 14:15:42
2021-01-27 14:28:02,768.4,86,1021.14,0.5,143,536725222,-1112235872,3.424,2021-01-27 14:15:43
2021-01-27 14:28:02,768.4,87,1021.14,0.5,143,536725222,-1112235872,3.434,2021-01-27 14:15:44
2021-01-27 14:28:02,769.8,87,1028.3,0.5,143,536725179,-1112234791,3.434,2021-01-27 14:15:45
2021-01-27 14:28:02,769.8,87,1028.3,0.5,143,536725179,-1112234791,3.443,2021-01-27 14:15:46
2021-01-27 14:28:02,770.2,87,1031.96,0.5,143,536725175,-1112234237,3.443,2021-01-27 14:15:47
2021-01-27 14:28:02,770.4,86,1035.51,0.5,143,536725182,-1112233700,3.443,2021-01-27 14:15:48
2021-01-27 14:28:02,770.4,86,1042.49,0.5,143,536725170,-1112232644,3.443,2021-01-27 14:15:49
2021-01-27 14:28:02,770.6,86,1046.07,0.5,143,536725175,-1112232102,3.443,2021-01-27 14:15:50
2021-01-27 14:28:02,770.8,86,1049.6,0.5,144,536725188,-1112231569,3.452,2021-01-27 14:15:51
2021-01-27 14:28:02,770.8,86,1053.23,0.5,144,536725188,-1112231020,3.452,2021-01-27 14:15:52
2021-01-27 14:28:02,771.4,87,1056.83,0.5,144,536725189,-1112230475,3.452,2021-01-27 14:15:53
2021-01-27 14:28:02,771.4,87,1060.42,0.5,143,536725171,-1112229931,3.462,2021-01-27 14:15:54
2021-01-27 14:28:02,771.2,87,1063.7,0.5,143,536725176,-1112229435,3.462,2021-01-27 14:15:55
2021-01-27 14:28:02,771.2,87,1063.7,0.5,144,536725176,-1112229435,3.462,2021-01-27 14:15:56
2021-01-27 14:28:02,771.4,87,1070.9,0.5,144,536725234,-1112228350,3.462,2021-01-27 14:15:57
2021-01-27 14:28:02,771.2,87,1074.65,0.5,144,536725263,-1112227784,3.462,2021-01-27 14:15:58
2021-01-27 14:28:02,771,86,1078.2,0.5,144,536725289,-1112227248,3.462,2021-01-27 14:15:59
2021-01-27 14:28:02,770.6,85,1081.73,0.5,144,536725265,-1112226714,3.471,2021-01-27 14:16:00
2021-01-27 14:28:02,771.2,85,1085.21,0.5,145,536725253,-1112226188,3.471,2021-01-27 14:16:01
2021-01-27 14:28:02,771.4,85,1088.94,0.5,145,536725235,-1112225623,3.471,2021-01-27 14:16:02
2021-01-27 14:28:02,772.2,85,1092.78,0.5,145,536725237,-1112225043,3.471,2021-01-27 14:16:03
2021-01-27 14:28:02,772.4,86,1096.45,0.5,145,536725236,-1112224487,3.48,2021-01-27 14:16:04
2021-01-27 14:28:02,772.4,86,1096.45,0.5,145,536725236,-1112224487,3.48,2021-01-27 14:16:05
2021-01-27 14:28:02,772,86,1103.78,0.5,146,536725265,-1112223924,3.49,2021-01-27 14:16:06
2021-01-27 14:28:02,771.6,87,1103.78,0,145,536725308,-1112223382,3.49,2021-01-27 14:16:07
2021-01-27 14:28:02,772,87,1110.98,0,145,536725367,-1112222296,3.49,2021-01-27 14:16:08
2021-01-27 14:28:02,772.6,87,1114.61,0,144,536725393,-1112221747,3.499,2021-01-27 14:16:09
2021-01-27 14:28:02,772.4,87,1118.21,0,145,536725397,-1112221204,3.499,2021-01-27 14:16:10
2021-01-27 14:28:02,772.4,87,1121.86,0.5,145,536725398,-1112220651,3.499,2021-01-27 14:16:11
2021-01-27 14:28:02,772.2,87,1125.43,0.5,145,536725407,-1112220111,3.499,2021-01-27 14:16:12
2021-01-27 14:28:02,772.2,86,1125.43,0.5,144,536725407,-1112220111,3.508,2021-01-27 14:16:13
2021-01-27 14:28:02,772,85,1128.95,0.5,145,536725409,-1112219579,3.508,2021-01-27 14:16:14
2021-01-27 14:28:02,771.8,85,1135.99,0.5,145,536725449,-1112218516,3.508,2021-01-27 14:16:15
2021-01-27 14:28:02,771.4,85,1139.5,0.5,146,536725432,-1112217985,3.508,2021-01-27 14:16:16
2021-01-27 14:28:02,771.4,85,1139.5,0.5,145,536725432,-1112217985,3.508,2021-01-27 14:16:17
2021-01-27 14:28:02,771,85,1142.97,0.5,144,536725434,-1112217460,3.508,2021-01-27 14:16:18
2021-01-27 14:28:02,770.4,85,1146.69,0.5,145,536725412,-1112216896,3.508,2021-01-27 14:16:19
2021-01-27 14:28:02,769.6,85,1154.07,0.5,144,536725374,-1112215781,3.508,2021-01-27 14:16:20
2021-01-27 14:28:02,768.6,84,1157.9,0.5,144,536725346,-1112215202,3.508,2021-01-27 14:16:21
2021-01-27 14:28:02,768.4,84,1161.56,0.5,144,536725349,-1112214649,3.518,2021-01-27 14:16:22
2021-01-27 14:28:02,768.2,84,1165.26,0.5,144,536725355,-1112214089,3.518,2021-01-27 14:16:23
2021-01-27 14:28:02,768.4,84,1169.12,0.5,144,536725398,-1112213508,3.518,2021-01-27 14:16:24
2021-01-27 14:28:02,768.2,85,1172.82,0.5,144,536725411,-1112212947,3.527,2021-01-27 14:16:25
2021-01-27 14:28:02,768.2,85,1172.82,0.5,144,536725411,-1112212947,3.527,2021-01-27 14:16:26
2021-01-27 14:28:02,767.8,85,1179.82,0.5,145,536725418,-1112211890,3.536,2021-01-27 14:16:27
2021-01-27 14:28:02,768,85,1183.02,0.5,146,536725392,-1112211408,3.536,2021-01-27 14:16:28
2021-01-27 14:28:02,768,85,1183.02,0.5,145,536725392,-1112211408,3.536,2021-01-27 14:16:29
2021-01-27 14:28:02,768,85,1186.36,0.5,145,536725383,-1112210903,3.527,2021-01-27 14:16:30
2021-01-27 14:28:02,768.6,85,1193.33,0.5,145,536725382,-1112209848,3.527,2021-01-27 14:16:31
2021-01-27 14:28:02,769,85,1197.03,0.5,145,536725389,-1112209288,3.518,2021-01-27 14:16:32
2021-01-27 14:28:02,769.4,85,1200.77,0.5,145,536725409,-1112208723,3.518,2021-01-27 14:16:33
2021-01-27 14:28:02,769.4,85,1204.55,0.5,144,536725431,-1112208152,3.527,2021-01-27 14:16:34
2021-01-27 14:28:02,769.4,85,1204.55,0.5,145,536725431,-1112208152,3.536,2021-01-27 14:16:35
2021-01-27 14:28:02,769.4,85,1211.57,0.5,144,536725449,-1112207090,3.555,2021-01-27 14:16:36
2021-01-27 14:28:02,769.8,84,1214.97,0.5,145,536725463,-1112206576,3.555,2021-01-27 14:16:37
2021-01-27 14:28:02,770.4,84,1218.52,0.5,145,536725510,-1112206043,3.555,2021-01-27 14:16:38
2021-01-27 14:28:02,770.4,84,1222.25,0.5,145,536725525,-1112205477,3.555,2021-01-27 14:16:39
2021-01-27 14:28:02,771,84,1225.9,0.5,145,536725545,-1112204925,3.555,2021-01-27 14:16:40
2021-01-27 14:28:02,771.6,85,1229.35,0.5,144,536725568,-1112204405,3.564,2021-01-27 14:16:41
2021-01-27 14:28:02,771.8,85,1232.83,0.5,144,536725584,-1112203878,3.564,2021-01-27 14:16:42
2021-01-27 14:28:02,772.2,84,1236.43,0.5,144,536725572,-1112203334,3.564,2021-01-27 14:16:43
2021-01-27 14:28:02,772.2,84,1236.43,0.5,144,536725572,-1112203334,3.564,2021-01-27 14:16:44
2021-01-27 14:28:02,772,84,1243.58,0.5,143,536725572,-1112202252,3.564,2021-01-27 14:16:45
2021-01-27 14:28:02,772,84,1247.38,0.5,144,536725581,-1112201677,3.564,2021-01-27 14:16:46
2021-01-27 14:28:02,771.8,85,1251.02,0.5,144,536725590,-1112201127,3.564,2021-01-27 14:16:47
2021-01-27 14:28:02,771.6,85,1254.76,0.5,145,536725587,-1112200562,3.574,2021-01-27 14:16:48
2021-01-27 14:28:02,772.2,85,1258.51,0.5,145,536725604,-1112199994,3.574,2021-01-27 14:16:49
2021-01-27 14:28:02,772.4,85,1262.14,0.5,145,536725627,-1112199445,3.574,2021-01-27 14:16:50
2021-01-27 14:28:02,772.6,85,1265.7,0.5,146,536725656,-1112198907,3.583,2021-01-27 14:16:51
2021-01-27 14:28:02,772.8,85,1269.45,0.5,146,536725683,-1112198341,3.583,2021-01-27 14:16:52
2021-01-27 14:28:02,772.6,85,1273.13,0.5,146,536725679,-1112197784,3.583,2021-01-27 14:16:53
2021-01-27 14:28:02,773,86,1276.87,0.5,144,536725688,-1112197219,3.592,2021-01-27 14:16:54
2021-01-27 14:28:02,772.8,86,1280.44,0.5,145,536725690,-1112196679,3.602,2021-01-27 14:16:55
2021-01-27 14:28:02,773,86,1283.79,0.5,145,536725718,-1112196172,3.602,2021-01-27 14:16:56
2021-01-27 14:28:02,773.2,86,1286.95,0.5,146,536725719,-1112195694,3.602,2021-01-27 14:16:57
2021-01-27 14:28:02,772.8,86,1290.39,0.5,146,536725721,-1112195174,3.602,2021-01-27 14:16:58
2021-01-27 14:28:02,772.6,86,1293.95,0.5,145,536725720,-1112194635,3.592,2021-01-27 14:16:59
2021-01-27 14:28:02,772.4,86,1297.53,0.5,146,536725706,-1112194094,3.592,2021-01-27 14:17:00
2021-01-27 14:28:02,772.6,87,1301.21,0.5,145,536725681,-1112193538,3.592,2021-01-27 14:17:01
2021-01-27 14:28:02,772.6,87,1301.21,0.5,146,536725681,-1112193538,3.592,2021-01-27 14:17:02
2021-01-27 14:28:02,772.4,87,1304.96,0.5,145,536725649,-1112192971,3.592,2021-01-27 14:17:03
2021-01-27 14:28:02,772.4,87,1312.65,0.5,145,536725665,-1112191808,3.602,2021-01-27 14:17:04
2021-01-27 14:28:02,772,85,1316.2,0.5,145,536725688,-1112191272,3.602,2021-01-27 14:17:05
2021-01-27 14:28:02,772,85,1319.95,0.5,145,536725711,-1112190706,3.611,2021-01-27 14:17:06
2021-01-27 14:28:02,772,85,1323.74,0.5,145,536725729,-1112190132,3.639,2021-01-27 14:17:07
2021-01-27 14:28:02,772,84,1327.38,0.5,145,536725700,-1112189583,3.639,2021-01-27 14:17:08
2021-01-27 14:28:02,772.2,84,1330.96,0.5,146,536725665,-1112189043,3.658,2021-01-27 14:17:09
2021-01-27 14:28:02,772.2,84,1330.96,0.5,145,536725665,-1112189043,3.658,2021-01-27 14:17:10
2021-01-27 14:28:02,772.2,84,1334.41,0.5,146,536725632,-1112188524,3.658,2021-01-27 14:17:11
2021-01-27 14:28:02,771.8,84,1337.96,0.5,146,536725592,-1112187989,3.648,2021-01-27 14:17:12
2021-01-27 14:28:02,771.8,84,1341.31,0.5,146,536725605,-1112187482,3.648,2021-01-27 14:17:13
2021-01-27 14:28:02,771.8,87,1344.58,0.5,146,536725608,-1112186987,3.639,2021-01-27 14:17:14
2021-01-27 14:28:02,771.8,88,1348.01,0.5,146,536725635,-1112186470,3.639,2021-01-27 14:17:15
2021-01-27 14:28:02,772,88,1354.81,0.5,146,536725689,-1112185444,3.63,2021-01-27 14:17:16
2021-01-27 14:28:02,772.2,88,1358.14,0.5,147,536725716,-1112184940,3.63,2021-01-27 14:17:17
2021-01-27 14:28:02,772.2,88,1361.42,0.5,146,536725728,-1112184444,3.62,2021-01-27 14:17:18
2021-01-27 14:28:02,772.2,86,1364.77,0.5,147,536725752,-1112183937,3.611,2021-01-27 14:17:19
2021-01-27 14:28:02,772,86,1368.08,0.5,147,536725776,-1112183438,3.611,2021-01-27 14:17:20
2021-01-27 14:28:02,772,86,1371.55,0.5,148,536725818,-1112182916,3.602,2021-01-27 14:17:21
2021-01-27 14:28:02,772.2,86,1375.13,0.5,148,536725825,-1112182375,3.592,2021-01-27 14:17:22
2021-01-27 14:28:02,772.2,86,1378.65,0.5,147,536725828,-1112181842,3.592,2021-01-27 14:17:23
2021-01-27 14:28:02,772.2,86,1378.65,0.5,147,536725828,-1112181842,3.592,2021-01-27 14:17:24
2021-01-27 14:28:02,772.6,85,1385.26,0.5,147,536725862,-1112180843,3.592,2021-01-27 14:17:25
2021-01-27 14:28:02,773,85,1388.63,0.5,146,536725849,-1112180333,3.583,2021-01-27 14:17:26
2021-01-27 14:28:02,773,85,1392.01,0.5,147,536725778,-1112179831,3.583,2021-01-27 14:17:27
2021-01-27 14:28:02,773.6,85,1395.56,0.5,147,536725705,-1112179304,3.574,2021-01-27 14:17:28
2021-01-27 14:28:02,774,85,1398.8,0.5,148,536725661,-1112178818,3.574,2021-01-27 14:17:29
2021-01-27 14:28:02,774.4,85,1401.67,0.5,149,536725675,-1112178380,3.574,2021-01-27 14:17:30
2021-01-27 14:28:02,774.8,84,1404.5,0.5,148,536725728,-1112177955,3.564,2021-01-27 14:17:31
2021-01-27 14:28:02,774.8,84,1407.53,0.5,147,536725765,-1112177497,3.536,2021-01-27 14:17:32
2021-01-27 14:28:02,774.8,84,1410.85,0.5,146,536725830,-1112177003,3.499,2021-01-27 14:17:33
2021-01-27 14:28:02,774.6,84,1414.51,0.5,145,536725893,-1112176456,3.499,2021-01-27 14:17:34
2021-01-27 14:28:02,774.6,84,1414.51,0.5,144,536725893,-1112176456,3.499,2021-01-27 14:17:35
2021-01-27 14:28:02,775.2,84,1418.22,0.5,144,536725944,-1112175899,3.49,2021-01-27 14:17:36
2021-01-27 14:28:02,775.8,84,1425.2,0.5,144,536725920,-1112174843,3.499,2021-01-27 14:17:37
2021-01-27 14:28:02,776.2,85,1428.69,0.5,144,536725908,-1112174316,3.499,2021-01-27 14:17:38
2021-01-27 14:28:02,776.4,85,1432.09,0.5,144,536725905,-1112173802,3.49,2021-01-27 14:17:39
2021-01-27 14:28:02,776.4,85,1435.57,0.5,144,536725865,-1112173278,3.49,2021-01-27 14:17:40
2021-01-27 14:28:02,776.8,84,1438.87,0.5,144,536725836,-1112172779,3.49,2021-01-27 14:17:41
2021-01-27 14:28:02,777.4,84,1442.4,0.5,145,536725866,-1112172245,3.48,2021-01-27 14:17:42
2021-01-27 14:28:02,777.6,84,1446.08,0.5,145,536725905,-1112171691,3.48,2021-01-27 14:17:43
2021-01-27 14:28:02,777.6,84,1449.75,0.5,144,536725934,-1112171137,3.48,2021-01-27 14:17:44
2021-01-27 14:28:02,777.2,85,1453.61,0.5,144,536725944,-1112170554,3.49,2021-01-27 14:17:45
2021-01-27 14:28:02,777.2,86,1453.61,0.5,144,536725944,-1112170554,3.49,2021-01-27 14:17:46
2021-01-27 14:28:02,776.8,86,1457.39,0.5,144,536725950,-1112169982,3.499,2021-01-27 14:17:47
2021-01-27 14:28:02,776.2,86,1461.27,0.5,144,536725967,-1112169396,3.499,2021-01-27 14:17:48
2021-01-27 14:28:02,775.8,87,1465.15,0.5,143,536725971,-1112168809,3.499,2021-01-27 14:17:49
2021-01-27 14:28:02,774.8,87,1473.05,0.5,144,536725982,-1112167613,3.499,2021-01-27 14:17:50
2021-01-27 14:28:02,774.4,86,1476.76,0.5,144,536725998,-1112167051,3.508,2021-01-27 14:17:51
2021-01-27 14:28:02,774,84,1480.6,0.5,144,536725988,-1112166471,3.508,2021-01-27 14:17:52
2021-01-27 14:28:02,774,84,1480.6,0.5,143,536725988,-1112166471,3.518,2021-01-27 14:17:53
2021-01-27 14:28:02,773.4,84,1488.3,0.5,144,536725904,-1112165312,3.518,2021-01-27 14:17:54
2021-01-27 14:28:02,773.2,84,1492.24,0.5,144,536725864,-1112164719,3.527,2021-01-27 14:17:55
2021-01-27 14:28:02,773.2,84,1495.77,0.5,144,536725843,-1112164185,3.536,2021-01-27 14:17:56
2021-01-27 14:28:02,773.2,84,1495.77,0.5,144,536725843,-1112164185,3.536,2021-01-27 14:17:57
2021-01-27 14:28:02,773.4,84,1498.78,0.5,144,536725842,-1112163729,3.536,2021-01-27 14:17:58
2021-01-27 14:28:02,773,84,1501.78,0.5,144,536725901,-1112163284,3.527,2021-01-27 14:17:59
2021-01-27 14:28:02,771.2,84,1506.66,0.5,145,536725974,-1112162559,3.527,2021-01-27 14:18:00
2021-01-27 14:28:02,769.8,84,1509.88,0.5,144,536726061,-1112162086,3.508,2021-01-27 14:18:01
2021-01-27 14:28:02,769,84,1513.22,0.5,145,536726099,-1112161584,3.48,2021-01-27 14:18:02
2021-01-27 14:28:02,769,84,1513.22,0.5,144,536726099,-1112161584,3.48,2021-01-27 14:18:03
2021-01-27 14:28:02,766.6,84,1519.9,0.5,145,536726124,-1112160574,3.48,2021-01-27 14:18:04
2021-01-27 14:28:02,766.6,85,1523.6,0.5,145,536726134,-1112160014,3.471,2021-01-27 14:18:05
2021-01-27 14:28:02,766.6,85,1527.32,0.5,145,536726118,-1112159451,3.471,2021-01-27 14:18:06
2021-01-27 14:28:02,766.8,84,1531.23,0.5,145,536726113,-1112158860,3.48,2021-01-27 14:18:07
2021-01-27 14:28:02,767.4,84,1535.04,0.5,145,536726126,-1112158282,3.48,2021-01-27 14:18:08
2021-01-27 14:28:02,767.4,84,1535.04,0.5,146,536726126,-1112158282,3.49,2021-01-27 14:18:09
2021-01-27 14:28:02,768.2,84,1542.71,0.5,147,536726142,-1112157123,3.499,2021-01-27 14:18:10
2021-01-27 14:28:02,768.4,84,1546.32,0.5,146,536726150,-1112156577,3.508,2021-01-27 14:18:11
2021-01-27 14:28:02,769.2,84,1549.99,0.5,147,536726181,-1112156022,3.508,2021-01-27 14:18:12
2021-01-27 14:28:02,770,84,1553.44,0.5,148,536726205,-1112155501,3.508,2021-01-27 14:18:13
2021-01-27 14:28:02,771,84,1556.96,0.5,147,536726233,-1112154970,3.508,2021-01-27 14:18:14
2021-01-27 14:28:02,771.6,84,1560.55,0.5,147,536726229,-1112154425,3.508,2021-01-27 14:18:15
2021-01-27 14:28:02,772.2,84,1563.82,0.5,147,536726242,-1112153931,3.508,2021-01-27 14:18:16
2021-01-27 14:28:02,773,84,1566.96,0.5,146,536726257,-1112153457,3.508,2021-01-27 14:18:17
2021-01-27 14:28:02,773.2,86,1570.33,0,146,536726265,-1112152947,3.508,2021-01-27 14:18:18
2021-01-27 14:28:02,773.6,87,1573.93,0.5,146,536726255,-1112152403,3.499,2021-01-27 14:18:19
2021-01-27 14:28:02,774.4,87,1577.57,0.5,145,536726242,-1112151852,3.499,2021-01-27 14:18:20
2021-01-27 14:28:02,775.2,87,1581.06,0.5,145,536726248,-1112151323,3.499,2021-01-27 14:18:21
2021-01-27 14:28:02,775.4,86,1584.52,0.5,146,536726248,-1112150800,3.508,2021-01-27 14:18:22
2021-01-27 14:28:02,775.8,86,1587.82,0.5,146,536726255,-1112150301,3.508,2021-01-27 14:18:23
2021-01-27 14:28:02,776.2,86,1591.1,0.5,146,536726266,-1112149805,3.508,2021-01-27 14:18:24
2021-01-27 14:28:02,776.4,85,1594.66,0.5,146,536726281,-1112149266,3.508,2021-01-27 14:18:25
2021-01-27 14:28:02,776.6,85,1598.01,0.5,146,536726296,-1112148761,3.508,2021-01-27 14:18:26
2021-01-27 14:28:02,776.8,85,1601.23,0.5,145,536726299,-1112148273,3.508,2021-01-27 14:18:27
2021-01-27 14:28:02,776.8,85,1604.2,0.5,145,536726244,-1112147831,3.499,2021-01-27 14:18:28
2021-01-27 14:28:02,776.8,85,1607.23,0.5,145,536726104,-1112147416,3.499,2021-01-27 14:18:29
2021-01-27 14:28:02,776.8,85,1607.23,0.5,145,536726104,-1112147416,3.471,2021-01-27 14:18:30
2021-01-27 14:28:02,776.6,86,1610.31,0.5,145,536725899,-1112147050,3.462,2021-01-27 14:18:31
2021-01-27 14:28:02,776,86,1615.59,0.5,145,536725668,-1112146327,3.452,2021-01-27 14:18:32
2021-01-27 14:28:02,776.2,86,1618.03,0.5,145,536725724,-1112145967,3.415,2021-01-27 14:18:33
2021-01-27 14:28:02,776.8,87,1621,0,144,536725836,-1112145546,3.378,2021-01-27 14:18:34
2021-01-27 14:28:02,777,87,1624.35,0,144,536725978,-1112145081,3.331,2021-01-27 14:18:35
2021-01-27 14:28:02,776.6,87,1627.69,0,144,536726150,-1112144636,3.331,2021-01-27 14:18:36
2021-01-27 14:28:02,776,87,1630.95,0,144,536726284,-1112144181,3.34,2021-01-27 14:18:37
2021-01-27 14:28:02,776,87,1630.95,0,144,536726284,-1112144181,3.35,2021-01-27 14:18:38
2021-01-27 14:28:02,776,87,1634.04,0,144,536726354,-1112143724,3.35,2021-01-27 14:18:39
2021-01-27 14:28:02,775,86,1640.09,0.5,144,536726332,-1112142809,3.35,2021-01-27 14:18:40
2021-01-27 14:28:02,775,86,1640.09,0.5,145,536726332,-1112142809,3.312,2021-01-27 14:18:41
2021-01-27 14:28:02,774.6,87,1646.96,0.5,144,536726259,-1112141774,3.312,2021-01-27 14:18:42
2021-01-27 14:28:02,774.6,87,1650.36,0.5,143,536726275,-1112141261,3.312,2021-01-27 14:18:43
2021-01-27 14:28:02,773.6,86,1653.47,0.5,144,536726300,-1112140792,3.331,2021-01-27 14:18:44
2021-01-27 14:28:02,773,86,1656.52,0.5,144,536726323,-1112140332,3.331,2021-01-27 14:18:45
2021-01-27 14:28:02,772.8,85,1659.68,0.5,145,536726334,-1112139853,3.312,2021-01-27 14:18:46
2021-01-27 14:28:02,773.4,85,1662.89,0.5,145,536726362,-1112139367,3.303,2021-01-27 14:18:47
2021-01-27 14:28:02,773.6,87,1666.15,0.5,145,536726372,-1112138875,3.294,2021-01-27 14:18:48
2021-01-27 14:28:02,774,88,1669.53,0.5,146,536726396,-1112138365,3.294,2021-01-27 14:18:49
2021-01-27 14:28:02,774.6,89,1672.84,0.5,146,536726427,-1112137866,3.284,2021-01-27 14:18:50
2021-01-27 14:28:02,774.6,90,1676.23,0.5,146,536726425,-1112137353,3.303,2021-01-27 14:18:51
2021-01-27 14:28:02,774.4,90,1679.47,0.5,147,536726422,-1112136863,3.312,2021-01-27 14:18:52
2021-01-27 14:28:02,774.2,89,1683.07,0.5,146,536726423,-1112136318,3.312,2021-01-27 14:18:53
2021-01-27 14:28:02,774,89,1686.62,0.5,146,536726399,-1112135782,3.312,2021-01-27 14:18:54
2021-01-27 14:28:02,773.6,87,1690.14,0.5,146,536726355,-1112135253,3.331,2021-01-27 14:18:55
2021-01-27 14:28:02,773.6,87,1693.57,0.5,147,536726319,-1112134736,3.35,2021-01-27 14:18:56
2021-01-27 14:28:02,773.6,87,1696.89,0.5,146,536726280,-1112134238,3.35,2021-01-27 14:18:57
2021-01-27 14:28:02,774,88,1700.21,0.5,146,536726268,-1112133735,3.359,2021-01-27 14:18:58
2021-01-27 14:28:02,774.2,88,1703.55,0.5,146,536726272,-1112133230,3.359,2021-01-27 14:18:59
2021-01-27 14:28:02,774.6,88,1706.9,0.5,147,536726298,-1112132724,3.359,2021-01-27 14:19:00
2021-01-27 14:28:02,774.6,88,1710.34,0.5,146,536726311,-1112132204,3.359,2021-01-27 14:19:01
2021-01-27 14:28:02,773.8,87,1713.97,0.5,146,536726323,-1112131654,3.368,2021-01-27 14:19:02
2021-01-27 14:28:02,773.8,87,1713.97,0.5,146,536726323,-1112131654,3.368,2021-01-27 14:19:03
2021-01-27 14:28:02,774.2,87,1721.16,0.5,146,536726323,-1112130567,3.378,2021-01-27 14:19:04
2021-01-27 14:28:02,774.2,86,1725,0.5,146,536726348,-1112129987,3.378,2021-01-27 14:19:05
2021-01-27 14:28:02,774.2,86,1728.85,0.5,145,536726378,-1112129406,3.387,2021-01-27 14:19:06
2021-01-27 14:28:02,774.4,86,1732.51,0.5,145,536726404,-1112128853,3.406,2021-01-27 14:19:07
2021-01-27 14:28:02,774.8,86,1735.94,0.5,145,536726434,-1112128335,3.424,2021-01-27 14:19:08
2021-01-27 14:28:02,774.6,86,1739.61,0.5,145,536726429,-1112127781,3.434,2021-01-27 14:19:09
2021-01-27 14:28:02,774.8,86,1743.12,0.5,145,536726417,-1112127250,3.443,2021-01-27 14:19:10
2021-01-27 14:28:02,774.4,86,1746.65,0.5,145,536726401,-1112126716,3.452,2021-01-27 14:19:11
2021-01-27 14:28:02,774.4,86,1750.23,0.5,146,536726383,-1112126174,3.452,2021-01-27 14:19:12
2021-01-27 14:28:02,774.4,85,1753.57,0.5,147,536726334,-1112125673,3.462,2021-01-27 14:19:13
2021-01-27 14:28:02,774.4,85,1753.57,0.5,147,536726334,-1112125673,3.462,2021-01-27 14:19:14
2021-01-27 14:28:02,774.6,85,1756.82,0.5,147,536726329,-1112125181,3.452,2021-01-27 14:19:15
2021-01-27 14:28:02,775.4,86,1763.19,0.5,147,536726327,-1112124218,3.452,2021-01-27 14:19:16
2021-01-27 14:28:02,775.6,87,1766.44,0.5,146,536726338,-1112123727,3.452,2021-01-27 14:19:17
2021-01-27 14:28:02,775.8,87,1769.88,0.5,146,536726383,-1112123210,3.443,2021-01-27 14:19:18
2021-01-27 14:28:02,776,88,1773.3,0.5,146,536726419,-1112122694,3.443,2021-01-27 14:19:19
2021-01-27 14:28:02,776.4,88,1776.79,0.5,146,536726451,-1112122169,3.443,2021-01-27 14:19:20
2021-01-27 14:28:02,776.6,88,1780.18,0.5,146,536726470,-1112121656,3.443,2021-01-27 14:19:21
2021-01-27 14:28:02,776.8,88,1783.26,0.5,146,536726482,-1112121191,3.443,2021-01-27 14:19:22
2021-01-27 14:28:02,777,87,1786.19,0.5,146,536726461,-1112120747,3.443,2021-01-27 14:19:23
2021-01-27 14:28:02,777.8,87,1789.03,0.5,146,536726461,-1112120317,3.434,2021-01-27 14:19:24
2021-01-27 14:28:02,777.8,87,1789.03,0.5,146,536726461,-1112120317,3.424,2021-01-27 14:19:25
2021-01-27 14:28:02,778,87,1792.16,0.5,147,536726476,-1112119843,3.424,2021-01-27 14:19:26
2021-01-27 14:28:02,777.8,87,1798.5,0.5,146,536726462,-1112118885,3.415,2021-01-27 14:19:27
2021-01-27 14:28:02,777.4,87,1801.76,0.5,146,536726433,-1112118392,3.415,2021-01-27 14:19:28
2021-01-27 14:28:02,777.4,87,1805.07,0.5,147,536726443,-1112117893,3.406,2021-01-27 14:19:29
2021-01-27 14:28:02,777.2,87,1808.54,0.5,147,536726423,-1112117368,3.406,2021-01-27 14:19:30
2021-01-27 14:28:02,777,87,1812.1,0.5,146,536726397,-1112116830,3.396,2021-01-27 14:19:31
2021-01-27 14:28:02,776.8,87,1815.81,0.5,146,536726394,-1112116270,3.396,2021-01-27 14:19:32
2021-01-27 14:28:02,776.6,86,1819.68,0.5,146,536726428,-1112115685,3.406,2021-01-27 14:19:33
2021-01-27 14:28:02,775.8,86,1823.47,0.5,145,536726449,-1112115113,3.406,2021-01-27 14:19:34
2021-01-27 14:28:02,775.4,86,1827.14,0.5,145,536726496,-1112114561,3.415,2021-01-27 14:19:35
2021-01-27 14:28:02,775.4,87,1827.14,0.5,145,536726496,-1112114561,3.415,2021-01-27 14:19:36
2021-01-27 14:28:02,775,87,1830.88,0.5,144,536726529,-1112113998,3.424,2021-01-27 14:19:37
2021-01-27 14:28:02,774.2,87,1837.91,0.5,145,536726552,-1112112935,3.434,2021-01-27 14:19:38
2021-01-27 14:28:02,773.6,87,1840.92,0.5,145,536726538,-1112112480,3.434,2021-01-27 14:19:39
2021-01-27 14:28:02,773.6,88,1844.02,0.5,145,536726535,-1112112010,3.434,2021-01-27 14:19:40
2021-01-27 14:28:02,773.4,88,1847.18,0.5,144,536726524,-1112111532,3.434,2021-01-27 14:19:41
2021-01-27 14:28:02,773.2,87,1850.57,0.5,146,536726527,-1112111020,3.434,2021-01-27 14:19:42
2021-01-27 14:28:02,773.2,87,1850.57,0.5,145,536726527,-1112111020,3.434,2021-01-27 14:19:43
2021-01-27 14:28:02,772.8,87,1857.4,0.5,145,536726559,-1112109987,3.434,2021-01-27 14:19:44
2021-01-27 14:28:02,772.8,87,1860.34,0.5,145,536726588,-1112109544,3.434,2021-01-27 14:19:45
2021-01-27 14:28:02,772.8,88,1862.97,0.5,145,536726621,-1112109148,3.434,2021-01-27 14:19:46
2021-01-27 14:28:02,772.6,88,1865.95,0.5,146,536726626,-1112108698,3.424,2021-01-27 14:19:47
2021-01-27 14:28:02,772,88,1869.31,0.5,145,536726615,-1112108190,3.387,2021-01-27 14:19:48
2021-01-27 14:28:02,771,88,1872.44,0.5,145,536726545,-1112107727,3.387,2021-01-27 14:19:49
2021-01-27 14:28:02,771,88,1875.43,0.5,146,536726507,-1112107277,3.387,2021-01-27 14:19:50
2021-01-27 14:28:02,770.4,88,1878.96,0.5,145,536726504,-1112106744,3.378,2021-01-27 14:19:51
2021-01-27 14:28:02,770,87,1882.58,0.5,145,536726499,-1112106195,3.368,2021-01-27 14:19:52
2021-01-27 14:28:02,770.4,87,1886.24,0.5,145,536726504,-1112105642,3.368,2021-01-27 14:19:53
2021-01-27 14:28:02,769.8,87,1889.87,0.5,146,536726493,-1112105094,3.368,2021-01-27 14:19:54
2021-01-27 14:28:02,769.6,87,1893.72,0.5,145,536726499,-1112104511,3.378,2021-01-27 14:19:55
2021-01-27 14:28:02,769.4,87,1897.59,0.5,146,536726505,-1112103925,3.378,2021-01-27 14:19:56
2021-01-27 14:28:02,769.4,87,1901.4,0.5,146,536726523,-1112103348,3.387,2021-01-27 14:19:57
2021-01-27 14:28:02,769.2,87,1905.04,0.5,145,536726538,-1112102798,3.387,2021-01-27 14:19:58
2021-01-27 14:28:02,769.2,86,1905.04,0.5,144,536726538,-1112102798,3.396,2021-01-27 14:19:59
2021-01-27 14:28:02,769.4,86,1912.06,0.5,145,536726580,-1112101739,3.406,2021-01-27 14:20:00
2021-01-27 14:28:02,769.2,87,1915.61,0,145,536726508,-1112101212,3.406,2021-01-27 14:20:01
2021-01-27 14:28:02,769,87,1919.24,0,145,536726422,-1112100677,3.415,2021-01-27 14:20:02
2021-01-27 14:28:02,769.2,87,1922.76,0,145,536726355,-1112100152,3.415,2021-01-27 14:20:03
2021-01-27 14:28:02,769.4,87,1926.21,0,145,536726316,-1112099632,3.415,2021-01-27 14:20:04
2021-01-27 14:28:02,769.4,87,1929.71,0,145,536726314,-1112099102,3.424,2021-01-27 14:20:05
2021-01-27 14:28:02,769.6,88,1933.01,0.5,145,536726338,-1112098603,3.424,2021-01-27 14:20:06
2021-01-27 14:28:02,769.8,88,1936.43,0.5,146,536726358,-1112098087,3.424,2021-01-27 14:20:07
2021-01-27 14:28:02,769.8,87,1936.43,0.5,145,536726358,-1112098087,3.424,2021-01-27 14:20:08
2021-01-27 14:28:02,770.8,87,1943.05,0.5,146,536726432,-1112097089,3.424,2021-01-27 14:20:09
2021-01-27 14:28:02,771.2,88,1946.6,0.5,147,536726505,-1112096563,3.424,2021-01-27 14:20:10
2021-01-27 14:28:02,771.6,88,1950.04,0.5,146,536726579,-1112096051,3.424,2021-01-27 14:20:11
2021-01-27 14:28:02,771.8,87,1953.65,0.5,147,536726615,-1112095507,3.424,2021-01-27 14:20:12
2021-01-27 14:28:02,771.8,87,1953.65,0.5,147,536726615,-1112095507,3.424,2021-01-27 14:20:13
2021-01-27 14:28:02,772.6,87,1961.36,0.5,146,536726651,-1112094342,3.424,2021-01-27 14:20:14
2021-01-27 14:28:02,772.6,87,1961.36,0.5,146,536726651,-1112094342,3.434,2021-01-27 14:20:15
2021-01-27 14:28:02,772.8,86,1968.55,0.5,146,536726747,-1112093262,3.434,2021-01-27 14:20:16
2021-01-27 14:28:02,772.8,85,1971.85,0.5,146,536726764,-1112092763,3.443,2021-01-27 14:20:17
2021-01-27 14:28:02,772.8,85,1975.23,0.5,146,536726764,-1112092763,3.443,2021-01-27 14:20:18
2021-01-27 14:28:02,772.8,85,1975.23,0.5,146,536726799,-1112092255,3.443,2021-01-27 14:20:19
2021-01-27 14:28:02,772.2,85,1978.62,0.5,146,536726836,-1112091744,3.443,2021-01-27 14:20:20
2021-01-27 14:28:02,771.8,85,1985.34,0.5,146,536726781,-1112090730,3.443,2021-01-27 14:20:21
2021-01-27 14:28:02,771.8,85,1988.82,0.5,147,536726767,-1112090203,3.443,2021-01-27 14:20:22
2021-01-27 14:28:02,771,85,1992.38,0.5,147,536726750,-1112089663,3.434,2021-01-27 14:20:23
2021-01-27 14:28:02,770.8,85,1996.06,0.5,147,536726757,-1112089106,3.434,2021-01-27 14:20:24
2021-01-27 14:28:02,770.8,85,1999.78,0.5,146,536726773,-1112088544,3.443,2021-01-27 14:20:25
2021-01-27 14:28:02,771.4,85,2003.33,0.5,147,536726780,-1112088007,3.443,2021-01-27 14:20:26
2021-01-27 14:28:02,772,84,2006.7,0.5,147,536726777,-1112087497,3.443,2021-01-27 14:20:27
2021-01-27 14:28:02,772.8,84,2010.14,0.5,147,536726768,-1112086977,3.443,2021-01-27 14:20:28
2021-01-27 14:28:02,772.8,84,2010.14,0.5,147,536726768,-1112086977,3.443,2021-01-27 14:20:29
2021-01-27 14:28:02,773.6,85,2017.43,0.5,147,536726794,-1112085875,3.452,2021-01-27 14:20:30
2021-01-27 14:28:02,773.6,85,2017.43,0.5,147,536726794,-1112085875,3.452,2021-01-27 14:20:31
2021-01-27 14:28:02,773.4,85,2024.66,0.5,148,536726781,-1112084782,3.452,2021-01-27 14:20:32
2021-01-27 14:28:02,773.4,85,2028.07,0.5,147,536726766,-1112084265,3.452,2021-01-27 14:20:33
2021-01-27 14:28:02,773,84,2031.48,0.5,148,536726748,-1112083749,3.452,2021-01-27 14:20:34
2021-01-27 14:28:02,772.8,84,2034.82,0.5,148,536726728,-1112083244,3.452,2021-01-27 14:20:35
2021-01-27 14:28:02,772.8,85,2034.82,0.5,147,536726728,-1112083244,3.452,2021-01-27 14:20:36
2021-01-27 14:28:02,772.2,85,2042.15,0.5,149,536726709,-1112082693,3.452,2021-01-27 14:20:37
2021-01-27 14:28:02,771.8,85,2045.81,0.5,149,536726707,-1112081583,3.452,2021-01-27 14:20:38
2021-01-27 14:28:02,772.4,84,2049.35,0.5,148,536726728,-1112081046,3.452,2021-01-27 14:20:39
2021-01-27 14:28:02,772.4,84,2052.92,0.5,147,536726728,-1112080506,3.462,2021-01-27 14:20:40
2021-01-27 14:28:02,772.4,83,2052.92,0.5,146,536726728,-1112080506,3.462,2021-01-27 14:20:41
2021-01-27 14:28:02,772.4,83,2059.84,0.5,146,536726745,-1112079460,3.462,2021-01-27 14:20:42
2021-01-27 14:28:02,772.4,83,2059.84,0.5,146,536726745,-1112079460,3.462,2021-01-27 14:20:43
2021-01-27 14:28:02,773.2,83,2066.68,0.5,148,536726767,-1112078423,3.452,2021-01-27 14:20:44
2021-01-27 14:28:02,773.4,83,2070.32,0.5,148,536726767,-1112078423,3.452,2021-01-27 14:20:45
2021-01-27 14:28:02,773.8,83,2074.04,0.5,147,536726801,-1112077309,3.452,2021-01-27 14:20:46
2021-01-27 14:28:02,773.8,84,2074.04,0.5,147,536726801,-1112077309,3.452,2021-01-27 14:20:47
2021-01-27 14:28:02,774.4,84,2081.43,0.5,147,536726833,-1112076191,3.462,2021-01-27 14:20:48
2021-01-27 14:28:02,774.4,84,2085.04,0.5,148,536726837,-1112075644,3.462,2021-01-27 14:20:49
2021-01-27 14:28:02,773.8,84,2088.41,0.5,148,536726834,-1112075134,3.471,2021-01-27 14:20:50
2021-01-27 14:28:02,773.6,84,2091.74,0.5,147,536726834,-1112075134,3.471,2021-01-27 14:20:51
2021-01-27 14:28:02,773.2,84,2095.25,0.5,147,536726824,-1112074099,3.471,2021-01-27 14:20:52
2021-01-27 14:28:02,773.2,83,2095.25,0.5,147,536726824,-1112074099,3.471,2021-01-27 14:20:53
2021-01-27 14:28:02,772.6,83,2098.69,0.5,146,536726809,-1112073579,3.471,2021-01-27 14:20:54
2021-01-27 14:28:02,772.4,83,2102.35,0.5,146,536726811,-1112073026,3.462,2021-01-27 14:20:55
2021-01-27 14:28:02,772.6,83,2108.68,0.5,146,536726850,-1112072070,3.462,2021-01-27 14:20:56
2021-01-27 14:28:02,772.8,84,2111.82,0.5,146,536726887,-1112071595,3.443,2021-01-27 14:20:57
2021-01-27 14:28:02,772.8,84,2115.1,0.5,146,536726892,-1112071098,3.434,2021-01-27 14:20:58
2021-01-27 14:28:02,772.8,84,2115.1,0.5,146,536726892,-1112071098,3.424,2021-01-27 14:20:59
2021-01-27 14:28:02,772.8,84,2122.86,0,146,536726905,-1112069924,3.424,2021-01-27 14:21:00
2021-01-27 14:28:02,773.2,84,2126.79,0,146,536726944,-1112069332,3.434,2021-01-27 14:21:01
2021-01-27 14:28:02,773.4,84,2130.57,0,146,536726981,-1112068761,3.452,2021-01-27 14:21:02
2021-01-27 14:28:02,773.4,83,2130.57,0,146,536726981,-1112068761,3.462,2021-01-27 14:21:03
2021-01-27 14:28:02,773.6,83,2134.16,0,146,536727024,-1112068221,3.471,2021-01-27 14:21:04
2021-01-27 14:28:02,773.2,84,2137.81,0,146,536727025,-1112067669,3.48,2021-01-27 14:21:05
2021-01-27 14:28:02,773,85,2140.95,0.5,146,536727005,-1112067195,3.48,2021-01-27 14:21:06
2021-01-27 14:28:02,772.4,85,2144.22,0.5,146,536726972,-1112066702,3.48,2021-01-27 14:21:07
2021-01-27 14:28:02,772.2,85,2147.75,0.5,146,536726939,-1112066169,3.48,2021-01-27 14:21:08
2021-01-27 14:28:02,772.2,85,2151.29,0.5,146,536726950,-1112065634,3.48,2021-01-27 14:21:09
2021-01-27 14:28:02,772.6,85,2158.83,0,146,536726998,-1112064494,3.49,2021-01-27 14:21:10
2021-01-27 14:28:02,772.8,83,2162.44,0.5,146,536726992,-1112063947,3.499,2021-01-27 14:21:11
2021-01-27 14:28:02,773.2,83,2165.94,0.5,146,536726967,-1112063418,3.508,2021-01-27 14:21:12
2021-01-27 14:28:02,773.6,83,2169.62,0.5,145,536726947,-1112062862,3.508,2021-01-27 14:21:13
2021-01-27 14:28:02,773.4,83,2173.33,0.5,145,536726937,-1112062300,3.508,2021-01-27 14:21:14
2021-01-27 14:28:02,773.4,83,2173.33,0.5,146,536726937,-1112062300,3.518,2021-01-27 14:21:15
2021-01-27 14:28:02,773.6,83,2180.87,0.5,146,536726911,-1112061160,3.518,2021-01-27 14:21:16
2021-01-27 14:28:02,773.6,83,2184.74,0.5,145,536726926,-1112060575,3.527,2021-01-27 14:21:17
2021-01-27 14:28:02,773.8,84,2188.53,0,145,536726958,-1112060003,3.536,2021-01-27 14:21:18
2021-01-27 14:28:02,774.4,84,2192.36,0,145,536726997,-1112059425,3.546,2021-01-27 14:21:19
2021-01-27 14:28:02,774.4,84,2196.11,0,145,536726989,-1112058858,3.555,2021-01-27 14:21:20
2021-01-27 14:28:02,774.8,83,2200.04,0,145,536726994,-1112058264,3.555,2021-01-27 14:21:21
2021-01-27 14:28:02,774.8,83,2200.04,0,145,536726994,-1112058264,3.564,2021-01-27 14:21:22
2021-01-27 14:28:02,774.8,83,2207.82,0.5,145,536726983,-1112057672,3.574,2021-01-27 14:21:23
2021-01-27 14:28:02,775.4,83,2211.52,0.5,145,536726957,-1112056527,3.583,2021-01-27 14:21:24
2021-01-27 14:28:02,775.6,84,2214.8,0.5,144,536726955,-1112056030,3.583,2021-01-27 14:21:25
2021-01-27 14:28:02,775.6,84,2214.8,0.5,145,536726955,-1112056030,3.592,2021-01-27 14:21:26
2021-01-27 14:28:02,776,83,2218.22,0.5,145,536726972,-1112055513,3.583,2021-01-27 14:21:27
2021-01-27 14:28:02,776,83,2221.59,0.5,144,536726996,-1112055005,3.583,2021-01-27 14:21:28
2021-01-27 14:28:02,775.8,83,2228.56,0.5,145,536727028,-1112053950,3.583,2021-01-27 14:21:29
2021-01-27 14:28:02,775.2,83,2232.09,0.5,145,536727052,-1112053417,3.583,2021-01-27 14:21:30
2021-01-27 14:28:02,775.4,84,2235.64,0.5,146,536727097,-1112052883,3.583,2021-01-27 14:21:31
2021-01-27 14:28:02,775,84,2239.22,0.5,146,536727112,-1112052342,3.583,2021-01-27 14:21:32
2021-01-27 14:28:02,775,84,2239.22,0.5,145,536727112,-1112052342,3.574,2021-01-27 14:21:33
2021-01-27 14:28:02,775.2,83,2246.24,0.5,146,536727188,-1112051284,3.574,2021-01-27 14:21:34
2021-01-27 14:28:02,775,84,2249.66,0.5,146,536727196,-1112050764,3.574,2021-01-27 14:21:35
2021-01-27 14:28:02,774.4,83,2253.26,0.5,146,536727187,-1112050220,3.574,2021-01-27 14:21:36
2021-01-27 14:28:02,774.4,83,2253.26,0.5,146,536727187,-1112050220,3.574,2021-01-27 14:21:37
2021-01-27 14:28:02,773.8,83,2256.67,0.5,147,536727165,-1112049704,3.574,2021-01-27 14:21:38
2021-01-27 14:28:02,774,83,2263.2,0.5,147,536727169,-1112049203,3.564,2021-01-27 14:21:39
2021-01-27 14:28:02,774.2,86,2266.72,0,147,536727232,-1112048188,3.564,2021-01-27 14:21:40
2021-01-27 14:28:02,774.2,88,2270.24,0.5,148,536727267,-1112047657,3.564,2021-01-27 14:21:41
2021-01-27 14:28:02,774.2,88,2273.89,0.5,149,536727280,-1112047104,3.574,2021-01-27 14:21:42
2021-01-27 14:28:02,774.2,88,2273.89,0.5,148,536727280,-1112047104,3.574,2021-01-27 14:21:43
2021-01-27 14:28:02,774.2,86,2277.51,0.5,147,536727282,-1112046556,3.574,2021-01-27 14:21:44
2021-01-27 14:28:02,773,86,2284.99,0,147,536727281,-1112046009,3.583,2021-01-27 14:21:45
2021-01-27 14:28:02,773,86,2288.72,0,147,536727296,-1112044859,3.583,2021-01-27 14:21:46
2021-01-27 14:28:02,772.8,85,2292.41,0,148,536727296,-1112044859,3.602,2021-01-27 14:21:47
2021-01-27 14:28:02,772.8,84,2292.41,0,148,536727299,-1112044302,3.62,2021-01-27 14:21:48
2021-01-27 14:28:02,772,82,2296.11,0,147,536727267,-1112043743,3.62,2021-01-27 14:21:49
2021-01-27 14:28:02,771.4,82,2299.43,0,147,536727250,-1112043241,3.62,2021-01-27 14:21:50
2021-01-27 14:28:02,771.6,82,2302.62,0,146,536727290,-1112042761,3.602,2021-01-27 14:21:51
2021-01-27 14:28:02,771.4,83,2309.45,0,147,536727327,-1112041729,3.583,2021-01-27 14:21:52
2021-01-27 14:28:02,771.2,83,2312.83,0.5,147,536727344,-1112041216,3.583,2021-01-27 14:21:53
2021-01-27 14:28:02,771.2,83,2312.83,0.5,146,536727344,-1112041216,3.574,2021-01-27 14:21:54
2021-01-27 14:28:02,771.4,83,2319.6,0.5,146,536727338,-1112040193,3.564,2021-01-27 14:21:55
2021-01-27 14:28:02,772,83,2323.09,0.5,146,536727377,-1112039666,3.564,2021-01-27 14:21:56
2021-01-27 14:28:02,772.4,83,2326.49,0.5,146,536727405,-1112039151,3.555,2021-01-27 14:21:57
2021-01-27 14:28:02,772.4,83,2326.49,0.5,146,536727405,-1112039151,3.555,2021-01-27 14:21:58
2021-01-27 14:28:02,773,84,2329.97,0.5,146,536727401,-1112038624,3.546,2021-01-27 14:21:59
2021-01-27 14:28:02,773.8,84,2333.29,0.5,146,536727400,-1112038120,3.546,2021-01-27 14:22:00
2021-01-27 14:28:02,774.8,85,2340.28,0.5,145,536727428,-1112037062,3.536,2021-01-27 14:22:01
2021-01-27 14:28:02,775,86,2343.58,0.5,146,536727459,-1112036564,3.536,2021-01-27 14:22:02
2021-01-27 14:28:02,775,86,2343.58,0.5,145,536727459,-1112036564,3.536,2021-01-27 14:22:03
2021-01-27 14:28:02,776,86,2350.06,0.5,146,536727557,-1112035593,3.536,2021-01-27 14:22:04
2021-01-27 14:28:02,777,85,2353.37,0.5,146,536727585,-1112035093,3.527,2021-01-27 14:22:05
2021-01-27 14:28:02,777.6,84,2356.73,0.5,146,536727619,-1112034587,3.527,2021-01-27 14:22:06
2021-01-27 14:28:02,777.6,84,2356.73,0.5,146,536727619,-1112034587,3.518,2021-01-27 14:22:07
2021-01-27 14:28:02,778.2,84,2363.41,0.5,147,536727656,-1112034078,3.508,2021-01-27 14:22:08
2021-01-27 14:28:02,778.2,83,2363.41,0.5,146,536727689,-1112033581,3.508,2021-01-27 14:22:09
2021-01-27 14:28:02,778.4,83,2366.78,0.5,147,536727687,-1112033072,3.499,2021-01-27 14:22:10
2021-01-27 14:28:02,779.4,83,2370.19,0.5,147,536727692,-1112032555,3.499,2021-01-27 14:22:11
2021-01-27 14:28:02,780,84,2373.55,0.5,147,536727702,-1112032047,3.49,2021-01-27 14:22:12
2021-01-27 14:28:02,780.2,84,2377,0.5,147,536727744,-1112031528,3.49,2021-01-27 14:22:13
2021-01-27 14:28:02,780.6,84,2380.3,0.5,147,536727767,-1112031029,3.49,2021-01-27 14:22:14
2021-01-27 14:28:02,779.8,84,2387.25,0.5,147,536727776,-1112029977,3.49,2021-01-27 14:22:15
2021-01-27 14:28:02,779.8,84,2387.25,0.5,147,536727776,-1112029977,3.48,2021-01-27 14:22:16
2021-01-27 14:28:02,779.6,86,2391.03,0,147,536727805,-1112029406,3.471,2021-01-27 14:22:17
2021-01-27 14:28:02,779.6,86,2394.98,0,147,536727802,-1112028808,3.471,2021-01-27 14:22:18
2021-01-27 14:28:02,779.8,86,2398.8,0,148,536727761,-1112028235,3.48,2021-01-27 14:22:19
2021-01-27 14:28:02,779.8,88,2402.32,0.5,147,536727727,-1112027703,3.48,2021-01-27 14:22:20
2021-01-27 14:28:02,779.8,88,2405.85,0.5,146,536727711,-1112027169,3.48,2021-01-27 14:22:21
2021-01-27 14:28:02,779.6,87,2409.66,0.5,146,536727710,-1112026594,3.471,2021-01-27 14:22:22
2021-01-27 14:28:02,779.8,87,2413.43,0.5,146,536727710,-1112026023,3.471,2021-01-27 14:22:23
2021-01-27 14:28:02,780,86,2420.94,0.5,147,536727744,-1112024887,3.499,2021-01-27 14:22:24
2021-01-27 14:28:02,780.4,85,2424.57,0.5,147,536727740,-1112024338,3.527,2021-01-27 14:22:25
2021-01-27 14:28:02,780.4,85,2424.57,0.5,148,536727740,-1112024338,3.546,2021-01-27 14:22:26
2021-01-27 14:28:02,780.6,85,2428.46,0.5,147,536727743,-1112023749,3.555,2021-01-27 14:22:27
2021-01-27 14:28:02,780.2,84,2432.34,0.5,146,536727720,-1112023163,3.564,2021-01-27 14:22:28
2021-01-27 14:28:02,779.4,84,2439.87,0.5,146,536727742,-1112022023,3.564,2021-01-27 14:22:29
2021-01-27 14:28:02,778.8,84,2443.55,0.5,146,536727748,-1112021467,3.555,2021-01-27 14:22:30
2021-01-27 14:28:02,778.6,84,2447.18,0.5,146,536727762,-1112020918,3.546,2021-01-27 14:22:31
2021-01-27 14:28:02,778.2,84,2450.89,0.5,146,536727749,-1112020356,3.555,2021-01-27 14:22:32
2021-01-27 14:28:02,778.2,84,2450.89,0.5,146,536727749,-1112020356,3.555,2021-01-27 14:22:33
2021-01-27 14:28:02,777.8,84,2454.71,0.5,147,536727764,-1112019778,3.555,2021-01-27 14:22:34
2021-01-27 14:28:02,777.6,84,2458.07,0.5,147,536727807,-1112019272,3.564,2021-01-27 14:22:35
2021-01-27 14:28:02,776.8,84,2461.3,0.5,146,536727834,-1112018786,3.564,2021-01-27 14:22:36
2021-01-27 14:28:02,775.8,84,2468.12,0.5,145,536727805,-1112017755,3.555,2021-01-27 14:22:37
2021-01-27 14:28:02,775.6,84,2471.84,0.5,145,536727812,-1112017191,3.546,2021-01-27 14:22:38
2021-01-27 14:28:02,775.2,84,2475.45,0.5,145,536727815,-1112016645,3.546,2021-01-27 14:22:39
2021-01-27 14:28:02,775.2,84,2478.82,0.5,145,536727839,-1112016137,3.555,2021-01-27 14:22:40
2021-01-27 14:28:02,775,84,2482.28,0.5,145,536727840,-1112015612,3.555,2021-01-27 14:22:41
2021-01-27 14:28:02,774.8,84,2485.66,0.5,147,536727832,-1112015100,3.555,2021-01-27 14:22:42
2021-01-27 14:28:02,774.8,84,2485.66,0.5,147,536727832,-1112015100,3.555,2021-01-27 14:22:43
2021-01-27 14:28:02,774.8,84,2489.05,0.5,147,536727840,-1112014587,3.546,2021-01-27 14:22:44
2021-01-27 14:28:02,774.6,84,2496.18,0.5,147,536727880,-1112013509,3.546,2021-01-27 14:22:45
2021-01-27 14:28:02,774.6,83,2496.18,0.5,147,536727880,-1112013509,3.546,2021-01-27 14:22:46
2021-01-27 14:28:02,774.2,83,2502.68,0.5,147,536727920,-1112012528,3.536,2021-01-27 14:22:47
2021-01-27 14:28:02,774.4,83,2505.86,0.5,147,536727940,-1112012047,3.536,2021-01-27 14:22:48
2021-01-27 14:28:02,774.4,83,2505.86,0.5,147,536727940,-1112012047,3.499,2021-01-27 14:22:49
2021-01-27 14:28:02,774.8,84,2509.09,0.5,147,536727907,-1112011560,3.49,2021-01-27 14:22:50
2021-01-27 14:28:02,774.4,85,2515.93,0.5,148,536727795,-1112010536,3.49,2021-01-27 14:22:51
2021-01-27 14:28:02,774.4,85,2515.93,0.5,148,536727795,-1112010536,3.48,2021-01-27 14:22:52
2021-01-27 14:28:02,773.6,86,2519.58,0.5,148,536727746,-1112009987,3.49,2021-01-27 14:22:53
2021-01-27 14:28:02,772.6,86,2523.16,0.5,148,536727710,-1112009448,3.499,2021-01-27 14:22:54
2021-01-27 14:28:02,771.6,86,2527.01,0.5,148,536727682,-1112008866,3.499,2021-01-27 14:22:55
2021-01-27 14:28:02,771,86,2533.99,0.5,148,536727671,-1112007810,3.499,2021-01-27 14:22:56
2021-01-27 14:28:02,770.6,86,2537.29,0.5,148,536727635,-1112007314,3.518,2021-01-27 14:22:57
2021-01-27 14:28:02,770,86,2540.6,0.5,149,536727587,-1112006818,3.518,2021-01-27 14:22:58
2021-01-27 14:28:02,770,86,2540.6,0.5,149,536727587,-1112006818,3.518,2021-01-27 14:22:59
2021-01-27 14:28:02,769.8,85,2543.92,0.5,149,536727580,-1112006315,3.518,2021-01-27 14:23:00
2021-01-27 14:28:02,769.4,85,2547.53,0.5,149,536727583,-1112005770,3.518,2021-01-27 14:23:01
2021-01-27 14:28:02,769,85,2551.17,0.5,148,536727615,-1112005220,3.518,2021-01-27 14:23:02
2021-01-27 14:28:02,769.4,85,2557.9,0.5,148,536727637,-1112004202,3.518,2021-01-27 14:23:03
2021-01-27 14:28:02,769.6,86,2560.97,0.5,147,536727631,-1112003738,3.518,2021-01-27 14:23:04
2021-01-27 14:28:02,769.6,86,2560.97,0.5,149,536727631,-1112003738,3.508,2021-01-27 14:23:05
2021-01-27 14:28:02,770.2,86,2563.92,0.5,150,536727623,-1112003292,3.499,2021-01-27 14:23:06
2021-01-27 14:28:02,770,85,2570.43,0.5,149,536727603,-1112002308,3.48,2021-01-27 14:23:07
2021-01-27 14:28:02,769.4,85,2573.83,0.5,150,536727571,-1112001795,3.471,2021-01-27 14:23:08
2021-01-27 14:28:02,769.4,85,2573.83,0.5,150,536727571,-1112001795,3.471,2021-01-27 14:23:09
2021-01-27 14:28:02,768.4,86,2580.66,0.5,150,536727567,-1112000762,3.471,2021-01-27 14:23:10
2021-01-27 14:28:02,768.4,86,2580.66,0.5,149,536727567,-1112000762,3.471,2021-01-27 14:23:11
2021-01-27 14:28:02,767.8,85,2586.91,0.5,150,536727769,-1111999863,3.462,2021-01-27 14:23:12
2021-01-27 14:28:02,767.6,85,2590.27,0.5,149,536727946,-1111999418,3.443,2021-01-27 14:23:13
2021-01-27 14:28:02,767.6,84,2590.27,0.5,149,536727946,-1111999418,3.443,2021-01-27 14:23:14
2021-01-27 14:28:02,767.8,84,2593.33,0.5,149,536728113,-1111999007,3.443,2021-01-27 14:23:15
2021-01-27 14:28:02,767.8,85,2596.35,0.5,150,536728194,-1111998561,3.434,2021-01-27 14:23:16
2021-01-27 14:28:02,768.2,86,2599.77,0.5,151,536728234,-1111998045,3.424,2021-01-27 14:23:17
2021-01-27 14:28:02,768.2,86,2607.29,0.5,150,536728280,-1111996910,3.424,2021-01-27 14:23:18
2021-01-27 14:28:02,767.8,86,2611.21,0.5,150,536728282,-1111996318,3.424,2021-01-27 14:23:19
2021-01-27 14:28:02,767.6,87,2614.82,0.5,150,536728275,-1111995770,3.443,2021-01-27 14:23:20
2021-01-27 14:28:02,766.8,87,2618.5,0.5,149,536728251,-1111995215,3.452,2021-01-27 14:23:21
2021-01-27 14:28:02,766.8,87,2618.5,0.5,149,536728251,-1111995215,3.462,2021-01-27 14:23:22
2021-01-27 14:28:02,766.4,87,2626.19,0.5,149,536728320,-1111994057,3.48,2021-01-27 14:23:23
2021-01-27 14:28:02,766.4,87,2626.19,0.5,149,536728320,-1111994057,3.499,2021-01-27 14:23:24
2021-01-27 14:28:02,766.4,87,2630.03,0.5,149,536728442,-1111993502,3.518,2021-01-27 14:23:25
2021-01-27 14:28:02,766.6,87,2633.68,0.5,148,536728612,-1111993004,3.527,2021-01-27 14:23:26
2021-01-27 14:28:02,767,87,2637,0.5,149,536728809,-1111992585,3.527,2021-01-27 14:23:27
2021-01-27 14:28:02,767.4,86,2640.29,0.5,148,536728990,-1111992154,3.527,2021-01-27 14:23:28
2021-01-27 14:28:02,767.8,85,2643.44,0.5,148,536729135,-1111991724,3.518,2021-01-27 14:23:29
2021-01-27 14:28:02,768.2,85,2649.76,0.5,148,536729337,-1111990811,3.499,2021-01-27 14:23:30
2021-01-27 14:28:02,768,84,2652.98,0.5,148,536729360,-1111990325,3.48,2021-01-27 14:23:31
2021-01-27 14:28:02,767.6,84,2656.23,0.5,148,536729354,-1111989833,3.462,2021-01-27 14:23:32
2021-01-27 14:28:02,767.6,83,2656.23,0.5,149,536729354,-1111989833,3.452,2021-01-27 14:23:33
2021-01-27 14:28:02,766.2,83,2662.89,0.5,148,536729337,-1111988826,3.443,2021-01-27 14:23:34
2021-01-27 14:28:02,765.6,83,2666.2,0.5,149,536729344,-1111988324,3.415,2021-01-27 14:23:35
2021-01-27 14:28:02,765.8,83,2669.47,0.5,148,536729340,-1111987829,3.415,2021-01-27 14:23:36
2021-01-27 14:28:02,766,83,2672.81,0.5,148,536729352,-1111987325,3.406,2021-01-27 14:23:37
2021-01-27 14:28:02,766,84,2672.81,0,147,536729352,-1111987325,3.396,2021-01-27 14:23:38
2021-01-27 14:28:02,765,84,2676.45,0,148,536729329,-1111986774,3.387,2021-01-27 14:23:39
2021-01-27 14:28:02,764.6,84,2679.78,0,148,536729347,-1111986272,3.387,2021-01-27 14:23:40
2021-01-27 14:28:02,764.8,83,2686.53,0,148,536729352,-1111985251,3.359,2021-01-27 14:23:41
2021-01-27 14:28:02,765.2,83,2690.03,0.5,149,536729354,-1111984721,3.35,2021-01-27 14:23:42
2021-01-27 14:28:02,765.2,83,2690.03,0.5,149,536729354,-1111984721,3.35,2021-01-27 14:23:43
2021-01-27 14:28:02,765.6,83,2693.45,0.5,148,536729374,-1111984204,3.35,2021-01-27 14:23:44
2021-01-27 14:28:02,766.2,84,2696.66,0.5,149,536729390,-1111983717,3.359,2021-01-27 14:23:45
2021-01-27 14:28:02,767.4,84,2703.96,0.5,149,536729331,-1111982616,3.368,2021-01-27 14:23:46
2021-01-27 14:28:02,767.8,84,2707.62,0.5,148,536729300,-1111982063,3.368,2021-01-27 14:23:47
2021-01-27 14:28:02,768,84,2711.42,0.5,148,536729260,-1111981491,3.378,2021-01-27 14:23:48
2021-01-27 14:28:02,768,84,2715.37,0.5,147,536729260,-1111981491,3.387,2021-01-27 14:23:49
2021-01-27 14:28:02,768.2,84,2715.37,0.5,147,536729216,-1111980896,3.406,2021-01-27 14:23:50
2021-01-27 14:28:02,769,84,2719.23,0,147,536729173,-1111980316,3.424,2021-01-27 14:23:51
2021-01-27 14:28:02,769.8,83,2726.83,0,147,536729083,-1111979173,3.434,2021-01-27 14:23:52
2021-01-27 14:28:02,769.8,83,2726.83,0,147,536729083,-1111979173,3.443,2021-01-27 14:23:53
2021-01-27 14:28:02,770.2,83,2734.5,0,147,536728969,-1111978022,3.471,2021-01-27 14:23:54
2021-01-27 14:28:02,770.4,83,2738.2,0.5,147,536728901,-1111977471,3.471,2021-01-27 14:23:55
2021-01-27 14:28:02,770.4,84,2738.2,0.5,147,536728901,-1111977471,3.48,2021-01-27 14:23:56
2021-01-27 14:28:02,770.8,84,2745.39,0.5,147,536728714,-1111976415,3.49,2021-01-27 14:23:57
2021-01-27 14:28:02,771.6,83,2749.01,0.5,146,536728622,-1111975883,3.499,2021-01-27 14:23:58
2021-01-27 14:28:02,771.6,83,2749.01,0.5,145,536728622,-1111975883,3.508,2021-01-27 14:23:59
2021-01-27 14:28:02,771.8,83,2752.27,0.5,147,536728533,-1111975405,3.508,2021-01-27 14:24:00
2021-01-27 14:28:02,772.2,84,2755.49,0,147,536728459,-1111974930,3.508,2021-01-27 14:24:01
2021-01-27 14:28:02,772.8,84,2761.85,0,147,536728285,-1111973999,3.508,2021-01-27 14:24:02
2021-01-27 14:28:02,772.8,83,2761.85,0,148,536728285,-1111973999,3.499,2021-01-27 14:24:03
2021-01-27 14:28:02,773.8,83,2768.19,0,148,536728042,-1111973103,3.49,2021-01-27 14:24:04
2021-01-27 14:28:02,774,83,2771.5,0,147,536727903,-1111972643,3.49,2021-01-27 14:24:05
2021-01-27 14:28:02,774.2,83,2774.74,0,147,536727768,-1111972190,3.48,2021-01-27 14:24:06
2021-01-27 14:28:02,774.8,83,2777.95,0,147,536727644,-1111971736,3.48,2021-01-27 14:24:07
2021-01-27 14:28:02,774.8,84,2777.95,0,147,536727644,-1111971736,3.471,2021-01-27 14:24:08
2021-01-27 14:28:02,775.4,84,2784.39,0,147,536727336,-1111970865,3.471,2021-01-27 14:24:09
2021-01-27 14:28:02,776,83,2787.85,0,148,536727187,-1111970385,3.462,2021-01-27 14:24:10
2021-01-27 14:28:02,776,83,2787.85,0,148,536727187,-1111970385,3.462,2021-01-27 14:24:11
2021-01-27 14:28:02,776.6,83,2791.45,0,148,536727032,-1111969885,3.462,2021-01-27 14:24:12
2021-01-27 14:28:02,777,83,2794.77,0,148,536726878,-1111969433,3.462,2021-01-27 14:24:13
2021-01-27 14:28:02,778,83,2801.61,0,148,536726494,-1111968551,3.471,2021-01-27 14:24:14
2021-01-27 14:28:02,778.2,83,2805.09,0,148,536726309,-1111968093,3.462,2021-01-27 14:24:15
2021-01-27 14:28:02,779,83,2808.48,0.5,148,536726143,-1111967635,3.462,2021-01-27 14:24:16
2021-01-27 14:28:02,779,83,2808.48,0.5,147,536726143,-1111967635,3.462,2021-01-27 14:24:17
2021-01-27 14:28:02,779.8,83,2815.28,0.5,147,536725782,-1111966741,3.462,2021-01-27 14:24:18
2021-01-27 14:28:02,780,83,2818.65,0.5,148,536725579,-1111966319,3.462,2021-01-27 14:24:19
2021-01-27 14:28:02,780,83,2818.65,0.5,147,536725579,-1111966319,3.462,2021-01-27 14:24:20
2021-01-27 14:28:02,779,83,2825.68,0.5,148,536725165,-1111965429,3.462,2021-01-27 14:24:21
2021-01-27 14:28:02,779,84,2825.68,0,149,536725165,-1111965429,3.462,2021-01-27 14:24:22
2021-01-27 14:28:02,778.4,84,2829.24,0,148,536724958,-1111964977,3.462,2021-01-27 14:24:23
2021-01-27 14:28:02,778.2,84,2836.71,0,148,536724526,-1111964025,3.462,2021-01-27 14:24:24
2021-01-27 14:28:02,778.2,83,2836.71,0,149,536724526,-1111964025,3.462,2021-01-27 14:24:25
2021-01-27 14:28:02,778.4,83,2843.65,0,149,536724053,-1111963215,3.462,2021-01-27 14:24:26
2021-01-27 14:28:02,778.4,83,2847.17,0,148,536723798,-1111962821,3.462,2021-01-27 14:24:27
2021-01-27 14:28:02,778.4,83,2850.57,0,148,536723559,-1111962433,3.462,2021-01-27 14:24:28
2021-01-27 14:28:02,778.6,83,2853.82,0,149,536723325,-1111962069,3.462,2021-01-27 14:24:29
2021-01-27 14:28:02,778.6,83,2857.23,0,149,536723075,-1111961690,3.462,2021-01-27 14:24:30
2021-01-27 14:28:02,779,83,2860.4,0,149,536722901,-1111961265,3.462,2021-01-27 14:24:31
2021-01-27 14:28:02,779.2,83,2863.7,0,149,536722759,-1111960785,3.462,2021-01-27 14:24:32
2021-01-27 14:28:02,779.6,83,2867.34,0.5,150,536722648,-1111960231,3.462,2021-01-27 14:24:33
2021-01-27 14:28:02,779.6,83,2867.34,0.5,150,536722648,-1111960231,3.462,2021-01-27 14:24:34
2021-01-27 14:28:02,780.2,83,2874.18,0.5,148,536722175,-1111959441,3.462,2021-01-27 14:24:35
2021-01-27 14:28:02,780.6,84,2877.74,0,147,536721937,-1111959018,3.462,2021-01-27 14:24:36
2021-01-27 14:28:02,780.6,84,2877.74,0,147,536721937,-1111959018,3.462,2021-01-27 14:24:37
2021-01-27 14:28:02,781,84,2884.86,0,148,536721442,-1111958196,3.462,2021-01-27 14:24:38
2021-01-27 14:28:02,781,83,2884.86,0.5,149,536721442,-1111958196,3.462,2021-01-27 14:24:39
2021-01-27 14:28:02,781,83,2888.46,0,148,536721184,-1111957790,3.462,2021-01-27 14:24:40
2021-01-27 14:28:02,783.4,83,2895.6,0.5,148,536720698,-1111956955,3.462,2021-01-27 14:24:41
2021-01-27 14:28:02,784.4,83,2899.21,0.5,149,536720453,-1111956531,3.462,2021-01-27 14:24:42
2021-01-27 14:28:02,785.2,84,2902.84,0.5,148,536720235,-1111956076,3.471,2021-01-27 14:24:43
2021-01-27 14:28:02,785.2,84,2902.84,0.5,148,536720235,-1111956076,3.471,2021-01-27 14:24:44
2021-01-27 14:28:02,786,84,2909.51,0.5,148,536719815,-1111955258,3.471,2021-01-27 14:24:45
2021-01-27 14:28:02,786.4,84,2912.87,0.5,149,536719632,-1111954817,3.471,2021-01-27 14:24:46
2021-01-27 14:28:02,786.6,84,2916.4,0.5,149,536719410,-1111954383,3.471,2021-01-27 14:24:47
2021-01-27 14:28:02,787,83,2920.12,0,148,536719216,-1111953889,3.471,2021-01-27 14:24:48
2021-01-27 14:28:02,786.8,83,2923.67,0,148,536719020,-1111953428,3.471,2021-01-27 14:24:49
2021-01-27 14:28:02,786.4,83,2927,0,149,536718835,-1111952997,3.48,2021-01-27 14:24:50
2021-01-27 14:28:02,786.4,83,2930.41,0,149,536718707,-1111952508,3.48,2021-01-27 14:24:51
2021-01-27 14:28:02,786,83,2933.91,0,149,536718707,-1111952508,3.48,2021-01-27 14:24:52
2021-01-27 14:28:02,784.6,84,2938.08,0,148,536718426,-1111951417,3.471,2021-01-27 14:24:53
2021-01-27 14:28:02,784,83,2942.08,0,149,536718290,-1111950835,3.48,2021-01-27 14:24:54
2021-01-27 14:28:02,784,82,2942.08,0,149,536718290,-1111950835,3.49,2021-01-27 14:24:55
2021-01-27 14:28:02,783.2,82,2945.86,0,149,536718114,-1111950319,3.49,2021-01-27 14:24:56
2021-01-27 14:28:02,782.2,82,2949.79,0,148,536717970,-1111949757,3.499,2021-01-27 14:24:57
2021-01-27 14:28:02,780.2,82,2957.43,0,148,536717705,-1111948657,3.499,2021-01-27 14:24:58
2021-01-27 14:28:02,779.4,83,2961.2,0,148,536717592,-1111948108,3.499,2021-01-27 14:24:59
2021-01-27 14:28:02,779.4,83,2961.2,0,148,536717592,-1111948108,3.508,2021-01-27 14:25:00
2021-01-27 14:28:02,778.4,83,2965.08,0,148,536717465,-1111947549,3.508,2021-01-27 14:25:01
2021-01-27 14:28:02,777,83,2972.22,0.5,148,536717115,-1111946589,3.518,2021-01-27 14:25:02
2021-01-27 14:28:02,777,85,2975.67,0.5,148,536716911,-1111946153,3.518,2021-01-27 14:25:03
2021-01-27 14:28:02,777,86,2979.27,0.5,149,536716696,-1111945699,3.518,2021-01-27 14:25:04
2021-01-27 14:28:02,777.4,87,2982.76,0.5,149,536716484,-1111945263,3.527,2021-01-27 14:25:05
2021-01-27 14:28:02,777.4,87,2982.76,0.5,149,536716484,-1111945263,3.527,2021-01-27 14:25:06
2021-01-27 14:28:02,777.8,85,2989.49,0,150,536716053,-1111944445,3.536,2021-01-27 14:25:07
2021-01-27 14:28:02,778,84,2992.83,0,150,536715836,-1111944043,3.536,2021-01-27 14:25:08
2021-01-27 14:28:02,778.4,83,2996.23,0,150,536715627,-1111943622,3.527,2021-01-27 14:25:09
2021-01-27 14:28:02,778.8,83,2999.2,0,150,536715448,-1111943249,3.527,2021-01-27 14:25:10
2021-01-27 14:28:02,778.8,83,3002.46,0,150,536715231,-1111942862,3.518,2021-01-27 14:25:11
2021-01-27 14:28:02,778.8,82,3005.79,0,150,536715005,-1111942473,3.49,2021-01-27 14:25:12
2021-01-27 14:28:02,778.6,82,3009.22,0,149,536714772,-1111942072,3.48,2021-01-27 14:25:13
2021-01-27 14:28:02,778.8,83,3012.57,0,149,536714590,-1111941633,3.471,2021-01-27 14:25:14
2021-01-27 14:28:02,778.8,84,3015.92,0,149,536714406,-1111941197,3.471,2021-01-27 14:25:15
2021-01-27 14:28:02,778.4,84,3019.37,0,149,536714205,-1111940757,3.471,2021-01-27 14:25:16
2021-01-27 14:28:02,778.4,83,3022.84,0,150,536713992,-1111940326,3.471,2021-01-27 14:25:17
2021-01-27 14:28:02,778.2,83,3026.4,0,150,536713758,-1111939901,3.471,2021-01-27 14:25:18
2021-01-27 14:28:02,778.4,83,3030.05,0,150,536713523,-1111939456,3.471,2021-01-27 14:25:19
2021-01-27 14:28:02,778.4,84,3030.05,0,150,536713523,-1111939456,3.471,2021-01-27 14:25:20
2021-01-27 14:28:02,778.8,84,3033.54,0,149,536713278,-1111939057,3.471,2021-01-27 14:25:21
2021-01-27 14:28:02,779.6,84,3036.84,0,149,536713031,-1111938699,3.48,2021-01-27 14:25:22
2021-01-27 14:28:02,779.8,84,3043.62,0,149,536712560,-1111937917,3.48,2021-01-27 14:25:23
2021-01-27 14:28:02,780.2,83,3047.03,0,149,536712359,-1111937487,3.48,2021-01-27 14:25:24
2021-01-27 14:28:02,780.4,83,3050.47,0,150,536712172,-1111937036,3.471,2021-01-27 14:25:25
2021-01-27 14:28:02,781,83,3054.14,0,149,536712007,-1111936531,3.471,2021-01-27 14:25:26
2021-01-27 14:28:02,781.2,83,3057.93,0,148,536711827,-1111936014,3.471,2021-01-27 14:25:27
2021-01-27 14:28:02,781.2,83,3057.93,0,149,536711827,-1111936014,3.471,2021-01-27 14:25:28
2021-01-27 14:28:02,781.4,83,3061.62,0,149,536711629,-1111935529,3.471,2021-01-27 14:25:29
2021-01-27 14:28:02,781.6,83,3065.26,0,149,536711455,-1111935034,3.471,2021-01-27 14:25:30
2021-01-27 14:28:02,782.2,83,3072.34,0,149,536711050,-1111934125,3.48,2021-01-27 14:25:31
2021-01-27 14:28:02,782.8,83,3075.55,0,149,536710884,-1111933699,3.48,2021-01-27 14:25:32
2021-01-27 14:28:02,783,83,3078.94,0,149,536710694,-1111933260,3.48,2021-01-27 14:25:33
2021-01-27 14:28:02,783.2,83,3082.41,0,148,536710491,-1111932819,3.48,2021-01-27 14:25:34
2021-01-27 14:28:02,782.8,83,3085.82,0,149,536710291,-1111932387,3.48,2021-01-27 14:25:35
2021-01-27 14:28:02,782.8,83,3085.82,0.5,148,536710291,-1111932387,3.48,2021-01-27 14:25:36
2021-01-27 14:28:02,782.2,83,3089.52,0.5,149,536710079,-1111931913,3.48,2021-01-27 14:25:37
2021-01-27 14:28:02,781.6,83,3093.27,0.5,149,536709849,-1111931444,3.48,2021-01-27 14:25:38
2021-01-27 14:28:02,781,83,3096.93,0.5,149,536709611,-1111931003,3.471,2021-01-27 14:25:39
2021-01-27 14:28:02,781,84,3104.15,0.5,149,536709176,-1111930097,3.48,2021-01-27 14:25:40
2021-01-27 14:28:02,781,84,3104.15,0.5,150,536709176,-1111930097,3.48,2021-01-27 14:25:41
2021-01-27 14:28:02,781.6,84,3110.99,0.5,149,536708797,-1111929203,3.48,2021-01-27 14:25:42
2021-01-27 14:28:02,781.6,84,3110.99,0.5,149,536708797,-1111929203,3.48,2021-01-27 14:25:43
2021-01-27 14:28:02,782.2,84,3114,0.5,149,536708630,-1111928812,3.48,2021-01-27 14:25:44
2021-01-27 14:28:02,783.4,84,3117.12,0.5,149,536708461,-1111928402,3.48,2021-01-27 14:25:45
2021-01-27 14:28:02,783.2,84,3123.6,0.5,149,536708122,-1111927543,3.471,2021-01-27 14:25:46
2021-01-27 14:28:02,783.2,84,3123.6,0.5,149,536708122,-1111927543,3.471,2021-01-27 14:25:47
2021-01-27 14:28:02,783.2,84,3126.77,0.5,148,536707963,-1111927113,3.471,2021-01-27 14:25:48
2021-01-27 14:28:02,782.4,84,3133.19,0.5,148,536707599,-1111926285,3.462,2021-01-27 14:25:49
2021-01-27 14:28:02,782.4,84,3133.19,0.5,149,536707599,-1111926285,3.443,2021-01-27 14:25:50
2021-01-27 14:28:02,782.2,84,3136.42,0.5,149,536707392,-1111925892,3.434,2021-01-27 14:25:51
2021-01-27 14:28:02,781.8,84,3139.68,0,148,536707181,-1111925500,3.424,2021-01-27 14:25:52
2021-01-27 14:28:02,780.8,83,3145.98,0,149,536706769,-1111924744,3.415,2021-01-27 14:25:53
2021-01-27 14:28:02,780.6,83,3149.16,0,149,536706566,-1111924356,3.396,2021-01-27 14:25:54
2021-01-27 14:28:02,780.6,83,3149.16,0,148,536706566,-1111924356,3.396,2021-01-27 14:25:55
