distance,speed,heart_rate,cadence,time_elapsed,elevation,latitude,longitude,key,smooth_elev,diff_smooth,timestamp
0.57,0.009,99,0,0,254.46,44.98096654191613,-93.22714378125966,6501295035,254.3020818452381,-0.15791815476191573,2021-03-27T15:01:38Z
2.39,0,99,58,1,254.46,44.98095564544201,-93.22712643072008,6501295035,254.27851400560223,-0.18148599439777513,2021-03-27T15:01:39Z
5.41,0.009,100,58,2,254.4,44.98093821108341,-93.22709692642093,6501295035,254.25708862433862,-0.14291137566138445,2021-03-27T15:01:40Z
9.88,1.782,101,58,3,254.37,44.980922285467386,-93.22704470716415,6501295035,254.24017418546367,-0.12982581453633202,2021-03-27T15:01:41Z
16.17,2.911,101,58,4,254.32,44.98090677894652,-93.22696801275016,6501295035,254.22637976190475,-0.09362023809524089,2021-03-27T15:01:42Z
22.75,4.684,102,58,5,254.28,44.98089965432882,-93.22688528336585,6501295035,254.21587188208616,-0.06412811791383888,2021-03-27T15:01:43Z
29.69,4.684,103,58,6,254.31,44.980900743976235,-93.22679727338254,6501295035,254.20683874458874,-0.10316125541126553,2021-03-27T15:01:44Z
36.51,5.011,116,58,7,254.41,44.98091038316488,-93.22671186178924,6501295035,254.2013861283644,-0.20861387163560607,2021-03-27T15:01:45Z
43.29,5.001,121,58,8,254.49,44.980927566066384,-93.22662904858588,6501295035,254.2001378968254,-0.28986210317461314,2021-03-27T15:01:46Z
50.1,5.001,127,91,9,254.48,44.98095480725169,-93.2265515998006,6501295035,254.20218952380952,-0.27781047619046717,2021-03-27T15:01:47Z
56.65,5.001,132,98,10,254.41,44.98098900541663,-93.226483957842,6501295035,254.2061163003663,-0.20388369963370678,2021-03-27T15:01:48Z
63.14,6.149,137,98,11,254.36,44.981030747294426,-93.2264263741672,6501295035,254.21245061728396,-0.14754938271605056,2021-03-27T15:01:49Z
69.61,6.401,138,97,12,254.28,44.981079110875726,-93.22638086043298,6501295035,254.22078146258502,-0.059218537414977845,2021-03-27T15:01:50Z
75.74,6.401,142,96,13,254.1,44.981127390637994,-93.22634297423065,6501295035,254.2317397372742,0.1317397372742164,2021-03-27T15:01:51Z
82.13,6.317,144,96,14,253.94,44.98118103481829,-93.22631372138858,6501295035,254.24344365079367,0.30344365079366753,2021-03-27T15:01:52Z
88.24,6.289,147,95,15,253.9,44.98123551718891,-93.2263021543622,6501295035,254.25480721966207,0.35480721966206374,2021-03-27T15:01:53Z
94.8,6.289,148,95,16,253.84,44.981294525787234,-93.22630181908607,6501295035,254.2600721966206,0.4200721966205947,2021-03-27T15:01:54Z
101.44,6.289,150,95,17,253.82,44.981352696195245,-93.2263211812824,6501295035,254.26539938556067,0.4453993855606768,2021-03-27T15:01:55Z
108.12,6.289,150,95,18,253.81,44.98140776529908,-93.2263550441712,6501295035,254.27069124423963,0.4606912442396265,2021-03-27T15:01:56Z
114.91,6.326,151,95,19,253.9,44.981459230184555,-93.22640139609577,6501295035,254.27562211981567,0.3756221198156595,2021-03-27T15:01:57Z
121.62,6.364,151,95,20,254.04,44.9815069232136,-93.22645353153348,6501295035,254.28069124423965,0.24069124423965604,2021-03-27T15:01:58Z
127.91,6.373,151,95,21,254.24,44.981547240167856,-93.22650969028471,6501295035,254.2852073732719,0.04520737327189295,2021-03-27T15:01:59Z
133.8,6.382,151,95,22,254.1,44.98158101923764,-93.22656710632144,6501295035,254.2883410138249,0.1883410138248962,2021-03-27T15:02:00Z
139.77,6.261,151,94,23,254.13,44.98161387629807,-93.22662712074816,6501295035,254.29032258064515,0.1603225806451576,2021-03-27T15:02:01Z
145.68,6.196,151,92,24,253.9,44.98164564371109,-93.22668730281292,6501295035,254.29110599078342,0.3911059907834158,2021-03-27T15:02:02Z
151.39,6.196,151,91,25,254.26,44.98167581856251,-93.22674597613512,6501295035,254.29124423963134,0.03124423963134859,2021-03-27T15:02:03Z
157.14,6.158,151,90,26,254.53,44.98170515522361,-93.22680632583796,6501295035,254.29175115207374,-0.23824884792625767,2021-03-27T15:02:04Z
163.07,6.093,155,90,27,254.6,44.981736754998565,-93.22686709463596,6501295035,254.29377880184333,-0.3062211981566634,2021-03-27T15:02:05Z
169.05,6.028,157,90,28,254.61,44.98176969587803,-93.22692710906269,6501295035,254.29829493087558,-0.31170506912442875,2021-03-27T15:02:06Z
174.95,5.981,157,89,29,254.61,44.98180137947202,-93.2269872073084,6501295035,254.3063133640553,-0.30368663594470036,2021-03-27T15:02:07Z
180.76,5.925,158,89,30,254.61,44.981833063066006,-93.22704579681158,6501295035,254.3179723502304,-0.29202764976960793,2021-03-27T15:02:08Z
186.62,5.925,159,89,31,254.55,44.98186407610774,-93.22710589505732,6501295035,254.33336405529954,-0.21663594470047087,2021-03-27T15:02:09Z
192.19,5.906,159,90,32,254.57,44.981892658397555,-93.22716389782728,6501295035,254.35115207373272,-0.2188479262672729,2021-03-27T15:02:10Z
197.8,5.888,159,90,33,254.62,44.98192182742059,-93.22722215205432,6501295035,254.36921658986176,-0.25078341013824,2021-03-27T15:02:11Z
203.25,5.869,159,90,34,254.53,44.98195049352944,-93.2272781431675,6501295035,254.38617511520738,-0.1438248847926218,2021-03-27T15:02:12Z
208.99,5.85,159,90,35,254.48,44.98198142275214,-93.2273363135755,6501295035,254.40235023041475,-0.07764976958523562,2021-03-27T15:02:13Z
214.89,5.832,159,90,36,254.46,44.98201402835548,-93.2273954898119,6501295035,254.41705069124424,-0.04294930875576597,2021-03-27T15:02:14Z
220.69,5.832,160,89,37,254.46,44.98204336501658,-93.22745634242892,6501295035,254.4315207373272,-0.02847926267281764,2021-03-27T15:02:15Z
226.44,5.813,160,89,38,254.53,44.982071025297046,-93.22751794941723,6501295035,254.44410138248847,-0.08589861751153194,2021-03-27T15:02:16Z
232.15,5.794,160,89,39,254.48,44.982088543474674,-93.227586010471,6501295035,254.45414746543779,-0.02585253456220471,2021-03-27T15:02:17Z
237.75,5.766,160,89,40,254.4,44.98209818266332,-93.22765574790536,6501295035,254.4625806451613,0.06258064516129025,2021-03-27T15:02:18Z
243.32,5.757,160,88,41,254.32,44.98209994286299,-93.22772632353008,6501295035,254.46972350230416,0.14972350230416964,2021-03-27T15:02:19Z
248.79,5.748,157,88,42,254.26,44.98209499754011,-93.22779530659318,6501295035,254.47488479262674,0.21488479262674787,2021-03-27T15:02:20Z
254.27,5.738,155,88,43,254.32,44.98208150267601,-93.22786211036146,6501295035,254.47806451612902,0.1580645161290306,2021-03-27T15:02:21Z
259.91,5.72,154,87,44,254.33,44.98205862008035,-93.22792606428266,6501295035,254.47824884792627,0.14824884792625426,2021-03-27T15:02:22Z
265.93,5.72,154,87,45,254.39,44.98202618211508,-93.22798708453774,6501295035,254.47695852534562,0.08695852534563642,2021-03-27T15:02:23Z
271.87,5.72,153,87,46,254.43,44.981988379731774,-93.22804039344192,6501295035,254.4752534562212,0.04525345622118948,2021-03-27T15:02:24Z
277.77,5.71,152,87,47,254.52,44.981946889311075,-93.22808724828064,6501295035,254.47387096774193,-0.046129032258079405,2021-03-27T15:02:25Z
283.39,5.71,152,87,48,254.52,44.98190456070006,-93.2281262241304,6501295035,254.4730875576037,-0.04691244239631942,2021-03-27T15:02:26Z
289.26,5.71,154,87,49,254.52,44.98185703530907,-93.22815866209568,6501295035,254.47299539170507,-0.04700460829494091,2021-03-27T15:02:27Z
295.18,5.71,159,87,50,254.46,44.98180632479489,-93.22818179614842,6501295035,254.47354838709677,0.013548387096761871,2021-03-27T15:02:28Z
301.36,5.71,162,87,51,254.33,44.98175175860524,-93.22819721885026,6501295035,254.47410138248847,0.14410138248845783,2021-03-27T15:02:29Z
307.19,5.71,163,87,52,254.45,44.98169937171042,-93.22819462046029,6501295035,254.47502304147466,0.025023041474668162,2021-03-27T15:02:30Z
313.04,5.71,164,88,53,254.46,44.98164732009173,-93.22818372398616,6501295035,254.47695852534562,0.016958525345614817,2021-03-27T15:02:31Z
318.81,5.71,164,88,54,254.49,44.98159811832011,-93.22816025465728,6501295035,254.47972350230415,-0.010276497695855369,2021-03-27T15:02:32Z
324.37,5.71,165,88,55,254.55,44.98155193403363,-93.22813276201488,6501295035,254.48299539170506,-0.06700460829495114,2021-03-27T15:02:33Z
330.17,5.71,166,88,56,254.56,44.981507593765855,-93.2280940376222,6501295035,254.48612903225808,-0.07387096774192514,2021-03-27T15:02:34Z
335.78,5.701,167,88,57,254.54,44.98147297650576,-93.22804206982256,6501295035,254.48875576036866,-0.0512442396313304,2021-03-27T15:02:35Z
341.61,5.701,166,87,58,254.54,44.98144104145467,-93.22798314504324,6501295035,254.49082949308755,-0.0491705069124464,2021-03-27T15:02:36Z
347.63,5.701,166,87,59,254.54,44.981410782784224,-93.22791927494109,6501295035,254.49198156682027,-0.04801843317972043,2021-03-27T15:02:37Z
353.55,5.701,165,87,60,254.54,44.98138069175184,-93.2278571650386,6501295035,254.4916589861751,-0.04834101382488143,2021-03-27T15:02:38Z
359.46,5.71,164,86,61,254.54,44.98134900815785,-93.2277969829738,6501295035,254.48976958525344,-0.05023041474655088,2021-03-27T15:02:39Z
365.2,5.71,163,86,62,254.55,44.98131858184934,-93.22773814201356,6501295035,254.48672811059907,-0.0632718894009372,2021-03-27T15:02:40Z
371.13,5.71,161,86,63,254.55,44.98128228820861,-93.22768298909068,6501295035,254.48359447004609,-0.06640552995392568,2021-03-27T15:02:41Z
376.75,5.71,158,86,64,254.54,44.98125311918557,-93.2276246510446,6501295035,254.48133640552996,-0.05866359447003333,2021-03-27T15:02:42Z
382.39,5.701,160,86,65,254.54,44.98122193850577,-93.2275683246553,6501295035,254.4795852534562,-0.06041474654378476,2021-03-27T15:02:43Z
388.2,5.701,166,86,66,254.54,44.981192937120795,-93.22750696912408,6501295035,254.47806451612902,-0.061935483870968255,2021-03-27T15:02:44Z
394.17,5.701,166,86,67,254.54,44.98115605674684,-93.22745190002024,6501295035,254.47645161290322,-0.06354838709677324,2021-03-27T15:02:45Z
400.08,5.71,167,85,68,254.53,44.98111741617322,-93.22739917784928,6501295035,254.47382488479263,-0.056175115207366844,2021-03-27T15:02:46Z
405.93,5.71,167,85,69,254.53,44.98108321800828,-93.22734276764096,6501295035,254.4683870967742,-0.06161290322580726,2021-03-27T15:02:47Z
411.79,5.71,168,85,70,254.54,44.98104700818658,-93.22728828527032,6501295035,254.4593548387097,-0.08064516129030608,2021-03-27T15:02:48Z
417.61,5.71,169,86,71,254.54,44.98101440258324,-93.22723053395748,6501295035,254.44599078341014,-0.0940092165898534,2021-03-27T15:02:49Z
423.39,5.71,169,86,72,254.51,44.98098062351346,-93.22717471048236,6501295035,254.42884792626728,-0.08115207373271005,2021-03-27T15:02:50Z
429.16,5.71,169,84,73,254.43,44.98095095157623,-93.22711461223662,6501295035,254.4084792626728,-0.02152073732719373,2021-03-27T15:02:51Z
434.92,5.71,169,84,74,254.37,44.980923207476735,-93.22705283761024,6501295035,254.38612903225805,0.016129032258049847,2021-03-27T15:02:52Z
440.6,5.71,169,84,75,254.29,44.98090158216655,-93.22698754258454,6501295035,254.36276497695852,0.07276497695852413,2021-03-27T15:02:53Z
446.12,5.701,169,85,76,254.27,44.98088439926505,-93.22692199610174,6501295035,254.3404147465438,0.07041474654377566,2021-03-27T15:02:54Z
451.62,5.692,171,85,77,254.29,44.980873335152864,-93.22685393504798,6501295035,254.31921658986175,0.029216589861761122,2021-03-27T15:02:55Z
457.15,5.682,171,86,78,254.34,44.980871910229325,-93.22678386233748,6501295035,254.29972350230415,-0.040276497695856506,2021-03-27T15:02:56Z
462.66,5.57,168,86,79,254.37,44.98087551444769,-93.22671404108404,6501295035,254.2820276497696,-0.08797235023041594,2021-03-27T15:02:57Z
468.28,5.57,168,86,80,254.44,44.98088741675019,-93.22664480656384,6501295035,254.26539170506913,-0.17460829493086294,2021-03-27T15:02:58Z
474.01,5.57,168,86,81,254.49,44.98090686276555,-93.22657758370042,6501295035,254.25064516129032,-0.2393548387096871,2021-03-27T15:02:59Z
479.74,5.636,168,86,82,254.48,44.9809320922941,-93.22651421651244,6501295035,254.23889400921658,-0.2411059907834101,2021-03-27T15:03:00Z
485.35,5.636,167,85,83,254.44,44.98096193186939,-93.22645663283764,6501295035,254.22917050691245,-0.2108294930875445,2021-03-27T15:03:01Z
491.05,5.58,167,85,84,254.37,44.98099613003433,-93.22640282101928,6501295035,254.2220276497696,-0.14797235023041821,2021-03-27T15:03:02Z
496.79,5.57,167,85,85,254.29,44.98103527352214,-93.22635537944734,6501295035,254.21700460829493,-0.07299539170506364,2021-03-27T15:03:03Z
502.49,5.57,167,85,86,254.18,44.98107952997088,-93.22631866671144,6501295035,254.21483870967742,0.03483870967741609,2021-03-27T15:03:04Z
508.34,5.608,164,86,87,253.87,44.981127474457026,-93.2262879051268,6501295035,254.2163594470046,0.34635944700460186,2021-03-27T15:03:05Z
514.19,5.664,164,86,88,253.79,44.98117885552347,-93.22627181187272,6501295035,254.22041474654378,0.4304147465437893,2021-03-27T15:03:06Z
519.88,5.664,163,86,89,253.75,44.98122990131378,-93.22626502253117,6501295035,254.22557603686636,0.4755760368663573,2021-03-27T15:03:07Z
525.8,5.692,163,86,90,253.71,44.98128295876086,-93.226272566244,6501295035,254.23239631336406,0.5223963133640552,2021-03-27T15:03:08Z
531.8,5.701,160,86,91,253.75,44.981335597112775,-93.22629016824068,6501295035,254.23981566820277,0.4898156682027661,2021-03-27T15:03:09Z
538.19,5.72,159,86,92,253.91,44.981389828026295,-93.22631707414985,6501295035,254.24792626728112,0.3379262672811194,2021-03-27T15:03:10Z
544.88,5.738,159,86,93,253.96,44.98144187964499,-93.22636015713216,6501295035,254.25603686635944,0.2960368663594295,2021-03-27T15:03:11Z
551.33,5.813,159,86,94,254.08,44.981487561017275,-93.2264105323702,6501295035,254.26377880184333,0.1837788018433173,2021-03-27T15:03:12Z
557.72,5.832,159,86,95,254.04,44.981528632342815,-93.22646736167373,6501295035,254.27023041474655,0.2302304147465577,2021-03-27T15:03:13Z
563.68,5.841,158,86,96,254.12,44.981563249602914,-93.2265251968056,6501295035,254.2757142857143,0.15571428571428214,2021-03-27T15:03:14Z
569.6,5.841,158,86,97,254.1,44.981596022844315,-93.22658454068004,6501295035,254.27981566820276,0.17981566820276385,2021-03-27T15:03:15Z
575.69,5.841,158,85,98,253.98,44.98162846080959,-93.22664690203965,6501295035,254.28317972350231,0.3031797235023248,2021-03-27T15:03:16Z
581.45,5.841,158,85,99,254.31,44.98165846802294,-93.22670666500926,6501295035,254.28603686635944,-0.023963133640563683,2021-03-27T15:03:17Z
587.27,5.841,158,85,100,254.59,44.981689397245646,-93.2267662603408,6501295035,254.29013824884794,-0.2998617511520649,2021-03-27T15:03:18Z
593,5.822,158,85,101,254.51,44.98172091320157,-93.22682376019657,6501295035,254.29608294930875,-0.21391705069123645,2021-03-27T15:03:19Z
598.72,5.813,158,85,102,254.6,44.98175184242427,-93.22688167914748,6501295035,254.3047465437788,-0.2952534562211895,2021-03-27T15:03:20Z
604.49,5.804,158,85,103,254.55,44.98178352601826,-93.22693976573646,6501295035,254.31645161290322,-0.23354838709678916,2021-03-27T15:03:21Z
610.24,5.794,157,85,104,254.61,44.98181562870741,-93.22699693031608,6501295035,254.3316589861751,-0.2783410138248996,2021-03-27T15:03:22Z
615.88,5.794,154,84,105,254.61,44.981846641749144,-93.22705359198152,6501295035,254.34953917050692,-0.26046082949309834,2021-03-27T15:03:23Z
621.17,5.794,153,84,106,254.62,44.98187564313412,-93.22710681706668,6501295035,254.36935483870968,-0.250645161290322,2021-03-27T15:03:24Z
626.58,5.785,152,84,107,254.57,44.98190506361425,-93.22716146707536,6501295035,254.3888479262673,-0.18115207373270437,2021-03-27T15:03:25Z
631.95,5.766,151,84,108,254.62,44.981936076655984,-93.2272136863321,6501295035,254.40709677419355,-0.21290322580645693,2021-03-27T15:03:26Z
637.73,5.748,151,84,109,254.53,44.98196817934513,-93.2272712700069,6501295035,254.42336405529954,-0.10663594470045723,2021-03-27T15:03:27Z
643.55,5.748,151,84,110,254.56,44.98200044967234,-93.22732952423394,6501295035,254.4379262672811,-0.12207373271888855,2021-03-27T15:03:28Z
649.29,5.738,151,84,111,254.62,44.98203221708536,-93.2273867726326,6501295035,254.45119815668204,-0.168801843317965,2021-03-27T15:03:29Z
655.08,5.738,151,84,112,254.65,44.982061218470335,-93.22744779288767,6501295035,254.46276497695854,-0.18723502304146677,2021-03-27T15:03:30Z
660.8,5.729,151,85,113,254.53,44.98208334669471,-93.22751333937047,6501295035,254.47188940092167,-0.058110599078332825,2021-03-27T15:03:31Z
666.55,5.72,151,85,114,254.53,44.9820991884917,-93.22758265770972,6501295035,254.479400921659,-0.05059907834100841,2021-03-27T15:03:32Z
672.4,5.72,150,86,115,254.4,44.982107905671,-93.22765591554344,6501295035,254.4852995391705,0.08529953917050648,2021-03-27T15:03:33Z
678.38,5.72,150,86,116,254.32,44.98210882768035,-93.22773168794812,6501295035,254.49018433179725,0.1701843317972589,2021-03-27T15:03:34Z
684.27,5.72,150,86,117,254.26,44.982100864872336,-93.22780553251503,6501295035,254.49299539170508,0.23299539170508865,2021-03-27T15:03:35Z
689.99,5.729,150,86,118,254.32,44.9820854421705,-93.22787476703525,6501295035,254.4930875576037,0.17308755760370786,2021-03-27T15:03:36Z
695.83,5.729,150,86,119,254.35,44.98206247575581,-93.22794140316546,6501295035,254.49175115207373,0.14175115207373779,2021-03-27T15:03:37Z
702.1,5.738,150,85,120,254.39,44.98202903196216,-93.22800552472472,6501295035,254.4904608294931,0.10046082949310176,2021-03-27T15:03:38Z
708.27,5.738,150,85,121,254.46,44.98198972083628,-93.22806092910469,6501295035,254.48866359447004,0.028663594470032194,2021-03-27T15:03:39Z
714.67,5.748,150,85,122,254.54,44.98194412328303,-93.2281106337905,6501295035,254.48718894009218,-0.05281105990781043,2021-03-27T15:03:40Z
720.7,5.748,150,85,123,254.52,44.981897016987205,-93.2281484361738,6501295035,254.4857142857143,-0.034285714285715585,2021-03-27T15:03:41Z
726.15,5.757,150,85,124,254.46,44.98185225762427,-93.22817710228264,6501295035,254.4841935483871,0.024193548387103192,2021-03-27T15:03:42Z
732.08,5.766,150,85,125,254.46,44.98180070891976,-93.22819621302187,6501295035,254.48248847926268,0.02248847926267672,2021-03-27T15:03:43Z
737.84,5.757,150,85,126,254.33,44.981748992577195,-93.22820258326828,6501295035,254.48115207373272,0.15115207373270323,2021-03-27T15:03:44Z
743.85,5.757,150,85,127,254.33,44.98169492930174,-93.2282013259828,6501295035,254.4799539170507,0.14995391705068073,2021-03-27T15:03:45Z
749.72,5.766,150,85,128,254.48,44.98164304532111,-93.22818732820453,6501295035,254.47972350230415,-2.764976958360421e-4,2021-03-27T15:03:46Z
756.12,5.757,150,85,129,254.49,44.98158705420792,-93.22816838510334,6501295035,254.4800921658986,-0.009907834101397839,2021-03-27T15:03:47Z
762.28,5.766,150,85,130,254.55,44.98153818771243,-93.22813142091036,6501295035,254.4810138248848,-0.06898617511521365,2021-03-27T15:03:48Z
768.37,5.776,150,86,131,254.56,44.9814931768924,-93.22808733209968,6501295035,254.48216589861752,-0.0778341013824786,2021-03-27T15:03:49Z
774.46,5.785,150,86,132,254.54,44.98145319521427,-93.22803444229066,6501295035,254.48350230414746,-0.05649769585252784,2021-03-27T15:03:50Z
780.71,5.785,150,87,133,254.54,44.98141614720225,-93.22797476314008,6501295035,254.4841474654378,-0.05585253456220585,2021-03-27T15:03:51Z
786.98,5.794,150,87,134,254.54,44.981378177180886,-93.22791600599884,6501295035,254.48405529953916,-0.055944700460827335,2021-03-27T15:03:52Z
793.25,5.813,150,87,135,254.54,44.981342386454344,-93.22785431519152,6501295035,254.4826267281106,-0.05737327188938934,2021-03-27T15:03:53Z
799.35,5.813,150,87,136,254.53,44.98130709864199,-93.22779497131704,6501295035,254.48013824884794,-0.049861751152064926,2021-03-27T15:03:54Z
805.26,5.822,150,86,137,254.55,44.98127583414316,-93.22773411870004,6501295035,254.4772350230415,-0.07276497695852413,2021-03-27T15:03:55Z
811.26,5.832,150,85,138,254.55,44.98124213889241,-93.22767452336848,6501295035,254.47460829493087,-0.07539170506913706,2021-03-27T15:03:56Z
817.14,5.841,150,85,139,254.54,44.98120835982263,-93.22761727496982,6501295035,254.47294930875577,-0.06705069124421925,2021-03-27T15:03:57Z
823.09,5.841,150,85,140,254.54,44.98117349110544,-93.22755994275212,6501295035,254.47230414746545,-0.06769585253454125,2021-03-27T15:03:58Z
829.13,5.841,150,86,141,254.55,44.9811392929405,-93.2275004312396,6501295035,254.47175115207372,-0.0782488479262895,2021-03-27T15:03:59Z
834.83,5.85,150.45,86,142,254.54,44.98111062683165,-93.2274404168129,6501295035,254.47087557603686,-0.06912442396313168,2021-03-27T15:04:00Z
840.73,5.85,150,87,143,254.53,44.98107844032347,-93.22738082148136,6501295035,254.4678801843318,-0.06211981566821123,2021-03-27T15:04:01Z
846.5,5.85,150,87,144,254.54,44.98105010949075,-93.22731954976916,6501295035,254.4616129032258,-0.0783870967741791,2021-03-27T15:04:02Z
852.67,5.86,151,86,145,254.54,44.98101389966905,-93.22726012207568,6501295035,254.4515668202765,-0.08843317972349496,2021-03-27T15:04:03Z
858.79,5.86,151,86,146,254.53,44.98097953386605,-93.22719952091576,6501295035,254.43709677419355,-0.09290322580645238,2021-03-27T15:04:04Z
864.77,5.878,157,86,147,254.46,44.98094625771046,-93.2271399255842,6501295035,254.4189400921659,-0.04105990783409652,2021-03-27T15:04:05Z
870.56,5.878,168,86,148,254.37,44.980918262153864,-93.22707798331976,6501295035,254.39801843317971,0.0280184331797102,2021-03-27T15:04:06Z
876.94,5.878,171,86,149,254.29,44.98089085333049,-93.22700690478086,6501295035,254.3752534562212,0.08525345622120994,2021-03-27T15:04:07Z
883.64,5.878,173,86,150,254.27,44.980867048725486,-93.22692886926234,6501295035,254.3520737327189,0.08207373271889651,2021-03-27T15:04:08Z
889.61,5.906,174,87,151,254.25,44.98085196129978,-93.2268561143428,6501295035,254.3295391705069,0.07953917050690507,2021-03-27T15:04:09Z
895.53,5.906,175,87,152,254.31,44.980845507234335,-93.2267815992236,6501295035,254.30829493087558,-0.0017050691244264726,2021-03-27T15:04:10Z
901.37,5.916,175,87,153,254.38,44.98084584251046,-93.2267075870186,6501295035,254.28760368663595,-0.09239631336404841,2021-03-27T15:04:11Z
907.21,5.916,175,88,154,254.43,44.98085682280362,-93.22663508355618,6501295035,254.26723502304148,-0.16276497695852754,2021-03-27T15:04:12Z
913.11,5.925,175,88,155,254.48,44.98087417334318,-93.22656442411244,6501295035,254.24884792626727,-0.23115207373271573,2021-03-27T15:04:13Z
919.04,5.925,175,87,156,254.49,44.98090200126171,-93.22650005109608,6501295035,254.23327188940092,-0.2567281105990844,2021-03-27T15:04:14Z
924.9,5.925,176,87,157,254.46,44.98093469068408,-93.22644179686904,6501295035,254.22096774193548,-0.2390322580645261,2021-03-27T15:04:15Z
930.69,5.925,176,87,158,254.41,44.980972073972225,-93.2263906672597,6501295035,254.21170506912443,-0.19829493087556216,2021-03-27T15:04:16Z
936.1,5.925,176,87,159,254.35,44.98100895434618,-93.22634540498257,6501295035,254.20552995391705,-0.14447004608294378,2021-03-27T15:04:17Z
941.59,5.925,176,87,160,254.26,44.98105161823332,-93.22631003335118,6501295035,254.20336405529955,-0.05663594470044586,2021-03-27T15:04:18Z
947.1,5.925,176,87,161,254,44.98109771870077,-93.22628371417522,6501295035,254.20557603686635,0.20557603686634707,2021-03-27T15:04:19Z
953.03,5.925,176,87,162,253.87,44.981150440871716,-93.2262712251395,6501295035,254.2111059907834,0.3411059907834044,2021-03-27T15:04:20Z
959.66,5.916,176,88,163,253.75,44.9812101200223,-93.22627918794753,6501295035,254.2183410138249,0.46834101382489735,2021-03-27T15:04:21Z
966.23,5.916,176,88,164,253.71,44.98126845806837,-93.22629360482097,6501295035,254.22728110599078,0.5172811059907758,2021-03-27T15:04:22Z
973.23,5.925,176,88,165,253.82,44.981328304857016,-93.22632101364434,6501295035,254.23728110599077,0.4172811059907815,2021-03-27T15:04:23Z
979.93,5.934,176,88,166,253.81,44.98138387687504,-93.22635428979991,6501295035,254.24723502304147,0.4372350230414668,2021-03-27T15:04:24Z
986.55,5.953,176,87,167,253.9,44.98143400065601,-93.22639971971512,6501295035,254.25691244239633,0.3569124423963217,2021-03-27T15:04:25Z
992.78,5.953,176,87,168,253.91,44.9814759939909,-93.22645193897188,6501295035,254.26483870967743,0.3548387096774377,2021-03-27T15:04:26Z
999.43,5.953,176,87,169,254,44.981517316773534,-93.22651287540792,6501295035,254.26986175115206,0.2698617511520638,2021-03-27T15:04:27Z
1005.91,5.953,176,87,170,254.03,44.98155587352812,-93.22657465003432,6501295035,254.2720737327189,0.2420737327188931,2021-03-27T15:04:28Z
1012.72,5.962,176,87,171,253.83,44.98159660957754,-93.2266391068697,6501295035,254.27138248847928,0.4413824884792632,2021-03-27T15:04:29Z
1019.58,5.972,169,87,172,253.9,44.98163742944598,-93.22670423425734,6501295035,254.26861751152074,0.36861751152073907,2021-03-27T15:04:30Z
1026.52,5.99,166,88,173,254.24,44.981678584590554,-93.22677053511144,6501295035,254.26562211981567,0.0256221198156652,2021-03-27T15:04:31Z
1033.47,6.018,165,89,174,254.51,44.98172074556351,-93.226835494861,6501295035,254.2641013824885,-0.2458986175115001,2021-03-27T15:04:32Z
1040.53,6.046,164,90,175,254.61,44.98176349326968,-93.2269017957151,6501295035,254.2657142857143,-0.34428571428571786,2021-03-27T15:04:33Z
1047.23,6.084,163,90,176,254.65,44.98180355876684,-93.2269652467221,6501295035,254.2714746543779,-0.3785253456221085,2021-03-27T15:04:34Z
1054.04,6.14,163,91,177,254.69,44.98184412717819,-93.22703012265264,6501295035,254.28142857142856,-0.4085714285714346,2021-03-27T15:04:35Z
1060.68,6.168,163,91,178,254.62,44.981882432475686,-93.2270947471261,6501295035,254.2947004608295,-0.3252995391705156,2021-03-27T15:04:36Z
1067.37,6.205,163,91,179,254.67,44.981919564306736,-93.22716146707536,6501295035,254.31087557603686,-0.3591244239631237,2021-03-27T15:04:37Z
1074.07,6.261,163,91,180,254.71,44.98195636086166,-93.22722877375782,6501295035,254.32857142857142,-0.3814285714285859,2021-03-27T15:04:38Z
1080.71,6.28,162,91,181,254.62,44.98199257068336,-93.22729566134512,6501295035,254.34645161290322,-0.2735483870967812,2021-03-27T15:04:39Z
1087.08,6.298,162,91,182,254.69,44.982027523219585,-93.2273597829044,6501295035,254.36382488479262,-0.3261751152073771,2021-03-27T15:04:40Z
1093.57,6.308,165,91,183,254.65,44.98205887153745,-93.22742926888168,6501295035,254.38041474654378,-0.26958525345622775,2021-03-27T15:04:41Z
1100.01,6.308,171,91,184,254.53,44.98208669945598,-93.22750085033476,6501295035,254.3973271889401,-0.13267281105990492,2021-03-27T15:04:42Z
1106.6,6.336,174,91,185,254.53,44.98211033642292,-93.22757746092977,6501295035,254.41474654377882,-0.11525345622118266,2021-03-27T15:04:43Z
1113.14,6.354,177,91,186,254.4,44.98212802223861,-93.22765658609568,6501295035,254.43115207373273,0.031152073732727104,2021-03-27T15:04:44Z
1119.37,6.373,178,91,187,254.28,44.98213774524629,-93.22773445397615,6501295035,254.4457142857143,0.16571428571430147,2021-03-27T15:04:45Z
1125.21,6.382,179,91,188,254.2,44.98213682323694,-93.2278085500002,6501295035,254.4578341013825,0.25783410138251384,2021-03-27T15:04:46Z
1131.16,6.354,179,90,189,254.22,44.9821250885725,-93.22788214311004,6501295035,254.46718894009217,0.24718894009217252,2021-03-27T15:04:47Z
1137.31,6.345,179,90,190,254.24,44.98210254125297,-93.22795355692506,6501295035,254.47350230414747,0.2335023041474642,2021-03-27T15:04:48Z
1143.69,6.345,180,90,191,254.36,44.98207152821123,-93.22802178561687,6501295035,254.47612903225806,0.11612903225804416,2021-03-27T15:04:49Z
1150.14,6.336,180,89,192,254.42,44.982032887637615,-93.22808347642422,6501295035,254.4752073732719,0.055207373271912275,2021-03-27T15:04:50Z
1156.83,6.326,180,89,193,254.47,44.981985446065664,-93.22813569568098,6501295035,254.4721198156682,0.0021198156682089575,2021-03-27T15:04:51Z
1163.09,6.336,179,89,194,254.44,44.98193590901792,-93.2281738333404,6501295035,254.4685253456221,0.028525345622114173,2021-03-27T15:04:52Z
1170.26,6.336,176,88,195,254.36,44.98187564313412,-93.22820652276278,6501295035,254.46451612903226,0.10451612903224827,2021-03-27T15:04:53Z
1176.98,6.336,156,88,196,254.35,44.98181621544063,-93.2282226998359,6501295035,254.4604608294931,0.11046082949309266,2021-03-27T15:04:54Z
1183.72,6.354,149,88,197,254.33,44.98175569809973,-93.22822814807296,6501295035,254.45709677419356,0.12709677419354648,2021-03-27T15:04:55Z
1190.16,6.354,149,88,198,254.33,44.981698198243976,-93.22821683250368,6501295035,254.45414746543779,0.12414746543777255,2021-03-27T15:04:56Z
1197.23,6.354,149,88,199,254.37,44.98163550160825,-93.228201828897,6501295035,254.45225806451612,0.08225806451611106,2021-03-27T15:04:57Z
1203.91,6.354,149,88,200,254.49,44.98158026486635,-93.22816830128431,6501295035,254.45170506912442,-0.03829493087559399,2021-03-27T15:04:58Z
1210.52,6.364,149,88,201,254.55,44.981527123600245,-93.22813058272004,6501295035,254.4521198156682,-0.09788018433181378,2021-03-27T15:04:59Z
1216.82,6.373,149,88,202,254.55,44.98148387297988,-93.22807878255844,6501295035,254.45359447004608,-0.09640552995392682,2021-03-27T15:05:00Z
1223.2,6.373,148,88,203,254.54,44.981443556025624,-93.2280210312456,6501295035,254.45552995391705,-0.08447004608294151,2021-03-27T15:05:01Z
1229.75,6.373,146,88,204,254.54,44.98140558600426,-93.22795749641956,6501295035,254.45691244239632,-0.08308755760367603,2021-03-27T15:05:02Z
1236.27,6.373,145,87,205,254.54,44.981370717287064,-93.2278907764703,6501295035,254.45774193548388,-0.08225806451611106,2021-03-27T15:05:03Z
1242.47,6.373,144,87,206,254.54,44.98133861459792,-93.22782631963491,6501295035,254.45769585253456,-0.08230414746543602,2021-03-27T15:05:04Z
1248.64,6.373,143,87,207,254.54,44.98130693100393,-93.22776169516146,6501295035,254.45705069124423,-0.08294930875575801,2021-03-27T15:05:05Z
1254.87,6.364,143,87,208,254.55,44.981272565200925,-93.22769908234476,6501295035,254.4564055299539,-0.09359447004609933,2021-03-27T15:05:06Z
1261.08,6.364,142,87,209,254.54,44.98124155215919,-93.227633619681,6501295035,254.45599078341013,-0.08400921658986249,2021-03-27T15:05:07Z
1267.01,6.354,141,87,210,254.54,44.98120743781328,-93.22757553309202,6501295035,254.456267281106,-0.08373271889399803,2021-03-27T15:05:08Z
1273.01,6.336,140,87,211,254.54,44.9811702221632,-93.22752021253108,6501295035,254.4573732718894,-0.08262672811059701,2021-03-27T15:05:09Z
1278.92,6.326,139,87,212,254.54,44.9811356049031,-93.2274633832276,6501295035,254.45847926267282,-0.08152073732716758,2021-03-27T15:05:10Z
1285.04,6.326,110,87,213,254.53,44.981097215786576,-93.22740747593345,6501295035,254.45829493087558,-0.07170506912441965,2021-03-27T15:05:11Z
1290.99,6.317,111,87,214,254.53,44.981061927974224,-93.2273505628109,6501295035,254.45562211981567,-0.07437788018432911,2021-03-27T15:05:12Z
1297.05,6.298,114,87,215,254.54,44.98102756217122,-93.22729088366032,6501295035,254.44935483870967,-0.0906451612903254,2021-03-27T15:05:13Z
1302.95,6.298,116,87,216,254.54,44.98099219053984,-93.22723497636616,6501295035,254.43940092165897,-0.10059907834101978,2021-03-27T15:05:14Z
1308.87,6.289,118,87,217,254.5,44.98095807619393,-93.22717739269136,6501295035,254.42502304147465,-0.07497695852535458,2021-03-27T15:05:15Z
1314.6,6.27,133,87,218,254.4,44.980928571894765,-93.22711754590271,6501295035,254.40700460829493,0.007004608294920445,2021-03-27T15:05:16Z
1320.21,6.27,163,86,219,254.33,44.9809009116143,-93.22705795057118,6501295035,254.38612903225805,0.05612903225804189,2021-03-27T15:05:17Z
1325.95,6.252,173,86,220,254.29,44.98087911866605,-93.2269919011742,6501295035,254.36387096774195,0.07387096774195356,2021-03-27T15:05:18Z
1331.96,6.242,175,86,221,254.22,44.98086025938392,-93.22692040354012,6501295035,254.34119815668203,0.12119815668202705,2021-03-27T15:05:19Z
1338.08,6.233,176,86,222,254.25,44.98085028491914,-93.2268439605832,6501295035,254.3190322580645,0.06903225806451019,2021-03-27T15:05:20Z
1343.78,6.224,177,86,223,254.31,44.980847937986255,-93.2267715409398,6501295035,254.29728110599078,-0.012718894009225323,2021-03-27T15:05:21Z
1349.77,6.224,177,87,224,254.38,44.98085296712816,-93.2266959361732,6501295035,254.27608294930874,-0.10391705069125123,2021-03-27T15:05:22Z
1355.77,6.205,177,87,225,254.43,44.9808644503355,-93.2266216725111,6501295035,254.25534562211982,-0.1746543778801879,2021-03-27T15:05:23Z
1361.8,6.196,173,87,226,254.49,44.98088406398893,-93.22655034251513,6501295035,254.236866359447,-0.2531336405530169,2021-03-27T15:05:24Z
1367.6,6.196,171,87,227,254.47,44.98090837150812,-93.22648513130844,6501295035,254.22138248847926,-0.24861751152073452,2021-03-27T15:05:25Z
1373.33,6.186,169,87,228,254.46,44.98093829490245,-93.22642603889108,6501295035,254.20889400921658,-0.25110599078342943,2021-03-27T15:05:26Z
1379.06,6.186,168,87,229,254.4,44.9809735827148,-93.22637289762496,6501295035,254.19894009216588,-0.20105990783412153,2021-03-27T15:05:27Z
1384.92,6.177,167,87,230,254.26,44.981017084792256,-93.22633048519492,6501295035,254.19207373271888,-0.06792626728110918,2021-03-27T15:05:28Z
1390.76,6.168,168,86,231,254.12,44.98106377199292,-93.22629611939192,6501295035,254.1894470046083,0.06944700460829267,2021-03-27T15:05:29Z
1396.82,6.168,169,86,232,254,44.9811131414026,-93.22626376524568,6501295035,254.19078341013824,0.19078341013823774,2021-03-27T15:05:30Z
1403.03,6.158,171,86,233,253.9,44.981168964877725,-93.2262537907809,6501295035,254.19447004608296,0.29447004608294947,2021-03-27T15:05:31Z
1409.16,6.158,172,86,234,253.86,44.98122411780059,-93.22625295259058,6501295035,254.19981566820277,0.33981566820276043,2021-03-27T15:05:32Z
1415.53,6.149,168,86,235,253.71,44.98128010891378,-93.2262730691582,6501295035,254.20617511520737,0.49617511520736457,2021-03-27T15:05:33Z
1422.03,6.149,166,86,236,253.82,44.9813343398273,-93.22630433365704,6501295035,254.21341013824886,0.3934101382488677,2021-03-27T15:05:34Z
1429.61,6.149,166,86,237,253.81,44.9813914205879,-93.22635806165636,6501295035,254.22092165898619,0.41092165898618305,2021-03-27T15:05:35Z
1436.93,6.149,165,87,238,253.87,44.98144447803497,-93.22641329839826,6501295035,254.22760368663594,0.3576036866359402,2021-03-27T15:05:36Z
1443.78,6.168,164,88,239,253.91,44.981488985940814,-93.226473396644,6501295035,254.233133640553,0.3231336405530101,2021-03-27T15:05:37Z
1450.59,6.177,164,88,240,254,44.98152980580926,-93.22653802111743,6501295035,254.23728110599077,0.23728110599077468,2021-03-27T15:05:38Z
1457.17,6.196,164,88,241,253.95,44.981566770002246,-93.22660314850508,6501295035,254.2394930875576,0.2894930875576165,2021-03-27T15:05:39Z
1463.62,6.196,163,88,242,253.83,44.98160214163363,-93.22666810825469,6501295035,254.24036866359447,0.4103686635944541,2021-03-27T15:05:40Z
1469.83,6.205,163,87,243,253.92,44.98163650743663,-93.22673013433814,6501295035,254.240599078341,0.32059907834101864,2021-03-27T15:05:41Z
1475.88,6.196,162,86,244,254.29,44.98166911303997,-93.22679174132644,6501295035,254.24124423963133,-0.048755760368663914,2021-03-27T15:05:42Z
1481.75,6.196,160,86,245,254.51,44.98170188628137,-93.2268502470106,6501295035,254.24354838709678,-0.26645161290321084,2021-03-27T15:05:43Z
1487.58,6.196,155,86,246,254.55,44.98173465952277,-93.2269079145044,6501295035,254.24847926267282,-0.30152073732719487,2021-03-27T15:05:44Z
1493.53,6.186,151,85,247,254.55,44.98176885768771,-93.22696608491242,6501295035,254.25649769585254,-0.2935023041474665,2021-03-27T15:05:45Z
1499.4,6.177,149,85,248,254.58,44.981803223490715,-93.2270225789398,6501295035,254.26824884792626,-0.3117511520737537,2021-03-27T15:05:46Z
1505.37,6.158,148,85,249,254.61,44.98183817602694,-93.22707999497652,6501295035,254.28276497695853,-0.32723502304148155,2021-03-27T15:05:47Z
1511.37,6.121,147,86,250,254.57,44.98187220655382,-93.22713908739388,6501295035,254.29884792626729,-0.2711520737327078,2021-03-27T15:05:48Z
1517.34,6.121,147,86,251,254.56,44.98190464451909,-93.22719952091576,6501295035,254.31534562211982,-0.24465437788018107,2021-03-27T15:05:49Z
1522.98,6.112,147,85,252,254.56,44.981935657560825,-93.22725609876215,6501295035,254.33133640552995,-0.22866359447004925,2021-03-27T15:05:50Z
1528.57,6.093,147,85,253,254.48,44.98196457512677,-93.2273141015321,6501295035,254.34566820276498,-0.13433179723500643,2021-03-27T15:05:51Z
1534.33,6.074,147,85,254,254.51,44.981992319226265,-93.22737579233944,6501295035,254.3589861751152,-0.1510138248847852,2021-03-27T15:05:52Z
1540.3,6.046,147,85,255,254.52,44.98202132061124,-93.22743949480356,6501295035,254.3720276497696,-0.14797235023041821,2021-03-27T15:05:53Z
1546.17,6.009,147,85,256,254.46,44.98204646632075,-93.22750495746732,6501295035,254.38548387096773,-0.07451612903227556,2021-03-27T15:05:54Z
1551.86,5.99,147,84,257,254.48,44.98206784017384,-93.22757058776916,6501295035,254.39834101382488,-0.08165898617511402,2021-03-27T15:05:55Z
1557.83,5.981,146,84,258,254.44,44.98208234086633,-93.22764351032674,6501295035,254.40986175115208,-0.030138248847919158,2021-03-27T15:05:56Z
1563.81,5.981,143,85,259,254.38,44.98209181241691,-93.22771810926496,6501295035,254.4200460829493,0.040046082949317,2021-03-27T15:05:57Z
1569.85,5.981,145,86,260,254.34,44.98209290206432,-93.22779463604093,6501295035,254.42926267281106,0.08926267281105993,2021-03-27T15:05:58Z
1575.79,5.99,146,86,261,254.32,44.98208594508469,-93.22786940261722,6501295035,254.4363594470046,0.1163594470046121,2021-03-27T15:05:59Z
1581.68,6,147,85,262,254.35,44.98206960037351,-93.22794048115612,6501295035,254.44,0.09000000000000341,2021-03-27T15:06:00Z
1587.66,6.009,148,85,263,254.39,44.98204445466399,-93.22800778783858,6501295035,254.44059907834102,0.05059907834103683,2021-03-27T15:06:01Z
1593.5,6.009,148,85,264,254.46,44.982015285640955,-93.22806947864592,6501295035,254.43986175115208,-0.020138248847928253,2021-03-27T15:06:02Z
1599.74,6.009,148,85,265,254.5,44.98197446577251,-93.22812429629266,6501295035,254.43884792626727,-0.06115207373272824,2021-03-27T15:06:03Z
1605.87,6.009,148,85,266,254.44,44.98193046078086,-93.22817123495042,6501295035,254.43815668202765,-0.0018433179723444937,2021-03-27T15:06:04Z
1612.13,6.018,149,85,267,254.36,44.981881426647305,-93.2282102946192,6501295035,254.43769585253455,0.07769585253453215,2021-03-27T15:06:05Z
1617.84,6.018,149,85,268,254.21,44.98183289542794,-93.22823468595745,6501295035,254.43751152073733,0.22751152073732328,2021-03-27T15:06:06Z
1623.71,6.018,149,85,269,254.19,44.981780676171184,-93.22824683971704,6501295035,254.4380184331797,0.24801843317970906,2021-03-27T15:06:07Z
1630.02,6.018,149,85,270,254.19,44.98172384686768,-93.2282456662506,6501295035,254.4389400921659,0.24894009216589552,2021-03-27T15:06:08Z
1636.36,6.018,149,85,271,254.2,44.981666933745146,-93.22823971509932,6501295035,254.44046082949308,0.2404608294930881,2021-03-27T15:06:09Z
1642.49,6.018,149,84,272,254.37,44.98161379247904,-93.22821800597012,6501295035,254.44285714285715,0.07285714285714562,2021-03-27T15:06:10Z
1648.59,6.028,149,84,273,254.5,44.981563249602914,-93.22818749584258,6501295035,254.44548387096773,-0.054516129032265326,2021-03-27T15:06:11Z
1655,6.028,149,84,274,254.55,44.981512958183885,-93.22814768180253,6501295035,254.44887096774193,-0.10112903225808623,2021-03-27T15:06:12Z
1660.94,6.028,149,84,275,254.56,44.98147171922028,-93.22809806093574,6501295035,254.45294470046082,-0.10705529953918358,2021-03-27T15:06:13Z
1666.78,6.037,149,84,276,254.54,44.981432827189565,-93.22804835624991,6501295035,254.45727649769586,-0.08272350230413394,2021-03-27T15:06:14Z
1672.81,6.037,149,84,277,254.54,44.98139946721494,-93.22798767127097,6501295035,254.45975714285714,-0.08024285714284929,2021-03-27T15:06:15Z
1678.9,6.037,149,84,278,254.54,44.98136267066002,-93.22793050669134,6501295035,254.4621133004926,-0.07788669950738836,2021-03-27T15:06:16Z
1685.2,6.037,149,84,279,254.54,44.981328723952174,-93.2278664689511,6501295035,254.46433163265306,-0.07566836734693538,2021-03-27T15:06:17Z
1691.54,6.037,149,85,280,254.53,44.981294609606266,-93.22780184447764,6501295035,254.46660846560846,-0.06339153439154188,2021-03-27T15:06:18Z
1697.66,6.046,149,85,281,254.54,44.98125915415585,-93.22774233296514,6501295035,254.46966483516482,-0.07033516483517133,2021-03-27T15:06:19Z
1704.04,6.056,149,84,282,254.54,44.981222189962864,-93.2276801392436,6501295035,254.47388,-0.06611999999998375,2021-03-27T15:06:20Z
1710.46,6.056,149,84,283,254.53,44.98117935843766,-93.22762548923492,6501295035,254.4796369047619,-0.050363095238111555,2021-03-27T15:06:21Z
1716.81,6.065,149,84,284,254.54,44.98113828711212,-93.2275696657598,6501295035,254.48750931677017,-0.05249068322981998,2021-03-27T15:06:22Z
1722.99,6.074,149,84,285,254.55,44.9810993950814,-93.22751350700857,6501295035,254.49694155844156,-0.05305844155844852,2021-03-27T15:06:23Z
1728.93,6.084,149,85,286,254.54,44.981064861640334,-93.22745609097184,6501295035,254.50686394557823,-0.033136054421760264,2021-03-27T15:06:24Z
1734.74,6.084,149,85,287,254.53,44.98103158548474,-93.22739917784928,6501295035,254.51642142857142,-0.013578571428581654,2021-03-27T15:06:25Z
1740.41,6.084,148,85,288,254.54,44.9809973873198,-93.22734586894512,6501295035,254.52435338345865,-0.015646616541346248,2021-03-27T15:06:26Z
1746.23,6.084,146,85,289,254.55,44.98096402734518,-93.22728887200356,6501295035,254.5303888888889,-0.019611111111117907,2021-03-27T15:06:27Z
1751.75,6.074,144,85,290,254.54,44.98093192465603,-93.22723556309938,6501295035,254.53419327731092,-0.005806722689072785,2021-03-27T15:06:28Z
1757.5,6.074,144,84,291,254.45,44.98090191744268,-93.2271758839488,6501295035,254.5354375,0.08543750000001182,2021-03-27T15:06:29Z
