timestamp,distance,speed,heart_rate,cadence,time_elapsed,elevation,latitude,longitude,key
2021-03-16T23:20:09Z,0,0.047,101,58,0,254.51,44.985303757712245,-93.23378040455282,6442051108
2021-03-16T23:20:10Z,0.48,1.372,100,58,1,254.51,44.98530015349388,-93.23378752917051,6442051108
2021-03-16T23:20:11Z,1.61,0.644,102,58,2,254.5,44.98528791591525,-93.23379431851208,6442051108
2021-03-16T23:20:12Z,3.91,0.644,103,58,3,254.5,44.9852682184428,-93.23380446061492,6442051108
2021-03-16T23:20:13Z,7.12,2.099,103,58,4,254.46,44.98524307273328,-93.23382432572544,6442051108
2021-03-16T23:20:14Z,10.59,2.099,105,91,5,254.46,44.98521541245282,-93.2338448613882,6442051108
2021-03-16T23:20:15Z,14.41,2.585,107,91,6,254.43,44.985184567049146,-93.23386631906033,6442051108
2021-03-16T23:20:16Z,18.23,3.518,109,91,7,254.41,44.985153721645474,-93.23388760909438,6442051108
2021-03-16T23:20:17Z,21.95,3.695,111,92,8,254.38,44.985124468803406,-93.2339106593281,6442051108
2021-03-16T23:20:18Z,25.54,3.695,111,92,9,254.33,44.98509437777102,-93.23392750695348,6442051108
2021-03-16T23:20:19Z,29.1,3.564,112,91,10,254.37,44.985062610358,-93.23392222635448,6442051108
2021-03-16T23:20:20Z,32.87,3.471,114,91,11,254.37,44.985033106058836,-93.23389808647335,6442051108
2021-03-16T23:20:21Z,36.78,3.471,115,90,12,254.45,44.98501097783446,-93.2338593620807,6442051108
2021-03-16T23:20:22Z,40.78,3.518,116,90,13,254.49,44.98499128036201,-93.23381678201258,6442051108
2021-03-16T23:20:23Z,44.66,3.527,118,90,14,254.63,44.98497216962278,-93.23377512395382,6442051108
2021-03-16T23:20:24Z,48.56,3.527,119,89,15,254.57,44.98495155014098,-93.2337346393615,6442051108
2021-03-16T23:20:25Z,52.24,3.527,119,89,16,254.63,44.984934367239475,-93.23369465768337,6442051108
2021-03-16T23:20:26Z,55.94,3.546,120,89,17,254.56,44.984917184337974,-93.23365425691009,6442051108
2021-03-16T23:20:27Z,59.7,3.546,120,89,18,254.62,44.984899163246155,-93.2336138561368,6442051108
2021-03-16T23:20:28Z,63.47,3.583,121,89,19,254.69,44.98488122597337,-93.23357320390642,6442051108
2021-03-16T23:20:29Z,67.2,3.611,122,89,20,254.62,44.984861109405756,-93.23353506624699,6442051108
2021-03-16T23:20:30Z,70.58,3.63,123,89,21,254.68,44.98484426178038,-93.23349927552044,6442051108
2021-03-16T23:20:31Z,73.83,3.63,124,88,22,254.62,44.98482674360275,-93.23346599936485,6442051108
2021-03-16T23:20:32Z,76.79,3.62,124,88,23,254.67,44.98481148853898,-93.23343507014215,6442051108
2021-03-16T23:20:33Z,79.87,3.602,125,88,24,254.6,44.98479665257037,-93.23340204544365,6442051108
2021-03-16T23:20:34Z,83.31,3.527,126,87,25,254.64,44.9847793020308,-93.23336591944098,6442051108
2021-03-16T23:20:35Z,87.26,3.499,126,87,26,254.57,44.98475767672062,-93.23332593776286,6442051108
2021-03-16T23:20:36Z,91.03,3.499,127,87,27,254.6,44.98473948799074,-93.23328528553247,6442051108
2021-03-16T23:20:37Z,94.66,3.499,128,87,28,254.58,44.98472113162279,-93.23324731551111,6442051108
2021-03-16T23:20:38Z,98.23,3.508,129,87,29,254.61,44.98470235615969,-93.23321043513715,6442051108
2021-03-16T23:20:39Z,101.89,3.518,129,87,30,254.54,44.98468358069658,-93.23317221365869,6442051108
2021-03-16T23:20:40Z,105.38,3.518,129,87,31,254.58,44.984665140509605,-93.23313625529408,6442051108
2021-03-16T23:20:41Z,108.8,3.518,130,87,32,254.51,44.98464837670326,-93.23309996165335,6442051108
2021-03-16T23:20:42Z,112.34,3.508,131,87,33,254.52,44.98463127762079,-93.23306190781295,6442051108
2021-03-16T23:20:43Z,116.13,3.508,130,88,34,254.45,44.98461392708123,-93.23302066884935,6442051108
2021-03-16T23:20:44Z,119.59,3.508,131,88,35,254.46,44.98459783382714,-93.23298303410411,6442051108
2021-03-16T23:20:45Z,123.12,3.508,131,88,36,254.42,44.98458140529692,-93.23294464498758,6442051108
2021-03-16T23:20:46Z,126.68,3.508,131,88,37,254.44,44.9845636356622,-93.23290701024234,6442051108
2021-03-16T23:20:47Z,130.23,3.508,131,88,38,254.46,44.98454854823649,-93.23286736384034,6442051108
2021-03-16T23:20:48Z,133.97,3.518,132,88,39,254.42,44.98453010804951,-93.23282746598125,6442051108
2021-03-16T23:20:49Z,137.54,3.518,132,88,40,254.4,44.98451091349125,-93.23279108852148,6442051108
2021-03-16T23:20:50Z,140.72,3.518,132,88,41,254.32,44.98448928818107,-93.23276476934552,6442051108
2021-03-16T23:20:51Z,144.06,3.518,132,89,42,254.32,44.98446104116738,-93.23275035247207,6442051108
2021-03-16T23:20:52Z,147.28,3.49,132,89,43,254.35,44.9844322912395,-93.23274507187307,6442051108
2021-03-16T23:20:53Z,150.33,3.48,132,89,44,254.35,44.98440488241613,-93.23274280875921,6442051108
2021-03-16T23:20:54Z,153.39,3.462,132,89,45,254.37,44.984378311783075,-93.232731660828,6442051108
2021-03-16T23:20:55Z,156.74,3.434,132,89,46,254.39,44.98435081914067,-93.23271414265037,6442051108
2021-03-16T23:20:56Z,160.19,3.415,133,88,47,254.39,44.98432483524084,-93.2326901704073,6442051108
2021-03-16T23:20:57Z,163.71,3.415,133,88,48,254.41,44.98430019244552,-93.23266175575554,6442051108
2021-03-16T23:20:58Z,167.22,3.415,133,88,49,254.5,44.98427990823984,-93.2326275575906,6442051108
2021-03-16T23:20:59Z,170.58,3.415,134,88,50,254.5,44.98426222242415,-93.23259285651147,6442051108
2021-03-16T23:21:00Z,174.11,3.415,134,88,51,254.61,44.98424705117941,-93.2325535453856,6442051108
2021-03-16T23:21:01Z,177.61,3.415,135,89,52,254.39,44.98423338867724,-93.23251347988844,6442051108
2021-03-16T23:21:02Z,181.12,3.415,135,89,53,254.22,44.98421913944185,-93.23247383348644,6442051108
2021-03-16T23:21:03Z,184.45,3.415,135,88,54,254.14,44.98420572839677,-93.2324359472841,6442051108
2021-03-16T23:21:04Z,187.81,3.415,136,88,55,253.99,44.984190473333,-93.23239915072918,6442051108
2021-03-16T23:21:05Z,191.24,3.415,136,88,56,254.05,44.98417379334569,-93.23236260563135,6442051108
2021-03-16T23:21:06Z,194.57,3.415,137,88,57,253.96,44.984157364815474,-93.23232723399997,6442051108
2021-03-16T23:21:07Z,198.02,3.415,137,88,58,253.96,44.98413909226656,-93.23229177854955,6442051108
2021-03-16T23:21:08Z,201.79,3.415,138,89,59,254.07,44.98411746695638,-93.23225506581366,6442051108
2021-03-16T23:21:09Z,205.42,3.415,137,89,60,254.06,44.984097853302956,-93.23221810162067,6442051108
2021-03-16T23:21:10Z,208.84,3.424,136,89,61,253.94,44.98407983221114,-93.23218298144639,6442051108
2021-03-16T23:21:11Z,212.12,3.424,136,88,62,253.82,44.98406399041414,-93.23214794509113,6442051108
2021-03-16T23:21:12Z,215.08,3.424,137,88,63,253.98,44.98405301012099,-93.23211374692619,6442051108
2021-03-16T23:21:13Z,218.08,3.424,137,87,64,253.88,44.984041107818484,-93.23207946494222,6442051108
2021-03-16T23:21:14Z,220.99,3.415,138,87,65,253.7,44.984029456973076,-93.23204635642469,6442051108
2021-03-16T23:21:15Z,224.13,3.396,138,86,66,253.56,44.984016045928,-93.23201140388846,6442051108
2021-03-16T23:21:16Z,227.45,3.378,139,86,67,253.35,44.98399995267391,-93.23197578079998,6442051108
2021-03-16T23:21:17Z,231.05,3.378,139,86,68,253.47,44.983982937410474,-93.2319369725883,6442051108
2021-03-16T23:21:18Z,234.32,3.378,140,85,69,253.4,44.98396776616573,-93.23190134949982,6442051108
2021-03-16T23:21:19Z,237.49,3.378,140,85,70,253.32,44.9839520920068,-93.2318677380681,6442051108
2021-03-16T23:21:20Z,240.65,3.368,139,85,71,253.58,44.983937507495284,-93.2318333722651,6442051108
2021-03-16T23:21:21Z,243.64,3.368,140,85,72,253.45,44.983922336250544,-93.23180202394724,6442051108
2021-03-16T23:21:22Z,246.61,3.368,140,86,73,253.72,44.98390590772033,-93.23177226819098,6442051108
2021-03-16T23:21:23Z,249.76,3.359,139,86,74,253.52,44.98388889245689,-93.23174016550183,6442051108
2021-03-16T23:21:24Z,253.08,3.35,139,86,75,253.51,44.98387321829796,-93.23170437477529,6442051108
2021-03-16T23:21:25Z,256.52,3.35,140,86,76,253.36,44.98385678976774,-93.23166715912521,6442051108
2021-03-16T23:21:26Z,260.19,3.35,140,86,77,253.23,44.98384019359946,-93.23162633925676,6442051108
2021-03-16T23:21:27Z,263.48,3.35,140,86,78,253.46,44.98382686637342,-93.2315881177783,6442051108
2021-03-16T23:21:28Z,266.15,3.35,140,87,79,253.33,44.98380943201482,-93.23156355880201,6442051108
2021-03-16T23:21:29Z,268.38,3.331,140,87,80,253.4,44.98378973454237,-93.2315540034324,6442051108
2021-03-16T23:21:30Z,270.78,3.312,140,87,81,253.4,44.983768444508314,-93.23156146332622,6442051108
2021-03-16T23:21:31Z,273.76,3.284,140,89,82,253.33,44.98374422080815,-93.23157772421837,6442051108
2021-03-16T23:21:32Z,277.02,3.275,140,91,83,253.45,44.98371798545122,-93.23159649968147,6442051108
2021-03-16T23:21:33Z,280.44,3.275,140,91,84,253.45,44.983692755922675,-93.23162131011486,6442051108
2021-03-16T23:21:34Z,283.65,3.275,140,91,85,253.61,44.98366911895573,-93.23164477944374,6442051108
2021-03-16T23:21:35Z,286.62,3.275,140,90,86,253.7,44.983646823093295,-93.23166573420167,6442051108
2021-03-16T23:21:36Z,289.73,3.275,140,89,87,253.7,44.98362209647894,-93.23168417438865,6442051108
2021-03-16T23:21:37Z,293.04,3.266,140,89,88,253.88,44.983596531674266,-93.2317057158798,6442051108
2021-03-16T23:21:38Z,296.28,3.266,140,89,89,253.79,44.98357197269797,-93.23172801174223,6442051108
2021-03-16T23:21:39Z,299.49,3.266,140,88,90,253.97,44.98355043120682,-93.2317554205656,6442051108
2021-03-16T23:21:40Z,302.48,3.266,140,88,91,254,44.98352981172502,-93.2317799795419,6442051108
2021-03-16T23:21:41Z,305.42,3.256,140,88,92,254,44.98350843787193,-93.2318021915853,6442051108
2021-03-16T23:21:42Z,308.38,3.247,141,88,93,254,44.98348522000015,-93.23182071559131,6442051108
2021-03-16T23:21:43Z,311.51,3.238,140,88,94,253.95,44.983464516699314,-93.23184820823371,6442051108
2021-03-16T23:21:44Z,314.5,3.228,140,88,95,253.95,44.98344297520816,-93.23187092319131,6442051108
2021-03-16T23:21:45Z,317.5,3.228,139,87,96,253.95,44.98342185281217,-93.23189481161535,6442051108
2021-03-16T23:21:46Z,320.67,3.219,139,87,97,253.95,44.983398634940386,-93.2319181971252,6442051108
2021-03-16T23:21:47Z,323.8,3.219,140,87,98,253.99,44.983376674354076,-93.23194309137762,6442051108
2021-03-16T23:21:48Z,327.01,3.21,139,87,99,254.03,44.98335530050099,-93.23197033256292,6442051108
2021-03-16T23:21:49Z,330.35,3.21,139,87,100,254.06,44.98333132825792,-93.23199614882469,6442051108
2021-03-16T23:21:50Z,333.79,3.21,140,87,101,254.01,44.98330567963421,-93.23202054016292,6442051108
2021-03-16T23:21:51Z,337.21,3.21,140,87,102,253.95,44.983280282467604,-93.23204493150115,6442051108
2021-03-16T23:21:52Z,340.34,3.21,141,88,103,253.98,44.983257902786136,-93.23206915520132,6442051108
2021-03-16T23:21:53Z,343.57,3.21,142,88,104,253.97,44.98323325999081,-93.2320910319686,6442051108
2021-03-16T23:21:54Z,346.85,3.21,142,88,105,254.03,44.983208449557424,-93.23211357928813,6442051108
2021-03-16T23:21:55Z,350.22,3.21,142,87,106,254.06,44.98318296857178,-93.232137048617,6442051108
2021-03-16T23:21:56Z,353.5,3.21,142,87,107,254.13,44.983163019642234,-93.23216764256358,6442051108
2021-03-16T23:21:57Z,356.52,3.21,142,88,108,254.17,44.983141645789146,-93.23219136334956,6442051108
2021-03-16T23:21:58Z,359.48,3.21,141,88,109,254.14,44.983119517564774,-93.23221248574555,6442051108
2021-03-16T23:21:59Z,362.72,3.2,141,88,110,253.98,44.983094204217196,-93.23223352432251,6442051108
2021-03-16T23:22:00Z,366.17,3.2,141,88,111,253.91,44.983069309964776,-93.23226001113653,6442051108
2021-03-16T23:22:01Z,369.76,3.2,140,88,112,253.69,44.983045253902674,-93.23229077272117,6442051108
2021-03-16T23:22:02Z,372.96,3.2,141,88,113,253.63,44.983028741553426,-93.23232438415289,6442051108
2021-03-16T23:22:03Z,375.92,3.2,140,88,114,253.5,44.983020946383476,-93.23236025869846,6442051108
2021-03-16T23:22:04Z,379.04,3.2,140,88,115,253.52,44.98302195221186,-93.23239990510046,6442051108
2021-03-16T23:22:05Z,382.07,3.2,140,87,116,253.5,44.983032178133726,-93.23243552818894,6442051108
2021-03-16T23:22:06Z,385.09,3.2,140,87,117,253.49,44.983044331893325,-93.23246981017292,6442051108
2021-03-16T23:22:07Z,388.02,3.191,141,87,118,253.55,44.98306059278548,-93.23249998502433,6442051108
2021-03-16T23:22:08Z,390.87,3.191,141,87,119,253.57,44.98307157307863,-93.23253284208477,6442051108
2021-03-16T23:22:09Z,393.74,3.191,141,87,120,253.6,44.983080960810184,-93.23256678879261,6442051108
2021-03-16T23:22:10Z,396.63,3.182,141,87,121,253.64,44.98308917507529,-93.23260199278593,6442051108
2021-03-16T23:22:11Z,399.64,3.172,142,89,122,253.69,44.98309135437012,-93.23264046572149,6442051108
2021-03-16T23:22:12Z,402.57,3.172,141,89,123,253.75,44.98309202492237,-93.23267768137157,6442051108
2021-03-16T23:22:13Z,405.2,3.172,141,88,124,253.65,44.983100993558764,-93.23270877823234,6442051108
2021-03-16T23:22:14Z,407.97,3.172,142,88,125,253.71,44.983112225309014,-93.23274088092148,6442051108
2021-03-16T23:22:15Z,410.73,3.163,142,88,126,253.71,44.983121529221535,-93.23277331888676,6442051108
2021-03-16T23:22:16Z,413.81,3.154,142,89,127,253.68,44.98313460499048,-93.23280785232782,6442051108
2021-03-16T23:22:17Z,417.34,3.144,141,89,128,253.73,44.983151284977794,-93.23284590616822,6442051108
2021-03-16T23:22:18Z,421.05,3.144,142,89,129,253.86,44.98316880315542,-93.23288605548441,6442051108
2021-03-16T23:22:19Z,424.73,3.144,142,89,130,253.76,44.98318372294307,-93.23292762972414,6442051108
2021-03-16T23:22:20Z,428.13,3.154,142,88,131,253.84,44.98319839127362,-93.23296551592648,6442051108
2021-03-16T23:22:21Z,431.32,3.154,142,88,132,253.8,44.98321113176644,-93.23300189338624,6442051108
2021-03-16T23:22:22Z,434.37,3.154,143,87,133,253.88,44.98322303406894,-93.23303676210344,6442051108
2021-03-16T23:22:23Z,437.03,3.154,143,87,134,253.88,44.98323451727629,-93.2330665178597,6442051108
2021-03-16T23:22:24Z,439.29,3.154,142,87,135,253.82,44.98325128108263,-93.2330871373415,6442051108
2021-03-16T23:22:25Z,442.05,3.144,142,87,136,253.88,44.983262764289975,-93.2331183180213,6442051108
2021-03-16T23:22:26Z,445.06,3.126,142,87,137,253.94,44.98327584005892,-93.23315176181495,6442051108
2021-03-16T23:22:27Z,447.9,3.126,143,87,138,253.8,44.98328640125692,-93.23318478651345,6442051108
2021-03-16T23:22:28Z,450.42,3.116,143,87,139,253.8,44.98331473208964,-93.23319819755852,6442051108
2021-03-16T23:22:29Z,453.29,3.107,143,87,140,253.76,44.9833339266479,-93.23322443291545,6442051108
2021-03-16T23:22:30Z,456.42,3.107,142,87,141,253.76,44.98335094191134,-93.23325611650944,6442051108
2021-03-16T23:22:31Z,459.53,3.098,143,87,142,253.81,44.983366364613175,-93.2332890573889,6442051108
2021-03-16T23:22:32Z,462.48,3.098,143,87,143,253.81,44.983382457867265,-93.23331881314516,6442051108
2021-03-16T23:22:33Z,465.39,3.088,142,87,144,253.81,44.98339846730232,-93.2333479821682,6442051108
2021-03-16T23:22:34Z,468.73,3.088,142,87,145,253.81,44.983416236937046,-93.23338218033314,6442051108
2021-03-16T23:22:35Z,471.85,3.079,142,87,146,253.82,44.983441550284624,-93.2334066554904,6442051108
2021-03-16T23:22:36Z,475.26,3.079,141,87,147,253.8,44.983456805348396,-93.23344412259758,6442051108
2021-03-16T23:22:37Z,478.38,3.079,141,88,148,253.81,44.98347130604088,-93.23347823694348,6442051108
2021-03-16T23:22:38Z,481.7,3.088,141,88,149,253.77,44.98348421417177,-93.23351629078388,6442051108
2021-03-16T23:22:39Z,485.14,3.088,140,88,150,253.71,44.98349469155073,-93.23355820029974,6442051108
2021-03-16T23:22:40Z,488.61,3.088,140,88,151,253.7,44.983504079282284,-93.23360044509172,6442051108
2021-03-16T23:22:41Z,492.08,3.088,141,88,152,253.68,44.983512377366424,-93.23364302515984,6442051108
2021-03-16T23:22:42Z,495.34,3.098,140,87,153,253.68,44.98352042399347,-93.2336828391999,6442051108
2021-03-16T23:22:43Z,498.71,3.098,140,87,154,253.73,44.983528638258576,-93.23372399434447,6442051108
2021-03-16T23:22:44Z,501.96,3.098,140,86,155,253.82,44.98353919945657,-93.23376229964197,6442051108
2021-03-16T23:22:45Z,505.08,3.107,140,86,156,253.78,44.983549090102315,-93.23379943147302,6442051108
2021-03-16T23:22:46Z,508.34,3.107,140,86,157,253.81,44.983557891100645,-93.23383899405599,6442051108
2021-03-16T23:22:47Z,511.6,3.107,140,86,158,253.86,44.9835670273751,-93.23387838900089,6442051108
2021-03-16T23:22:48Z,514.82,3.107,140,86,159,253.92,44.98357800766826,-93.23391627520323,6442051108
2021-03-16T23:22:49Z,517.96,3.107,140,86,160,253.81,44.98358898796141,-93.23395298793912,6442051108
2021-03-16T23:22:50Z,520.93,3.107,141,86,161,253.92,44.983598878607154,-93.23398794047534,6442051108
2021-03-16T23:22:51Z,524.2,3.107,140,86,162,254.05,44.98361371457577,-93.23402381502092,6442051108
2021-03-16T23:22:52Z,527.66,3.107,140,86,163,253.96,44.98362896963954,-93.23406203649938,6442051108
2021-03-16T23:22:53Z,531.07,3.107,140,85,164,254.04,44.98364422470331,-93.23409958742559,6442051108
2021-03-16T23:22:54Z,534.25,3.107,140,84,165,253.9,44.98366115614772,-93.23413261212409,6442051108
2021-03-16T23:22:55Z,537.22,3.107,140,84,166,253.99,44.98367389664054,-93.23416580446064,6442051108
2021-03-16T23:22:56Z,540.23,3.107,141,84,167,254.1,44.98368663713336,-93.23419941589236,6442051108
2021-03-16T23:22:57Z,543.35,3.098,141,85,168,254.05,44.983700634911656,-93.2342336140573,6442051108
2021-03-16T23:22:58Z,546.51,3.098,141,86,169,254.13,44.98371597379446,-93.23426756076515,6442051108
2021-03-16T23:22:59Z,550.42,3.098,141,87,170,254,44.983736677095294,-93.23430771008134,6442051108
2021-03-16T23:23:00Z,554.07,3.098,141,87,171,254.04,44.983754279091954,-93.23434668593109,6442051108
2021-03-16T23:23:01Z,558.03,3.107,141,87,172,253.99,44.98377464711666,-93.23438817635179,6442051108
2021-03-16T23:23:02Z,561.53,3.116,141,87,173,254.06,44.98378973454237,-93.2344270683825,6442051108
2021-03-16T23:23:03Z,565.11,3.126,141,87,174,254.16,44.98380239121616,-93.23446889407933,6442051108
2021-03-16T23:23:04Z,568.87,3.126,141,86,175,254.1,44.98381555080414,-93.23451281525195,6442051108
2021-03-16T23:23:05Z,572.56,3.135,141,86,176,254.15,44.983830973505974,-93.23455438949168,6442051108
2021-03-16T23:23:06Z,576.61,3.144,141,86,177,254.1,44.98385050334036,-93.23459764011204,6442051108
2021-03-16T23:23:07Z,580.22,3.154,141,86,178,254.17,44.98387045226991,-93.23463477194309,6442051108
2021-03-16T23:23:08Z,583.65,3.163,141,86,179,254.15,44.983884785324335,-93.23467332869768,6442051108
2021-03-16T23:23:09Z,587.06,3.172,142,86,180,254.19,44.98389970511198,-93.23471129871905,6442051108
2021-03-16T23:23:10Z,590.66,3.182,142,86,181,254.12,44.98391596600413,-93.23475094512105,6442051108
2021-03-16T23:23:11Z,594.34,3.191,142,86,182,254.1,44.983932143077254,-93.23479168117046,6442051108
2021-03-16T23:23:12Z,597.99,3.2,143,86,183,254.09,44.98395016416907,-93.23483023792505,6442051108
2021-03-16T23:23:13Z,601.87,3.219,143,86,184,254.03,44.98396776616573,-93.23487315326929,6442051108
2021-03-16T23:23:14Z,605.62,3.228,143,85,185,254.04,44.98398226685822,-93.23491615243256,6442051108
2021-03-16T23:23:15Z,612.86,3.275,142,83,186,254.05,44.984012776985765,-93.23499720543623,6442051108
2021-03-16T23:23:16Z,612.86,3.275,143,83,187,254.05,44.984012776985765,-93.23499720543623,6442051108
2021-03-16T23:23:17Z,616.47,3.275,143,83,188,254.02,44.98402786441147,-93.23503777384758,6442051108
2021-03-16T23:23:18Z,620.08,3.284,143,85,189,254.1,44.98404135927558,-93.23507943190634,6442051108
2021-03-16T23:23:19Z,623.25,3.284,143,86,190,254.1,44.9840540997684,-93.23511564172804,6442051108
2021-03-16T23:23:20Z,627.04,3.294,144,86,191,254.1,44.98407061211765,-93.23515797033906,6442051108
2021-03-16T23:23:21Z,630.4,3.294,144,85,192,254.15,44.98408284969628,-93.23519694618881,6442051108
2021-03-16T23:23:22Z,633.75,3.303,143,85,193,254.2,44.98409575782716,-93.23523533530533,6442051108
2021-03-16T23:23:23Z,637.26,3.303,143,85,194,254.12,44.984111515805125,-93.23527380824089,6442051108
2021-03-16T23:23:24Z,640.75,3.303,143,85,195,254.19,44.98412777669728,-93.23531169444323,6442051108
2021-03-16T23:23:25Z,644.46,3.303,142,85,196,254.14,44.98414537869394,-93.23535209521651,6442051108
2021-03-16T23:23:26Z,647.75,3.312,143,85,197,254.19,44.984158873558044,-93.23538922704756,6442051108
2021-03-16T23:23:27Z,651.46,3.322,143,85,198,254.13,44.98417479917407,-93.23543046601117,6442051108
2021-03-16T23:23:28Z,654.91,3.322,142,85,199,254.16,44.98419005423784,-93.23546877130866,6442051108
2021-03-16T23:23:29Z,658.5,3.322,142,85,200,254.21,44.98420832678676,-93.23550623841584,6442051108
2021-03-16T23:23:30Z,662.11,3.331,142,84,201,254.16,44.984227772802114,-93.23554295115173,6442051108
2021-03-16T23:23:31Z,665.53,3.331,142,84,202,254.22,44.98424353078008,-93.23558016680181,6442051108
2021-03-16T23:23:32Z,668.8,3.331,141,84,203,254.18,44.98425702564418,-93.2356171309948,6442051108
2021-03-16T23:23:33Z,672.13,3.34,141,84,204,254.22,44.984270269051194,-93.23565501719713,6442051108
2021-03-16T23:23:34Z,675.57,3.331,140,84,205,254.27,44.984285607934,-93.23569290339947,6442051108
2021-03-16T23:23:35Z,679,3.331,140,85,206,254.19,44.98430136591196,-93.23573045432568,6442051108
2021-03-16T23:23:36Z,682.37,3.331,140,85,207,254.24,44.98431754298508,-93.23576658032835,6442051108
2021-03-16T23:23:37Z,685.62,3.331,141,85,208,254.19,44.9843339715153,-93.23580086231232,6442051108
2021-03-16T23:23:38Z,689.09,3.331,140,85,209,254.28,44.98435014858842,-93.23583858087659,6442051108
2021-03-16T23:23:39Z,693.01,3.331,140,85,210,254.23,44.98437118716538,-93.23587873019278,6442051108
2021-03-16T23:23:40Z,696.45,3.331,140,85,211,254.27,44.98438585549593,-93.2359171193093,6442051108
2021-03-16T23:23:41Z,699.98,3.34,139,85,212,254.17,44.9844013620168,-93.23595617897809,6442051108
2021-03-16T23:23:42Z,703.38,3.34,140,85,213,254.19,44.98441569507122,-93.23599440045655,6442051108
2021-03-16T23:23:43Z,706.86,3.35,140,85,214,254.26,44.98443145304918,-93.23603245429695,6442051108
2021-03-16T23:23:44Z,710.51,3.35,140,85,215,254.23,44.984448635950685,-93.23607193306088,6442051108
2021-03-16T23:23:45Z,714.08,3.35,140,85,216,254.31,44.98446565121412,-93.23611040599644,6442051108
2021-03-16T23:23:46Z,717.56,3.359,140,85,217,254.25,44.9844806548208,-93.2361491303891,6442051108
2021-03-16T23:23:47Z,720.88,3.368,140,85,218,254.27,44.9844962451607,-93.2361850887537,6442051108
2021-03-16T23:23:48Z,724.13,3.368,140,86,219,254.23,44.984510662034154,-93.23622096329927,6442051108
2021-03-16T23:23:49Z,727.57,3.368,140,86,220,254.24,44.98452474363148,-93.23625985532999,6442051108
2021-03-16T23:23:50Z,731.14,3.368,140,86,221,254.26,44.98453832231462,-93.2363008428365,6442051108
2021-03-16T23:23:51Z,734.76,3.368,140,86,222,254.26,44.984550811350346,-93.23634325526655,6442051108
2021-03-16T23:23:52Z,738.25,3.368,140,87,223,254.31,44.98456279747188,-93.23638415895402,6442051108
2021-03-16T23:23:53Z,741.42,3.368,140,87,224,254.37,44.98457243666053,-93.23642204515636,6442051108
2021-03-16T23:23:54Z,744.42,3.368,140,88,225,254.31,44.984583500772715,-93.23645674623549,6442051108
2021-03-16T23:23:55Z,747.67,3.368,140,88,226,254.39,44.98459758237004,-93.23649287223816,6442051108
2021-03-16T23:23:56Z,750.94,3.359,141,88,227,254.45,44.98460956849158,-93.2365307584405,6442051108
2021-03-16T23:23:57Z,754.37,3.359,142,88,228,254.4,44.98462323099375,-93.23656998574734,6442051108
2021-03-16T23:23:58Z,757.64,3.359,142,87,229,254.44,44.98463806696236,-93.23660577647388,6442051108
2021-03-16T23:23:59Z,761.1,3.359,142,87,230,254.49,44.98465223237872,-93.23664508759975,6442051108
2021-03-16T23:24:00Z,764.59,3.359,143,86,231,254.45,44.984663547948,-93.23668641038239,6442051108
2021-03-16T23:24:01Z,768.17,3.359,142,86,232,254.49,44.98467578552663,-93.23672848753631,6442051108
2021-03-16T23:24:02Z,771.49,3.359,142,86,233,254.52,44.984688023105264,-93.2367667928338,6442051108
2021-03-16T23:24:03Z,775,3.368,143,86,234,254.49,44.98470746912062,-93.23680224828422,6442051108
2021-03-16T23:24:04Z,778.74,3.368,143,87,235,254.52,44.98472741805017,-93.23684046976268,6442051108
2021-03-16T23:24:05Z,782.37,3.368,143,87,236,254.47,44.984746696427464,-93.23687760159373,6442051108
2021-03-16T23:24:06Z,785.53,3.378,143,86,237,254.48,44.98476111330092,-93.23691230267286,6442051108
2021-03-16T23:24:07Z,788.78,3.378,143,86,238,254.42,44.984772680327296,-93.23695035651326,6442051108
2021-03-16T23:24:08Z,792.56,3.378,144,86,239,254.42,44.9847896117717,-93.23699184693396,6442051108
2021-03-16T23:24:09Z,796.24,3.378,144,87,240,254.38,44.984806878492236,-93.23703191243112,6442051108
2021-03-16T23:24:10Z,800.33,3.387,143,86,241,254.38,44.984828336164355,-93.23707390576601,6442051108
2021-03-16T23:24:11Z,804.18,3.387,143,86,242,254.34,44.984846943989396,-93.23711531236768,6442051108
2021-03-16T23:24:12Z,807.45,3.396,141,85,243,254.33,44.98486261814833,-93.23715093545616,6442051108
2021-03-16T23:24:13Z,811.04,3.406,142,85,244,254.32,44.98487988486886,-93.23718957602978,6442051108
2021-03-16T23:24:14Z,814.41,3.406,141,85,245,254.25,44.98489413410425,-93.23722721077502,6442051108
2021-03-16T23:24:15Z,817.89,3.406,142,84,246,254.25,44.98490964062512,-93.23726568371058,6442051108
2021-03-16T23:24:16Z,821.35,3.415,141,84,247,254.23,44.984926488250494,-93.2373024802655,6442051108
2021-03-16T23:24:17Z,824.74,3.415,141,84,248,254.22,44.98494224622846,-93.23733936063945,6442051108
2021-03-16T23:24:18Z,828.05,3.415,141,85,249,254.15,44.98495766893029,-93.23737531900406,6442051108
2021-03-16T23:24:19Z,831.25,3.415,141,86,250,254.15,44.98497216962278,-93.23741043917835,6442051108
2021-03-16T23:24:20Z,834.78,3.406,140,86,251,254.17,44.98499077744782,-93.23744673281908,6442051108
2021-03-16T23:24:21Z,838.17,3.406,140,86,252,254.17,44.98500779271126,-93.23748252354562,6442051108
2021-03-16T23:24:22Z,841.55,3.415,141,87,253,254.17,44.985024724155664,-93.23751806281507,6442051108
2021-03-16T23:24:23Z,844.71,3.415,141,87,254,254.12,44.985039895400405,-93.23755226098001,6442051108
2021-03-16T23:24:24Z,848.3,3.415,141,87,255,254.1,44.98505632393062,-93.23759173974395,6442051108
2021-03-16T23:24:25Z,851.69,3.415,142,87,256,254.06,44.98507141135633,-93.23762945830822,6442051108
2021-03-16T23:24:26Z,854.98,3.406,141,87,257,254.05,44.98508515767753,-93.2376664225012,6442051108
2021-03-16T23:24:27Z,858.18,3.406,141,87,258,254.04,44.98509597033262,-93.23770397342741,6442051108
2021-03-16T23:24:28Z,861.61,3.406,142,87,259,254.03,44.985109716653824,-93.2377430330962,6442051108
2021-03-16T23:24:29Z,865.2,3.406,142,87,260,254.04,44.98512555845082,-93.23778293095529,6442051108
2021-03-16T23:24:30Z,868.59,3.406,142,86,261,254.07,44.98513720929623,-93.23782266117632,6442051108
2021-03-16T23:24:31Z,872.18,3.406,143,86,262,254.04,44.985152296721935,-93.23786297813058,6442051108
2021-03-16T23:24:32Z,875.73,3.406,144,86,263,254.07,44.985167384147644,-93.23790279217064,6442051108
2021-03-16T23:24:33Z,879.23,3.415,144,85,264,254.12,44.985182136297226,-93.23794201947749,6442051108
2021-03-16T23:24:34Z,882.89,3.415,144,85,265,254.15,44.985199151560664,-93.23798174969852,6442051108
2021-03-16T23:24:35Z,886.47,3.415,144,85,266,254.18,44.9852145742625,-93.23802181519568,6442051108
2021-03-16T23:24:36Z,889.99,3.415,144,85,267,254.14,44.9852301646024,-93.2380607072264,6442051108
2021-03-16T23:24:37Z,893.22,3.424,144,85,268,254.15,44.9852439109236,-93.23809700086713,6442051108
2021-03-16T23:24:38Z,896.59,3.424,144,85,269,254.13,44.985257405787706,-93.23813547380269,6442051108
2021-03-16T23:24:39Z,899.87,3.415,145,85,270,254.14,44.985270481556654,-93.23817294090986,6442051108
2021-03-16T23:24:40Z,903.19,3.415,145,85,271,254.15,44.9852854013443,-93.23820948600769,6442051108
2021-03-16T23:24:41Z,906.61,3.415,145,85,272,254.1,44.985301829874516,-93.23824619874358,6442051108
2021-03-16T23:24:42Z,910.61,3.415,145,86,273,254.1,44.98532311990857,-93.23828710243106,6442051108
2021-03-16T23:24:43Z,914.3,3.415,145,87,274,254.04,44.985339464619756,-93.23832808993757,6442051108
2021-03-16T23:24:44Z,917.79,3.424,145,87,275,254.06,44.98535589314997,-93.23836580850184,6442051108
2021-03-16T23:24:45Z,921.13,3.424,145,87,276,254.05,44.985369304195046,-93.23840386234224,6442051108
2021-03-16T23:24:46Z,924.19,3.434,145,88,277,254.07,44.98538179323077,-93.2384383957833,6442051108
2021-03-16T23:24:47Z,927.26,3.434,146,88,278,254.09,44.98539579100907,-93.23847217485309,6442051108
2021-03-16T23:24:48Z,930.43,3.424,146,88,279,254.02,44.985406352207065,-93.23850955814123,6442051108
2021-03-16T23:24:49Z,934.03,3.424,145,88,280,254.03,44.985423451289535,-93.23854828253388,6442051108
2021-03-16T23:24:50Z,937.4,3.424,144,88,281,254.05,44.98543828725815,-93.23858566582203,6442051108
2021-03-16T23:24:51Z,940.93,3.424,144,87,282,254.01,44.98545630834997,-93.23862263001502,6442051108
2021-03-16T23:24:52Z,944.45,3.424,145,85,283,254,44.985478185117245,-93.23865490034223,6442051108
2021-03-16T23:24:53Z,948.09,3.424,145,85,284,254,44.985506515949965,-93.23867811821401,6442051108
2021-03-16T23:24:54Z,951.93,3.424,145,85,285,253.98,44.985538283362985,-93.23869706131518,6442051108
2021-03-16T23:24:55Z,955.44,3.424,145,85,286,254.04,44.98556837439537,-93.23871105909348,6442051108
2021-03-16T23:24:56Z,958.91,3.434,145,85,287,254.13,44.985597878694534,-93.23872597888112,6442051108
2021-03-16T23:24:57Z,962.31,3.434,145,86,288,254.36,44.985625538975,-93.23874659836292,6442051108
2021-03-16T23:24:58Z,965.79,3.434,145,86,289,254.24,44.98565001413226,-93.23877459391952,6442051108
2021-03-16T23:24:59Z,969.52,3.434,145,86,290,254.24,44.985674656927586,-93.23880661278963,6442051108
2021-03-16T23:25:00Z,973.06,3.434,145,86,291,254.17,44.985700054094195,-93.23883368633687,6442051108
2021-03-16T23:25:01Z,976.3,3.434,145,86,292,254.17,44.98572712764144,-93.23884944431484,6442051108
2021-03-16T23:25:02Z,979.49,3.434,143,86,293,254.17,44.985755793750286,-93.23884726502001,6442051108
2021-03-16T23:25:03Z,982.68,3.434,143,84,294,254.22,44.985782196745276,-93.23883159086108,6442051108
2021-03-16T23:25:04Z,985.88,3.424,143,84,295,254.22,44.98580742627382,-93.23881172575057,6442051108
2021-03-16T23:25:05Z,989.28,3.424,143,84,296,254.25,44.985834918916225,-93.23879295028746,6442051108
2021-03-16T23:25:06Z,992.38,3.415,144,87,297,254.25,44.9858586397022,-93.23877233080566,6442051108
2021-03-16T23:25:07Z,995.5,3.415,145,87,298,254.31,44.9858826957643,-93.23875179514289,6442051108
2021-03-16T23:25:08Z,998.81,3.406,144,86,299,254.3,44.98590792529285,-93.23872933164239,6442051108
2021-03-16T23:25:09Z,1001.98,3.396,145,86,300,254.35,44.98593240045011,-93.23870854452252,6442051108
2021-03-16T23:25:10Z,1005.75,3.396,145,86,301,254.36,44.985962407663465,-93.23868624866009,6442051108
2021-03-16T23:25:11Z,1009.19,3.396,146,86,302,254.39,44.98598914593458,-93.23866445571184,6442051108
2021-03-16T23:25:12Z,1012.37,3.387,145,85,303,254.43,44.98601387254894,-93.23864417150617,6442051108
2021-03-16T23:25:13Z,1015.49,3.387,146,85,304,254.44,44.98603776097298,-93.2386233843863,6442051108
2021-03-16T23:25:14Z,1018.82,3.378,147,85,305,254.51,44.986062152311206,-93.23859874159098,6442051108
2021-03-16T23:25:15Z,1022.2,3.378,146,85,306,254.51,44.98608780093491,-93.23857543990016,6442051108
2021-03-16T23:25:16Z,1025,3.378,147,85,307,254.57,44.986110432073474,-93.23855976574123,6442051108
2021-03-16T23:25:17Z,1027.98,3.378,147,85,308,254.57,44.98613406904042,-93.23854191228747,6442051108
2021-03-16T23:25:18Z,1031.33,3.359,147,85,309,254.64,44.9861609749496,-93.23852271772921,6442051108
2021-03-16T23:25:19Z,1034.61,3.359,148,85,310,254.62,44.98618729412556,-93.23850385844707,6442051108
2021-03-16T23:25:20Z,1037.85,3.359,148,85,311,254.73,44.98621185310185,-93.2384817302227,6442051108
2021-03-16T23:25:21Z,1041.09,3.359,148,85,312,254.8,44.98623624444008,-93.23845935054123,6442051108
2021-03-16T23:25:22Z,1047.9,3.35,149,85,313,254.86,44.98629014007747,-93.23841811157763,6442051108
2021-03-16T23:25:23Z,1047.9,3.35,148,85,314,254.86,44.98629014007747,-93.23841811157763,6442051108
2021-03-16T23:25:24Z,1050.98,3.35,149,84,315,254.79,44.98631562106311,-93.2384026888758,6442051108
2021-03-16T23:25:25Z,1054.4,3.35,149,84,316,254.85,44.986342107877135,-93.23838064447045,6442051108
2021-03-16T23:25:26Z,1057.81,3.35,149,84,317,254.82,44.986368007957935,-93.23835734277964,6442051108
2021-03-16T23:25:27Z,1061.38,3.35,149,84,318,254.92,44.98639516532421,-93.23833311907947,6442051108
2021-03-16T23:25:28Z,1064.95,3.35,150,84,319,254.99,44.98642198741436,-93.23830805718899,6442051108
2021-03-16T23:25:29Z,1068.45,3.35,150,84,320,254.95,44.98644830659032,-93.23828383348882,6442051108
2021-03-16T23:25:30Z,1071.71,3.35,151,84,321,255.04,44.9864733684808,-93.23826229199767,6442051108
2021-03-16T23:25:31Z,1075.16,3.35,151,84,322,254.99,44.98650002293289,-93.23823957704008,6442051108
2021-03-16T23:25:32Z,1078.53,3.35,150,84,323,254.98,44.98652206733823,-93.23821024037898,6442051108
2021-03-16T23:25:33Z,1081.46,3.34,150,84,324,254.97,44.986533215269446,-93.2381762098521,6442051108
2021-03-16T23:25:34Z,1084.45,3.34,150,84,325,254.98,44.986527767032385,-93.23813891038299,6442051108
2021-03-16T23:25:35Z,1087.93,3.322,149,84,326,255.13,44.986513601616025,-93.23809959925711,6442051108
2021-03-16T23:25:36Z,1091.85,3.312,150,84,327,255.12,44.986494993790984,-93.23805735446513,6442051108
2021-03-16T23:25:37Z,1095.69,3.312,150,84,328,255.21,44.986474039033055,-93.23801863007247,6442051108
2021-03-16T23:25:38Z,1099.25,3.322,149,84,329,255.1,44.986454425379634,-93.237983006984,6442051108
2021-03-16T23:25:39Z,1102.52,3.331,149,85,330,255.13,44.98643606901169,-93.23795056901872,6442051108
2021-03-16T23:25:40Z,1105.9,3.34,150,85,331,255.04,44.98641620390117,-93.23791804723442,6442051108
2021-03-16T23:25:41Z,1109.14,3.34,149,85,332,255.06,44.98639944009483,-93.2378844358027,6442051108
2021-03-16T23:25:42Z,1112.59,3.34,150,84,333,255.01,44.9863837659359,-93.2378466334194,6442051108
2021-03-16T23:25:43Z,1116.23,3.34,150,83,334,255.04,44.98636716976762,-93.23780690319836,6442051108
2021-03-16T23:25:44Z,1119.9,3.35,150,83,335,255.02,44.98635032214224,-93.23776675388217,6442051108
2021-03-16T23:25:45Z,1123.45,3.35,149,83,336,254.99,44.98633439652622,-93.23772786185145,6442051108
2021-03-16T23:25:46Z,1127.19,3.359,150,83,337,255.18,44.986317716538906,-93.23768662288785,6442051108
2021-03-16T23:25:47Z,1130.98,3.359,149,83,338,255.14,44.986300533637404,-93.23764496482909,6442051108
2021-03-16T23:25:48Z,1134.56,3.368,149,84,339,255.31,44.986282931640744,-93.23760699480772,6442051108
2021-03-16T23:25:49Z,1138.13,3.378,150,84,340,254.98,44.98626549728215,-93.23756894096732,6442051108
2021-03-16T23:25:50Z,1141.76,3.387,150,83,341,254.92,44.986247727647424,-93.23753038421273,6442051108
2021-03-16T23:25:51Z,1145.3,3.387,149,83,342,254.85,44.98623054474592,-93.2374924980104,6442051108
2021-03-16T23:25:52Z,1148.7,3.396,150,83,343,254.93,44.98621386475861,-93.23745637200773,6442051108
2021-03-16T23:25:53Z,1152.11,3.396,150,83,344,254.9,44.98619810678065,-93.23741915635765,6442051108
2021-03-16T23:25:54Z,1155.62,3.396,149,83,345,254.86,44.98618209734559,-93.23738093487918,6442051108
2021-03-16T23:25:55Z,1159.01,3.396,150,84,346,255.01,44.9861660040915,-93.23734438978136,6442051108
2021-03-16T23:25:56Z,1162.32,3.396,149,84,347,254.93,44.98615167103708,-93.2373075094074,6442051108
2021-03-16T23:25:57Z,1165.68,3.396,149,84,348,255.13,44.98613767325878,-93.2372697070241,6442051108
2021-03-16T23:25:58Z,1168.82,3.396,149,84,349,254.99,44.9861247651279,-93.23723425157368,6442051108
2021-03-16T23:25:59Z,1172.16,3.396,150,84,350,254.89,44.98611219227314,-93.23719577863812,6442051108
2021-03-16T23:26:00Z,1175.62,3.396,149,84,351,254.98,44.986099284142256,-93.23715588077903,6442051108
2021-03-16T23:26:01Z,1179.02,3.396,149,84,352,254.86,44.986085621640086,-93.23711740784347,6442051108
2021-03-16T23:26:02Z,1182.38,3.396,149,84,353,254.78,44.98607078567147,-93.23708027601242,6442051108
2021-03-16T23:26:03Z,1185.9,3.396,147,84,354,254.73,44.986053686589,-93.23704264126718,6442051108
2021-03-16T23:26:04Z,1189.69,3.396,148,84,355,254.66,44.98603658750653,-93.23700098320842,6442051108
2021-03-16T23:26:05Z,1193.34,3.396,149,84,356,254.62,44.986020578071475,-93.23696058243513,6442051108
2021-03-16T23:26:06Z,1197.18,3.406,148,84,357,254.62,44.98600331135094,-93.23691825382411,6442051108
2021-03-16T23:26:07Z,1200.73,3.406,148,84,358,254.59,44.98598713427782,-93.23687952943146,6442051108
2021-03-16T23:26:08Z,1204.04,3.415,148,83,359,254.59,44.98597196303308,-93.2368434034288,6442051108
2021-03-16T23:26:09Z,1207.05,3.415,147,83,360,254.59,44.98596031218767,-93.23680903762579,6442051108
2021-03-16T23:26:10Z,1210.15,3.415,148,83,361,254.63,44.98594916425645,-93.23677291162312,6442051108
2021-03-16T23:26:11Z,1213.31,3.406,148,84,362,254.63,44.98593592084944,-93.2367374561727,6442051108
2021-03-16T23:26:12Z,1216.49,3.396,148,84,363,254.63,44.985923347994685,-93.23670107871294,6442051108
2021-03-16T23:26:13Z,1219.9,3.396,148,85,364,254.69,44.98590809293091,-93.23666352778673,6442051108
2021-03-16T23:26:14Z,1223.53,3.396,147,85,365,254.67,44.98589040711522,-93.23662480339408,6442051108
2021-03-16T23:26:15Z,1227.15,3.396,147,85,366,254.81,44.985870625823736,-93.23658825829625,6442051108
2021-03-16T23:26:16Z,1230.81,3.396,147,85,367,254.81,44.98585185036063,-93.23655020445585,6442051108
2021-03-16T23:26:17Z,1234.25,3.396,147,85,368,255.01,44.98583575710654,-93.23651282116771,6442051108
2021-03-16T23:26:18Z,1237.52,3.406,147,85,369,254.95,44.98581991530955,-93.23647795245051,6442051108
2021-03-16T23:26:19Z,1240.87,3.406,146,85,370,255.06,44.98580147512257,-93.23644425719976,6442051108
2021-03-16T23:26:20Z,1244.15,3.406,147,85,371,254.95,44.98578471131623,-93.23641005903482,6442051108
2021-03-16T23:26:21Z,1247.54,3.406,147,85,372,254.97,44.985767444595695,-93.23637468740344,6442051108
2021-03-16T23:26:22Z,1250.78,3.406,147,84,373,254.89,44.985752860084176,-93.23633898049593,6442051108
2021-03-16T23:26:23Z,1254.11,3.406,147,84,374,254.83,44.98573701828718,-93.23630318976939,6442051108
2021-03-16T23:26:24Z,1257.7,3.406,146,84,375,254.9,44.985719081014395,-93.23626530356705,6442051108
2021-03-16T23:26:25Z,1261.32,3.406,146,84,376,254.86,44.985702484846115,-93.23622590862215,6442051108
2021-03-16T23:26:26Z,1264.96,3.406,145,84,377,254.91,44.98568572103977,-93.23618617840111,6442051108
2021-03-16T23:26:27Z,1268.54,3.406,145,85,378,254.86,44.985669208690524,-93.2361470349133,6442051108
2021-03-16T23:26:28Z,1272.01,3.406,145,85,379,254.91,44.98565630055964,-93.23610646650195,6442051108
2021-03-16T23:26:29Z,1275.53,3.406,144,85,380,254.84,44.985642805695534,-93.23606598190963,6442051108
2021-03-16T23:26:30Z,1278.43,3.406,145,85,381,254.78,44.985631154850125,-93.23603295721114,6442051108
2021-03-16T23:26:31Z,1281.45,3.406,144,85,382,254.89,44.98561900109053,-93.23599867522717,6442051108
2021-03-16T23:26:32Z,1285.08,3.396,144,85,383,254.85,44.985604751855135,-93.23595718480647,6442051108
2021-03-16T23:26:33Z,1288.77,3.396,144,85,384,254.8,44.98558983206749,-93.23591535910964,6442051108
2021-03-16T23:26:34Z,1292.12,3.396,145,85,385,254.86,44.985576421022415,-93.23587722145021,6442051108
2021-03-16T23:26:35Z,1295.55,3.396,144,85,386,254.79,44.985563177615404,-93.23583791032434,6442051108
2021-03-16T23:26:36Z,1299.05,3.396,144,85,387,254.72,44.98555010184646,-93.23579734191298,6442051108
2021-03-16T23:26:37Z,1302.53,3.396,144,85,388,254.79,44.985537361353636,-93.23575677350163,6442051108
2021-03-16T23:26:38Z,1305.99,3.396,145,86,389,254.73,44.98552294448018,-93.23571779765189,6442051108
2021-03-16T23:26:39Z,1309.59,3.396,145,86,390,254.76,44.985506096854806,-93.23567882180214,6442051108
2021-03-16T23:26:40Z,1313.28,3.396,145,85,391,254.67,44.98548924922943,-93.23563833720982,6442051108
2021-03-16T23:26:41Z,1317.19,3.396,145,85,392,254.54,44.985471311956644,-93.23559575714171,6442051108
2021-03-16T23:26:42Z,1320.89,3.406,145,85,393,254.52,44.985455218702555,-93.23555460199714,6442051108
2021-03-16T23:26:43Z,1324.13,3.415,145,85,394,254.51,44.98544071801007,-93.2355188112706,6442051108
2021-03-16T23:26:44Z,1327.76,3.415,145,85,395,254.51,44.985424960032105,-93.23547857813537,6442051108
2021-03-16T23:26:45Z,1331.56,3.415,145,85,396,254.5,44.985408363863826,-93.23543624952435,6442051108
2021-03-16T23:26:46Z,1335.39,3.424,145,84,397,254.56,44.9853905942291,-93.23539467528462,6442051108
2021-03-16T23:26:47Z,1338.91,3.424,145,84,398,254.56,44.985375590622425,-93.23535528033972,6442051108
2021-03-16T23:26:48Z,1342.47,3.434,145,84,399,254.67,44.98536058701575,-93.23531538248062,6442051108
2021-03-16T23:26:49Z,1345.81,3.434,145,84,400,254.64,44.98534365557134,-93.23528034612536,6442051108
2021-03-16T23:26:50Z,1348.89,3.443,145,84,401,254.6,44.985327646136284,-93.23524849489331,6442051108
2021-03-16T23:26:51Z,1351.97,3.443,145,84,402,254.62,44.98531121760607,-93.23521689511836,6442051108
2021-03-16T23:26:52Z,1355.34,3.434,145,83,403,254.57,44.98529613018036,-93.2351797632873,6442051108
2021-03-16T23:26:53Z,1358.8,3.434,145,83,404,254.59,44.985280288383365,-93.235141960904,6442051108
2021-03-16T23:26:54Z,1362.17,3.434,145,83,405,254.58,44.98526503331959,-93.23510516434908,6442051108
2021-03-16T23:26:55Z,1365.55,3.434,145,83,406,254.64,44.98524935916066,-93.23506836779416,6442051108
2021-03-16T23:26:56Z,1368.81,3.434,144,83,407,254.65,44.985235780477524,-93.2350317388773,6442051108
2021-03-16T23:26:57Z,1372.37,3.434,145,84,408,254.63,44.98522060923278,-93.23499167338014,6442051108
2021-03-16T23:26:58Z,1375.84,3.434,145,84,409,254.66,44.985204599797726,-93.23495387099683,6442051108
2021-03-16T23:26:59Z,1379.48,3.434,145,84,410,254.62,44.98518926091492,-93.23491305112839,6442051108
2021-03-16T23:27:00Z,1383.08,3.434,145,84,411,254.64,44.98517450876534,-93.23487248271704,6442051108
2021-03-16T23:27:01Z,1386.5,3.443,145,84,412,254.59,44.985161097720265,-93.23483333922923,6442051108
2021-03-16T23:27:02Z,1389.94,3.443,145,84,413,254.55,44.98514919541776,-93.23479302227497,6442051108
2021-03-16T23:27:03Z,1393.41,3.443,144,84,414,254.6,44.98513637110591,-93.23475278913975,6442051108
2021-03-16T23:27:04Z,1396.9,3.443,145,84,415,254.57,44.98512262478471,-93.23471305891871,6442051108
2021-03-16T23:27:05Z,1400.41,3.443,145,84,416,254.51,44.98510896228254,-93.23467290960252,6442051108
2021-03-16T23:27:06Z,1403.94,3.443,145,84,417,254.51,44.985093707218766,-93.23463351465762,6442051108
2021-03-16T23:27:07Z,1407.39,3.443,144,84,418,254.49,44.98507786542177,-93.23459587991238,6442051108
2021-03-16T23:27:08Z,1410.84,3.452,145,84,419,254.54,44.98506110161543,-93.23455891571939,6442051108
2021-03-16T23:27:09Z,1414.38,3.452,145,84,420,254.53,44.985043751075864,-93.23452136479318,6442051108
2021-03-16T23:27:10Z,1417.86,3.452,144,85,421,254.57,44.98502514325082,-93.23448590934277,6442051108
2021-03-16T23:27:11Z,1421.25,3.452,146,85,422,254.55,44.985006116330624,-93.23445229791105,6442051108
2021-03-16T23:27:12Z,1424.64,3.452,145,84,423,254.62,44.984988598152995,-93.2344170100987,6442051108
2021-03-16T23:27:13Z,1428.04,3.452,145,84,424,254.61,44.98497166670859,-93.23438105173409,6442051108
2021-03-16T23:27:14Z,1431.28,3.452,146,84,425,254.58,44.98495892621577,-93.23434417136014,6442051108
2021-03-16T23:27:15Z,1434.66,3.452,146,83,426,254.64,44.98494643718004,-93.23430494405329,6442051108
2021-03-16T23:27:16Z,1437.71,3.452,146,83,427,254.56,44.98493319377303,-93.23427099734545,6442051108
2021-03-16T23:27:17Z,1440.98,3.452,146,83,428,254.46,44.984920118004084,-93.23423394933343,6442051108
2021-03-16T23:27:18Z,1444.72,3.452,145,83,429,254.4,44.98490528203547,-93.23419136926532,6442051108
2021-03-16T23:27:19Z,1448.57,3.452,145,84,430,254.31,44.984888182953,-93.2341487891972,6442051108
2021-03-16T23:27:20Z,1452.45,3.452,144,84,431,254.32,44.98486949130893,-93.23410713113844,6442051108
2021-03-16T23:27:21Z,1456.15,3.462,145,84,432,254.34,44.984852224588394,-93.23406698182225,6442051108
2021-03-16T23:27:22Z,1459.61,3.462,144,84,433,254.43,44.98483604751527,-93.23402951471508,6442051108
2021-03-16T23:27:23Z,1463,3.471,145,84,434,254.45,44.98482070863247,-93.233992299065,6442051108
2021-03-16T23:27:24Z,1466.42,3.471,145,85,435,254.46,44.98480671085417,-93.2339537423104,6442051108
2021-03-16T23:27:25Z,1469.87,3.471,145,85,436,254.58,44.98479137197137,-93.23391568847,6442051108
2021-03-16T23:27:26Z,1473.5,3.471,145,84,437,254.55,44.98477594926953,-93.23387512005866,6442051108
2021-03-16T23:27:27Z,1480.55,3.48,145,84,438,254.57,44.98474217019975,-93.23379943147302,6442051108
2021-03-16T23:27:28Z,1480.55,3.48,145,84,439,254.57,44.98474217019975,-93.23379943147302,6442051108
2021-03-16T23:27:29Z,1484.01,3.48,146,83,440,254.67,44.98472699895501,-93.23376112617552,6442051108
2021-03-16T23:27:30Z,1487.33,3.48,145,83,441,254.65,44.98471241444349,-93.2337243296206,6442051108
2021-03-16T23:27:31Z,1490.44,3.48,145,83,442,254.63,44.984698835760355,-93.23368987999856,6442051108
2021-03-16T23:27:32Z,1493.91,3.48,145,85,443,254.75,44.984685676172376,-93.23364989832044,6442051108
2021-03-16T23:27:33Z,1497.27,3.471,144,85,444,254.71,44.98467369005084,-93.2336106710136,6442051108
2021-03-16T23:27:34Z,1500.53,3.471,145,85,445,254.63,44.98466153629124,-93.23357295244932,6442051108
2021-03-16T23:27:35Z,1503.69,3.471,145,85,446,254.78,44.98464913107455,-93.23353699408472,6442051108
2021-03-16T23:27:36Z,1506.78,3.471,145,84,447,254.73,44.98463572002947,-93.23350254446268,6442051108
2021-03-16T23:27:37Z,1510.02,3.471,145,84,448,254.67,44.98462105169892,-93.23346700519323,6442051108
2021-03-16T23:27:38Z,1513.44,3.462,145,83,449,254.78,44.98460638336837,-93.23342895135283,6442051108
2021-03-16T23:27:39Z,1516.98,3.462,146,83,450,254.74,44.984589871019125,-93.23339047841728,6442051108
2021-03-16T23:27:40Z,1520.55,3.462,145,83,451,254.84,44.98457293957472,-93.23335200548172,6442051108
2021-03-16T23:27:41Z,1524.2,3.462,146,84,452,254.79,44.98455726541579,-93.23331135325134,6442051108
2021-03-16T23:27:42Z,1527.83,3.462,145,84,453,254.9,44.984538992866874,-93.23327313177288,6442051108
2021-03-16T23:27:43Z,1531.46,3.462,145,85,454,254.84,44.98452130705118,-93.23323440738022,6442051108
2021-03-16T23:27:44Z,1535.02,3.462,146,85,455,254.93,44.9845065549016,-93.23319425806403,6442051108
2021-03-16T23:27:45Z,1538.69,3.471,145,85,456,254.86,44.98449004255235,-93.23315394110978,6442051108
2021-03-16T23:27:46Z,1542.02,3.471,145,85,457,254.78,44.984477553516626,-93.23311563581228,6442051108
2021-03-16T23:27:47Z,1545.23,3.471,144,83,458,254.85,44.98446489684284,-93.23307883925736,6442051108
2021-03-16T23:27:48Z,1548.58,3.471,142,83,459,254.76,44.98445366509259,-93.23303944431245,6442051108
2021-03-16T23:27:49Z,1551.7,3.471,142,85,460,254.69,44.98444142751396,-93.23300373740494,6442051108
2021-03-16T23:27:50Z,1555.15,3.471,143,85,461,254.84,44.984425753355026,-93.23296585120261,6442051108
2021-03-16T23:27:51Z,1558.73,3.471,142,85,462,254.76,44.98440731316805,-93.23292846791446,6442051108
2021-03-16T23:27:52Z,1562.22,3.471,143,85,463,254.77,44.98439549468458,-93.23288739658892,6442051108
2021-03-16T23:27:53Z,1565.41,3.471,143,85,464,254.49,44.984395829960704,-93.23284699581563,6442051108
2021-03-16T23:27:54Z,1568.33,3.471,143,85,465,254.45,44.98440689407289,-93.23281313292682,6442051108
2021-03-16T23:27:55Z,1571.29,3.462,143,84,466,254.39,44.98443136923015,-93.23279678821564,6442051108
2021-03-16T23:27:56Z,1575.08,3.462,143,84,467,254.36,44.984464729204774,-93.23278538882732,6442051108
2021-03-16T23:27:57Z,1578.9,3.462,143,84,468,254.35,44.98449825681746,-93.23277499526739,6442051108
2021-03-16T23:27:58Z,1582.23,3.452,143,84,469,254.37,44.984528347849846,-93.23277398943901,6442051108
2021-03-16T23:27:59Z,1585.16,3.462,143,85,470,254.46,44.98455290682614,-93.232787987217307,6442051108
2021-03-16T23:28:00Z,1588.03,3.462,144,85,471,254.47,44.98457008972764,-93.23281522840261,6442051108
2021-03-16T23:28:01Z,1591.3,3.452,145,86,472,254.51,44.98458802700043,-93.23284825310111,6442051108
2021-03-16T23:28:02Z,1594.7,3.443,143,86,473,254.5,44.98460319824517,-93.23288580402732,6442051108
2021-03-16T23:28:03Z,1598.66,3.443,144,85,474,254.56,44.98462373390794,-93.23292679153383,6442051108
2021-03-16T23:28:04Z,1602.38,3.443,143,85,475,254.55,44.98464175499976,-93.23296668939292,6442051108
2021-03-16T23:28:05Z,1605.8,3.452,144,84,476,254.53,44.98465759679675,-93.23300398886204,6442051108
2021-03-16T23:28:06Z,1609.19,3.452,144,84,477,254.62,44.98467159457505,-93.23304237797856,6442051108
2021-03-16T23:28:07Z,1612.27,3.452,144,84,478,254.6,44.98468575999141,-93.23307598941028,6442051108
2021-03-16T23:28:08Z,1615.34,3.452,145,84,479,254.68,44.984700763598084,-93.23310884647071,6442051108
2021-03-16T23:28:09Z,1618.52,3.443,144,84,480,254.68,44.98471417464316,-93.23314463719726,6442051108
2021-03-16T23:28:10Z,1621.48,3.443,145,84,481,254.64,44.9847293458879,-93.23317573405802,6442051108
2021-03-16T23:28:11Z,1624.3,3.443,146,83,482,254.71,44.984740912914276,-93.2332076691091,6442051108
2021-03-16T23:28:12Z,1627.45,3.443,145,83,483,254.65,44.984755497425795,-93.23324195109308,6442051108
2021-03-16T23:28:13Z,1630.71,3.434,146,83,484,254.69,44.984774105250835,-93.23327438905835,6442051108
2021-03-16T23:28:14Z,1634.12,3.424,146,83,485,254.66,44.98479011468589,-93.23331135325134,6442051108
2021-03-16T23:28:15Z,1637.37,3.424,146,84,486,254.64,44.984805788844824,-93.2333463896066,6442051108
2021-03-16T23:28:16Z,1640.72,3.424,147,85,487,254.72,44.9848191998899,-93.23338435962796,6442051108
2021-03-16T23:28:17Z,1644.28,3.424,147,85,488,254.67,44.98483386822045,-93.23342450894415,6442051108
2021-03-16T23:28:18Z,1647.79,3.424,146,84,489,254.73,44.98485046438873,-93.23346264660358,6442051108
2021-03-16T23:28:19Z,1651.08,3.424,147,84,490,254.68,44.984863959252834,-93.23349986225367,6442051108
2021-03-16T23:28:20Z,1654.41,3.424,148,84,491,254.62,44.98487879522145,-93.23353674262762,6442051108
2021-03-16T23:28:21Z,1657.63,3.424,147,84,492,254.69,44.98489463701844,-93.23357094079256,6442051108
2021-03-16T23:28:22Z,1660.71,3.424,147,83,493,254.62,44.98490930534899,-93.23360421694815,6442051108
